1;fr;Quel petit récipient en verre et à large ouverture peut être fermé hermétiquement ?;Bocal;Aquarium;Fiole;Balsamaire;Débutant;Pour les conserves de fruits, on utilise un bocal en verre fermé hermétiquement par un couvercle et muni d'un joint en caoutchouc.;https://fr.wikipedia.org/wiki/Bocal_(récipient)
2;fr;Quel contenant métallique hermétique s'ouvre à l'aide d'un ouvre-boîte ?;Boîte de conserve;Canette;Ballotin;Fût;Débutant;Du soin mis à sa fabrication et de la qualité hygiénique des produits conservés dépend la qualité sanitaire de la nourriture.;https://fr.wikipedia.org/wiki/Boîte_de_conserve
3;fr;Quelle boîte, souvent en bois léger, sert à transporter des marchandises ?;Caisse;Valise;Jerrican;Blister;Débutant;Les caisses en bois sont fabriquées en plusieurs parties qui sont ensuite assemblées soit avant livraison, soit chez le client.;https://fr.wikipedia.org/wiki/Caisse_(contenant)
4;fr;Quel récipient cylindrique sert à conserver l'eau, le lait, le vin, la bière et l'huile ?;Bouteille;Bocal;Flacon;Fût;Débutant;Après plusieurs décennies d'usage dominant, le verre a reculé au profit des plastiques (PVC puis PET principalement).;https://fr.wikipedia.org/wiki/Bouteille
5;fr;Quelle boîte, en aluminium ou fer-blanc, contient bien souvent une boisson ?;Canette;Boîte de conserve;Bocal;Étui;Débutant;La fabrication actuelle des canettes crée sur le couvercle une cavité qui peut éventuellement permettre à des poussières de s'y loger.;https://fr.wikipedia.org/wiki/Canette_(alimentaire)
6;fr;En papeterie, quel pliage scellé est destiné à contenir du courrier ?;Enveloppe;Classeur;Farde;Buvard;Débutant;Certains services postaux commercialisent des enveloppes préaffranchies, parfois décorées selon des thèmes d'actualité.;https://fr.wikipedia.org/wiki/Enveloppe_(papeterie)
7;fr;Quel emballage non biodégradable a été retiré des grandes surfaces ?;Sac plastique;Sac sous vide;Sac à vêtements;Sac de survie;Débutant;Les sacs en plastique emportés par le vent, les inondations et cours d'eau comptent pour beaucoup dans les déchets marins.;https://fr.wikipedia.org/wiki/Sac_plastique
8;fr;Dans quoi range-t-on ses vêtements avant de les embarquer en avion ?;Valise;Caisse;Papier bulle;Coffret;Débutant;Depuis les attentats du 11 septembre 2001, presque toutes les sociétés inspectent les valises de façon manuelle ou automatique.;https://fr.wikipedia.org/wiki/Valise
9;fr;Quel sac, utilisé pour transporter les déchets, peut être de plusieurs couleurs ?;Sac-poubelle;Sac banane;Sac de couchage;Sac en papier;Débutant;Toutefois, l'application du plan Vigipirate a entraîné en France l'utilisation dans les lieux publics de sacs transparents.;https://fr.wikipedia.org/wiki/Sac-poubelle
10;fr;Dans quel emballage un client peut-il emporter les restes de son repas ?;Doggy bag;Valise;Coffre;Jerrican;Confirmé;Cette pratique est assez fréquente dans les restaurants italiens et asiatiques, qui combinent consommation sur place et à emporter.;https://fr.wikipedia.org/wiki/Doggy_bag
11;fr;Quel terme désigne certains types de papiers caractérisés par une rigidité ?;Carton;Enveloppe;Papier bulle;Ballotin;Confirmé;Pour améliorer leur profil, certains cartons sont passés entre deux ou plusieurs rouleaux horizontaux selon le procédé du calandrage.;https://fr.wikipedia.org/wiki/Carton_(matériau)
12;fr;Dans quel emballage l'air a-t-il été retiré pour préserver son contenu ?;Sac sous vide;Sac-poubelle;Tetra Brik;Boîte de conserve;Confirmé;Les premiers aliments à bénéficier de cette technique furent les arachides décortiquées ainsi que le café torréfié et moulu.;https://fr.wikipedia.org/wiki/Sac_sous_vide
13;fr;Quel récipient est très répandu dans l'industrie pharmaceutique et cosmétique ?;Flacon;Bocal;Jerrican;Fût;Confirmé;Un flacon est souvent muni d'un bouchon étanche, destiné à conserver des produits liquides pouvant s'altérer avec l'air.;https://fr.wikipedia.org/wiki/Flacon
14;fr;Quel matériau plastique transparent est utilisé pour emballer des objets fragiles ?;Papier bulle;Cellophane;Blister;Tetra Brik;Confirmé;Des hémisphères protubérants remplies d'air sont régulièrement espacés pour procurer un coussin protégeant les objets fragiles.;https://fr.wikipedia.org/wiki/Papier_bulle
15;fr;Quelle représentation graphique numérique est présente sur les emballages ?;Code-barres;Marque;Droits réservés;Poids net;Confirmé;Il existe des milliers de codes-barres différents, ceux-ci étant destinés à une lecture automatisée par un capteur électronique.;https://fr.wikipedia.org/wiki/Code-barres
16;fr;Quel meuble fermé a servi à la fois d'armoire, de banc et de bagage ?;Coffre;Étui;Valise;Carton;Confirmé;Au XVIe siècle, les gens privilégièrent des coffres portatifs plus légers, remplaçant le bois massif par des assemblages de panneaux.;https://fr.wikipedia.org/wiki/Coffre
17;fr;Quel traitement des déchets ménagers tient compte du type d'emballage ?;Recyclage;Drainage;Essorage;Compostage;Confirmé;Depuis 2007, la production, le stockage, le traitement et le recyclage des déchets sont encadrés en Europe par une législation élaborée.;https://fr.wikipedia.org/wiki/Recyclage
18;fr;Quel étui non rigide rembourré est utilisé pour le transport d'un instrument de musique ?;Housse;Coffret;Blister;Valise;Confirmé;Les matériaux utilisés pour la confection des housses peuvent être le cuir, les tissus de bagagerie étanches ou non comme le Cordura.;https://fr.wikipedia.org/wiki/Housse_(musique)
19;fr;Quel nom de marque d'emballage en carton est produit par Tetra Pak ?;Tetra Brik;Tetra Brak;Tetra Brok;Tetra Bruk;Confirmé;Sa forme est cubique ou cuboïde, et il est disponible avec ou sans un bouchon (qui peut être différent).;https://fr.wikipedia.org/wiki/Tetra_Brik
20;fr;Quelle petite boîte en carton est destinée à contenir des pralines ?;Ballotin;Jerrican;Blister;Doggy bag;Expert;C'est Louise Agostini, l'épouse de Jean Neuhaus, qui créa ce type d'emballage en 1915, pour les pralines de la société de son mari.;https://fr.wikipedia.org/wiki/Ballotin
21;fr;Quel sac en papier pliable est typiquement disposé dans les avions ?;Sac à vomi;Sac de survie;Sac sous vide;Sac à vêtements;Expert;Le sac à vomi, accessoire présent sur chaque siège, est souvent réalisé en papier, l'intérieur étant plastifié pour l'imperméabiliser.;https://fr.wikipedia.org/wiki/Sac_à_vomi
22;fr;Quel petit meuble fermé à clef est destiné à renfermer des objets de valeur ?;Coffret;Boîte de conserve;Valise;Ballotin;Expert;La notion de coffret s'est aujourd'hui élargie à des formes de conditionnement pour la commercialisation de certains produits.;https://fr.wikipedia.org/wiki/Coffret
23;fr;Quel bidon pour carburant, en acier, a été inventé en Allemagne en 1936 ?;Jerrican;Kraft;Tetra Brik;Canette;Expert;Le mot désigne désormais tout bidon de plus de vingt litres, jadis en acier, désormais en plastique, notamment en PEHD.;https://fr.wikipedia.org/wiki/Jerrican
24;fr;Quelle petite valise est aussi appelée mallette ou attaché-case ?;Porte-documents;Housse;Doggy bag;Étui;Expert;Le porte-documents est surtout utilisé dans un cadre professionnel : il sert à transporter papiers importants et ordinateurs portables.;https://fr.wikipedia.org/wiki/Porte-documents
25;fr;Dans quel emballage sont présentés les médicaments en plaquettes ?;Blister;Sac sous vide;Étui;Cellophane;Expert;Cette disposition permet d'agrandir la taille de l'objet, de le valoriser dans un écrin, et d'empêcher de le manipuler ou le détériorer.;https://fr.wikipedia.org/wiki/Blister
26;fr;Quel contenant cylindrique est destiné au transport de marchandises en vrac ?;Fût;Housse;Caisse;Bocal;Expert;Le fût industriel, qui a généralement une large ouverture, peut être certifié pour transporter des matières dangereuses.;https://fr.wikipedia.org/wiki/Fût_(récipient)
27;fr;Quel petit emballage est souvent fait de gaze de papier ou de soie ?;Sachet de thé;Sac à vomi;Ballotin;Doggy bag;Expert;La plupart des sachets de thé ont une ficelle liée qui aide à identifier, enlever et quelquefois essorer le sachet après infusion.;https://fr.wikipedia.org/wiki/Sachet_de_thé
28;fr;Quel papier d'emballage très résistant est fabriqué en pâte à papier ?;Kraft;Sulfurisé;Glassine;Essuie-tout;Expert;Le mot allemand Kraft (signifiant force) est à l'origine de l'appellation papier kraft, désignant un papier particulièrement solide.;https://fr.wikipedia.org/wiki/Papier_kraft
29;fr;Quel emballage alimentaire est constitué d'un film fin et transparent ?;Cellophane;Étui;Papier bulle;Housse;Expert;C'est un matériau très utilisé pour les emballages alimentaires du fait de sa transparence et de son étanchéité aux micro-organismes.;https://fr.wikipedia.org/wiki/Cellophane
30;fr;Dans quoi range-t-on un rasoir, un lecteur MP3 ou une console portable ?;Étui;Sac plastique;Carton;Papier bulle;Débutant;Ils sont généralement confectionnés dans des matières solides, mais rigides, ou légèrement souples, tel que le cuir ou le plastique.;https://fr.wikipedia.org/wiki/Étui_(protection)
1;en;What small, wide-mouthed glass container can be sealed tightly ?;Jar;Aquarium;Vial;Balsamaire;Débutant;For canned fruit, we use a glass jar sealed tightly with a lid and fitted with a rubber seal.;
2;en;Which airtight metal container opens with a can opener ?;Tin can;Can;Ballotin;Barrel;Débutant;The health quality of the food depends on the care taken in its manufacturing and the hygienic quality of the preserved products.;
3;en;Which box, often made of light wood, is used to transport goods ?;Checkout;Suitcase;Jerrycan;Blister;Débutant;Wooden boxes are manufactured in several parts which are then assembled either before delivery or at the customer's site.;
4;en;Which cylindrical container is used to store water, milk, wine, beer and oil ?;Bottle;Jar;Bottle;Barrel;Débutant;After several decades of dominant use, glass has declined in favor of plastics (mainly PVC then PET).;https://en.wikipedia.org/wiki/Bottle
5;en;Which can, aluminum or tin, often contains a drink ?;Can;Tin can;Jar;Case;Débutant;The current manufacturing of cans creates a cavity on the lid which can possibly allow dust to lodge there.;https://en.wikipedia.org/wiki/Drink_can
6;en;In stationery, which sealed folder is intended to contain mail ?;Envelope;Binder;Folder;Blotter;Débutant;Some postal services sell pre-franked envelopes, sometimes decorated with current themes.;https://en.wikipedia.org/wiki/Envelope
7;en;What non-biodegradable packaging has been removed from supermarkets ?;Plastic bag;Vacuum bag;Garment bag;Survival bag;Débutant;Plastic bags blown away by wind, floods and rivers account for a lot of marine litter.;https://en.wikipedia.org/wiki/Plastic_bag
8;en;What do you put your clothes in before taking them on a plane ?;Suitcase;Checkout;Bubble wrap;Box;Débutant;Since the attacks of September 11, 2001, almost all companies inspect suitcases manually or automatically.;https://en.wikipedia.org/wiki/Suitcase
9;en;Which bag, used to transport waste, can be of several colors ?;Garbage bag;Fanny pack;Sleeping bag;Paper bag;Débutant;However, the application of the Vigipirate plan has led to the use of transparent bags in public places in France.;https://en.wikipedia.org/wiki/Bin bag
10;en;In what packaging can a customer take leftovers from their meal ?;Doggy bag;Suitcase;Chest;Jerrycan;Confirmé;This practice is quite common in Italian and Asian restaurants, which combine on-site consumption and take-out.;https://en.wikipedia.org/wiki/Leftovers#Doggy_bag
11;en;What term refers to certain types of paper characterized by rigidity ?;Cardboard;Envelope;Bubble wrap;Ballotin;Confirmé;To improve their profile, certain cartons are passed between two or more horizontal rollers using the calendering process.;
12;en;In what packaging has the air been removed to preserve its contents ?;Vacuum bag;Garbage bag;Tetra Brick;Tin can;Confirmé;The first foods to benefit from this technique were shelled peanuts and roasted and ground coffee.;https://en.wikipedia.org/wiki/Vacuum_packing
13;en;Which container is very common in the pharmaceutical and cosmetic industry ?;Bottle;Jar;Jerrycan;Barrel;Confirmé;A bottle is often equipped with a waterproof cap, intended to preserve liquid products that can deteriorate in the air.;https://en.wikipedia.org/wiki/Flacon
14;en;What transparent plastic material is used to package fragile items ?;Bubble wrap;Cellophane;Blister;Tetra Brick;Confirmé;Protruding air-filled hemispheres are evenly spaced to provide a cushion to protect fragile objects.;https://en.wikipedia.org/wiki/Bubble_wrap
15;en;What digital graphic representation is present on the packaging ?;Barcode;Brand;Rights reserved;Net weight;Confirmé;There are thousands of different barcodes, these being intended for automated reading by an electronic sensor.;https://en.wikipedia.org/wiki/Barcode
16;en;What closed piece of furniture served as a wardrobe, bench and luggage ?;Chest;Case;Suitcase;Cardboard;Confirmé;In the 16th century, people favored lighter portable chests, replacing solid wood with assemblies of panels.;https://en.wikipedia.org/wiki/Chest (furniture)
17;en;What treatment of household waste takes into account the type of packaging ?;Recycling;Drainage;Spin;Composting;Confirmé;Since 2007, the production, storage, treatment and recycling of waste have been regulated in Europe by elaborate legislation.;https://en.wikipedia.org/wiki/Recycling
18;en;What padded non-rigid case is used for carrying a musical instrument ?;Cover;Box;Blister;Suitcase;Confirmé;The materials used to make the covers can be leather, waterproof or non-waterproof luggage fabrics such as Cordura.;https://en.wikipedia.org/wiki/Gig_bag
19;en;What brand name of cardboard packaging is produced by Tetra Pak ?;Tetra Brick;Tetra Brak;Tetra Brok;Tetra Bruk;Confirmé;Its shape is cubic or cuboid, and it is available with or without a cap (which may be different).;https://en.wikipedia.org/wiki/Tetra_Brik
20;en;Which small cardboard box is intended to contain pralines ?;Ballotin;Jerrycan;Blister;Doggy bag;Expert;It was Louise Agostini, the wife of Jean Neuhaus, who created this type of packaging in 1915, for the pralines of her husband's company.;
21;en;What foldable paper bag is typically placed on airplanes ?;Vomit bag;Survival bag;Vacuum bag;Garment bag;Expert;The vomit bag, an accessory present on each seat, is often made of paper, the interior being laminated to make it waterproof.;
22;en;What small, locked piece of furniture is intended to contain valuable objects ?;Box;Tin can;Suitcase;Ballotin;Expert;The notion of box has today been extended to forms of packaging for the marketing of certain products.;https://en.wikipedia.org/wiki/Casket (decorative box)
23;en;What steel fuel can was invented in Germany in 1936 ?;Jerrycan;Kraft;Tetra Brick;Can;Expert;The word now refers to any container of more than twenty liters, formerly made of steel, now made of plastic, notably HDPE.;https://en.wikipedia.org/wiki/Jerrycan
24;en;Which small suitcase is also called a briefcase or briefcase ?;Briefcase;Cover;Doggy bag;Case;Expert;The briefcase is mainly used in a professional setting : it is used to carry important papers and laptops.;https://en.wikipedia.org/wiki/Briefcase
25;en;What packaging are the medicines in blister packs presented in ?;Blister;Vacuum bag;Case;Cellophane;Expert;This arrangement makes it possible to enlarge the size of the object, to enhance it in a case, and to prevent it from being manipulated or damaged.;https://en.wikipedia.org/wiki/Blister pack
26;en;Which cylindrical container is intended for transporting bulk goods ?;Barrel;Cover;Checkout;Jar;Expert;The industrial drum, which usually has a wide opening, can be certified to transport hazardous materials.;
27;en;What small wrapper is often made of paper or silk gauze ?;Tea bag;Vomit bag;Ballotin;Doggy bag;Expert;Most tea bags have a tied string that helps identify, remove and sometimes wring out the bag after brewing.;
28;en;Which heavy duty wrapping paper is made from paper pulp ?;Kraft;Sulfurized;Glassine;Paper towel;Expert;The German word Kraft (meaning strength) is the origin of the name kraft paper, designating a particularly strong paper.;https://en.wikipedia.org/wiki/Kraft_paper
29;en;Which food packaging is made of a thin, transparent film ?;Cellophane;Case;Bubble wrap;Cover;Expert;It is a material widely used for food packaging due to its transparency and its impermeability to micro-organisms.;https://en.wikipedia.org/wiki/Cellophane
30;en;Where do you store a razor, MP3 player or portable console ?;Case;Plastic bag;Cardboard;Bubble wrap;Débutant;They are generally made of solid, but rigid, or slightly flexible materials, such as leather or plastic.;
1;de;Welcher kleine Weithals-Glasbehälter lässt sich dicht verschließen ?;Glas;Aquarium;Fläschchen;Balsamaire;Débutant;Für Obstkonserven verwenden wir ein Glasgefäß, das mit einem Deckel fest verschlossen und mit einer Gummidichtung versehen ist.;
2;de;Welcher luftdichte Metallbehälter lässt sich mit einem Dosenöffner öffnen ?;Blechdose;Kann;Abstimmung;Fass;Débutant;Die gesundheitliche Qualität der Lebensmittel hängt von der Sorgfalt bei der Herstellung und der hygienischen Qualität der konservierten Produkte ab.;
3;de;In welcher Kiste, oft aus hellem Holz, werden Waren transportiert ?;Kasse;Koffer;Kanister;Blister;Débutant;Holzkisten werden in mehreren Teilen hergestellt, die dann entweder vor der Lieferung oder beim Kunden vor Ort zusammengebaut werden.;
4;de;In welchem zylindrischen Behälter werden Wasser, Milch, Wein, Bier und Öl aufbewahrt ?;Flasche;Glas;Flasche;Fass;Débutant;Nach mehreren Jahrzehnten dominierender Verwendung ist Glas zugunsten von Kunststoffen (hauptsächlich PVC, dann PET) zurückgegangen.;https://de.wikipedia.org/wiki/Flasche
5;de;In welcher Dose, Aluminium oder Dose, ist häufig ein Getränk enthalten ?;Kann;Blechdose;Glas;Fall;Débutant;Bei der derzeitigen Herstellung von Dosen entsteht im Deckel ein Hohlraum, in dem sich möglicherweise Staub festsetzen kann.;https://de.wikipedia.org/wiki/Getränkedose
6;de;Welche versiegelte Mappe soll bei Briefpapier die Post enthalten ?;Umschlag;Bindemittel;Ordner;Löschpapier;Débutant;Einige Postdienste verkaufen vorfrankierte Umschläge, manchmal mit aktuellen Themen dekoriert.;https://de.wikipedia.org/wiki/Briefumschlag
7;de;Welche nicht biologisch abbaubaren Verpackungen wurden aus Supermärkten entfernt ?;Plastiktüte;Vakuumbeutel;Kleidersack;Überlebenstasche;Débutant;Durch Wind, Überschwemmungen und Flüsse weggewehte Plastiktüten sind ein großer Teil des Meeresmülls.;https://de.wikipedia.org/wiki/Plastiktüte
8;de;Womit ziehst du deine Kleidung an, bevor du sie ins Flugzeug mitnimmst ?;Koffer;Kasse;Luftpolsterfolie;Kiste;Débutant;Seit den Anschlägen vom 11. September 2001 prüfen fast alle Unternehmen Koffer manuell oder automatisch.;https://de.wikipedia.org/wiki/Koffer
9;de;Welcher Sack zum Transport von Abfällen kann mehrere Farben haben ?;Müllsack;Gürteltasche;Schlafsack;Papiertüte;Débutant;Die Anwendung des Vigipirate-Plans hat jedoch dazu geführt, dass in Frankreich an öffentlichen Orten transparente Beutel verwendet werden.;https://de.wikipedia.org/wiki/Müllsack
10;de;In welcher Verpackung kann ein Kunde Essensreste mitnehmen ?;Hundetasche;Koffer;Truhe;Kanister;Confirmé;Diese Praxis ist in italienischen und asiatischen Restaurants weit verbreitet, die den Verzehr vor Ort und den Verzehr zum Mitnehmen kombinieren.;https://de.wikipedia.org/wiki/Doggybag
11;de;Welcher Begriff bezieht sich auf bestimmte Papiersorten, die sich durch Steifheit auszeichnen ?;Karton;Umschlag;Luftpolsterfolie;Abstimmung;Confirmé;Um ihr Profil zu verbessern, werden bestimmte Kartons im Kalandrierungsverfahren zwischen zwei oder mehr horizontalen Walzen geführt.;
12;de;In welcher Verpackung wurde die Luft entfernt, um den Inhalt zu konservieren ?;Vakuumbeutel;Müllsack;Tetra Brick;Blechdose;Confirmé;Die ersten Lebensmittel, die von dieser Technik profitierten, waren geschälte Erdnüsse sowie gerösteter und gemahlener Kaffee.;https://de.wikipedia.org/wiki/Vakuumverpackung
13;de;Welcher Behälter ist in der Pharma- und Kosmetikindustrie sehr verbreitet ?;Flasche;Glas;Kanister;Fass;Confirmé;Eine Flasche ist oft mit einem wasserdichten Verschluss ausgestattet, der dazu dient, flüssige Produkte aufzubewahren, die an der Luft verderben können.;https://de.wikipedia.org/wiki/Flakon
14;de;Welches transparente Kunststoffmaterial wird zum Verpacken zerbrechlicher Gegenstände verwendet ?;Luftpolsterfolie;Cellophan;Blister;Tetra Brick;Confirmé;Vorstehende, luftgefüllte Halbkugeln sind gleichmäßig verteilt und bieten eine Polsterung zum Schutz zerbrechlicher Gegenstände.;https://de.wikipedia.org/wiki/Luftpolsterfolie
15;de;Welche digitale grafische Darstellung ist auf der Verpackung vorhanden ?;Barcode;Marke;Rechte vorbehalten;Nettogewicht;Confirmé;Es gibt Tausende verschiedener Barcodes, die zum automatischen Lesen durch einen elektronischen Sensor bestimmt sind.;https://de.wikipedia.org/wiki/Strichcode
16;de;Welches geschlossene Möbelstück diente als Kleiderschrank, Bank und Gepäck ?;Truhe;Fall;Koffer;Karton;Confirmé;Im 16. Jahrhundert bevorzugten die Menschen leichtere tragbare Truhen und ersetzten Massivholz durch Zusammensätze aus Paneelen.;https://de.wikipedia.org/wiki/Truhe
17;de;Welche Behandlung von Hausmüll berücksichtigt die Art der Verpackung ?;Recycling;Entwässerung;Drehen;Kompostierung;Confirmé;Seit 2007 werden in Europa die Produktion, Lagerung, Behandlung und Verwertung von Abfällen durch aufwändige Gesetze geregelt.;https://de.wikipedia.org/wiki/Recycling
18;de;Welcher gepolsterte, flexible Koffer wird zum Tragen eines Musikinstruments verwendet ?;Abdeckung;Kiste;Blister;Koffer;Confirmé;Als Materialien für die Bezüge können Leder, wasserdichte oder nicht wasserdichte Gepäckstoffe wie Cordura verwendet werden.;https://de.wikipedia.org/wiki/Gigbag
19;de;Unter welchem Markennamen werden Kartonverpackungen von Tetra Pak hergestellt ?;Tetra Brick;Tetra Brak;Tetra Brok;Tetra Bruk;Confirmé;Seine Form ist kubisch oder quaderförmig und es ist mit oder ohne Kappe (die unterschiedlich sein kann) erhältlich.;https://de.wikipedia.org/wiki/Tetra_Brik
20;de;Welche kleine Pappschachtel soll Pralinen enthalten ?;Abstimmung;Kanister;Blister;Hundetasche;Expert;Es war Louise Agostini, die Frau von Jean Neuhaus, die 1915 diese Art der Verpackung für die Pralinen der Firma ihres Mannes kreierte.;
21;de;Welche faltbare Papiertüte wird normalerweise in Flugzeugen platziert ?;Erbrochener Beutel;Überlebenstasche;Vakuumbeutel;Kleidersack;Expert;Der Erbrochenebeutel, ein Accessoire, das auf jedem Sitz vorhanden ist, besteht oft aus Papier, dessen Innenseite wasserdicht laminiert ist.;
22;de;Welches kleine, verschlossene Möbelstück soll wertvolle Gegenstände enthalten ?;Kiste;Blechdose;Koffer;Abstimmung;Expert;Der Begriff der Schachtel wird heute auf Verpackungsformen für die Vermarktung bestimmter Produkte ausgeweitet.;https://de.wikipedia.org/wiki/Schatulle
23;de;Welcher Brennstoffkanister aus Stahl wurde 1936 in Deutschland erfunden ?;Kanister;Kraft;Tetra Brick;Kann;Expert;Das Wort bezieht sich jetzt auf alle Behälter mit mehr als zwanzig Litern, früher aus Stahl, jetzt aus Kunststoff, insbesondere HDPE.;https://de.wikipedia.org/wiki/Wehrmacht-Einheitskanister
24;de;Welcher kleine Koffer wird auch Aktenkoffer oder Aktentasche genannt ?;Aktentasche;Abdeckung;Hundetasche;Fall;Expert;Die Aktentasche kommt vor allem im beruflichen Umfeld zum Einsatz : Sie dient dem Transport wichtiger Unterlagen und Laptops.;https://de.wikipedia.org/wiki/Aktentasche
25;de;In welcher Verpackung sind die Arzneimittel in Blisterpackungen erhältlich ?;Blister;Vakuumbeutel;Fall;Cellophan;Expert;Diese Anordnung ermöglicht es, die Größe des Objekts zu vergrößern, es in einem Gehäuse aufzuwerten und zu verhindern, dass es manipuliert oder beschädigt wird.;https://de.wikipedia.org/wiki/Sichtverpackung
26;de;Welcher zylindrische Behälter ist für den Transport von Schüttgütern vorgesehen ?;Fass;Abdeckung;Kasse;Glas;Expert;Das Industriefass, das meist eine weite Öffnung hat, kann für den Transport gefährlicher Stoffe zertifiziert werden.;
27;de;Welche kleine Hülle besteht oft aus Papier oder Seidengaze ?;Teebeutel;Erbrochener Beutel;Abstimmung;Hundetasche;Expert;Die meisten Teebeutel haben eine gebundene Schnur, die dabei hilft, den Beutel nach dem Aufbrühen zu identifizieren, zu entfernen und manchmal auszuwringen.;
28;de;Welches robuste Geschenkpapier wird aus Papierzellstoff hergestellt ?;Kraft;Geschwefelt;Pergamin;Papiertuch;Expert;Der Name Kraftpapier geht auf das deutsche Wort Kraft (Stärke) zurück und bezeichnet ein besonders starkes Papier.;https://de.wikipedia.org/wiki/Kraftpapier
29;de;Welche Lebensmittelverpackung besteht aus einer dünnen, transparenten Folie ?;Cellophan;Fall;Luftpolsterfolie;Abdeckung;Expert;Aufgrund seiner Transparenz und Undurchlässigkeit für Mikroorganismen ist es ein weit verbreitetes Material für Lebensmittelverpackungen.;https://de.wikipedia.org/wiki/Cellulosehydrat
30;de;Wo bewahren Sie einen Rasierer, einen MP3-Player oder eine tragbare Konsole auf ?;Fall;Plastiktüte;Karton;Luftpolsterfolie;Débutant;Sie bestehen im Allgemeinen aus festen, aber starren oder leicht flexiblen Materialien wie Leder oder Kunststoff.;
1;es;¿Qué recipiente de vidrio pequeño y de boca ancha se puede cerrar herméticamente ?;Tarro;Acuario;Vial;Balsamario;Débutant;Para la fruta enlatada, utilizamos un frasco de vidrio cerrado herméticamente con una tapa y provisto de un sello de goma.;
2;es;¿Qué recipiente metálico hermético se abre con un abrelatas ?;Lata de hojalata;Puede;votación;barril;Débutant;La calidad sanitaria de los alimentos depende del cuidado en su elaboración y de la calidad higiénica de las conservas.;
3;es;¿Qué caja, a menudo de madera clara, se utiliza para transportar mercancías ?;Pagar;Maleta;Jerrycano;Ampolla;Débutant;Las cajas de madera se fabrican en varias piezas que luego se ensamblan antes de la entrega o en las instalaciones del cliente.;
4;es;¿Qué recipiente cilíndrico se utiliza para almacenar agua, leche, vino, cerveza y aceite ?;Botella;Tarro;Botella;barril;Débutant;Después de varias décadas de uso dominante, el vidrio ha decaído en favor de los plásticos (principalmente PVC y luego PET).;https://es.wikipedia.org/wiki/Botella
5;es;¿Qué lata, de aluminio o de estaño, suele contener una bebida ?;Puede;Lata de hojalata;Tarro;Caso;Débutant;La fabricación actual de latas crea una cavidad en la tapa que puede permitir que el polvo se aloje allí.;https://es.wikipedia.org/wiki/Lata_de_bebida
6;es;En papelería, ¿qué carpeta sellada está destinada a contener el correo ?;Sobre;Carpeta;Carpeta;Papel secante;Débutant;Algunos servicios postales venden sobres prefranqueados, a veces decorados con temas actuales.;https://es.wikipedia.org/wiki/Sobre
7;es;¿Qué envases no biodegradables se han retirado de los supermercados ?;Bolsa de plástico;Bolsa de vacío;Portatrajes;Bolsa de supervivencia;Débutant;Las bolsas de plástico arrastradas por el viento, las inundaciones y los ríos representan una gran cantidad de basura marina.;https://es.wikipedia.org/wiki/Bolsa_de_plástico
8;es;¿En qué te pones la ropa antes de subirla a un avión ?;Maleta;Pagar;Plástico de burbujas;Caja;Débutant;Desde los atentados del 11 de septiembre de 2001, casi todas las empresas inspeccionan las maletas de forma manual o automática.;https://es.wikipedia.org/wiki/Maleta
9;es;¿Qué bolsa, utilizada para transportar residuos, puede ser de varios colores ?;Bolsa de basura;Riñonera;Saco de dormir;Bolsa de papel;Débutant;Sin embargo, la aplicación del plan Vigipirate ha propiciado el uso de bolsas transparentes en los lugares públicos de Francia.;https://es.wikipedia.org/wiki/Bolsa de basura
10;es;¿En qué envase puede un cliente recoger las sobras de su comida ?;Bolsa para perros;Maleta;Pecho;Jerrycano;Confirmé;Esta práctica es bastante común en los restaurantes italianos y asiáticos, que combinan el consumo in situ y la comida para llevar.;
11;es;¿Qué término se refiere a ciertos tipos de papel caracterizados por su rigidez ?;Cartón;Sobre;Plástico de burbujas;votación;Confirmé;Para mejorar su perfil, determinadas cajas pasan entre dos o más rodillos horizontales mediante el proceso de calandrado.;
12;es;¿En qué embalaje se ha eliminado el aire para conservar su contenido ?;Bolsa de vacío;Bolsa de basura;Tetra ladrillo;Lata de hojalata;Confirmé;Los primeros alimentos que se beneficiaron de esta técnica fueron el maní sin cáscara y el café tostado y molido.;https://es.wikipedia.org/wiki/Envasado_al_vacío
13;es;¿Qué envase es muy común en la industria farmacéutica y cosmética ?;Botella;Tarro;Jerrycano;barril;Confirmé;Una botella suele estar equipada con un tapón impermeable, destinado a conservar los productos líquidos que pueden deteriorarse en el aire.;
14;es;¿Qué material plástico transparente se utiliza para empaquetar artículos frágiles ?;Plástico de burbujas;Celofán;Ampolla;Tetra ladrillo;Confirmé;Los hemisferios llenos de aire que sobresalen están espaciados uniformemente para proporcionar un cojín para proteger objetos frágiles.;https://es.wikipedia.org/wiki/Film_alveolar
15;es;¿Qué representación gráfica digital está presente en el embalaje ?;Código de barras;Marca;Derechos reservados;Peso neto;Confirmé;Hay miles de códigos de barras diferentes, que están destinados a ser leídos automáticamente mediante un sensor electrónico.;https://es.wikipedia.org/wiki/Código de barras
16;es;¿Qué mueble cerrado sirvió de armario, banco y equipaje ?;Pecho;Caso;Maleta;Cartón;Confirmé;En el siglo XVI, la gente prefería los cofres portátiles más ligeros, reemplazando la madera maciza por conjuntos de paneles.;https://es.wikipedia.org/wiki/Arcón
17;es;¿Qué tratamiento de los residuos domésticos tiene en cuenta el tipo de envase ?;Reciclaje;Drenaje;Girar;Compostaje;Confirmé;Desde 2007, la producción, el almacenamiento, el tratamiento y el reciclaje de residuos están regulados en Europa mediante una elaborada legislación.;https://es.wikipedia.org/wiki/Reciclaje
18;es;¿Qué estuche acolchado no rígido se utiliza para transportar un instrumento musical ?;Portada;Caja;Ampolla;Maleta;Confirmé;Los materiales utilizados para fabricar las fundas pueden ser cuero, telas para equipaje impermeables o no impermeables como Cordura.;
19;es;¿Qué marca de envases de cartón produce Tetra Pak ?;Tetra ladrillo;freno tetra;Tetra Brok;Tetra Bruk;Confirmé;Su forma es cúbica o cuboide y está disponible con o sin tapa (que puede ser diferente).;https://es.wikipedia.org/wiki/Tetra_Brik
20;es;¿Qué pequeña caja de cartón está destinada a contener bombones ?;votación;Jerrycano;Ampolla;Bolsa para perros;Expert;Fue Louise Agostini, la esposa de Jean Neuhaus, quien creó este tipo de envases en 1915, para los bombones de la empresa de su marido.;https://es.wikipedia.org/wiki/Ballotin
21;es;¿Qué bolsa de papel plegable se suele colocar en los aviones ?;Bolsa de vómito;Bolsa de supervivencia;Bolsa de vacío;Portatrajes;Expert;La bolsa para vómitos, accesorio presente en cada asiento, suele estar hecha de papel y el interior está laminado para hacerlo impermeable.;
22;es;¿Qué mueble pequeño y cerrado con llave está destinado a contener objetos valiosos ?;Caja;Lata de hojalata;Maleta;votación;Expert;La noción de caja se ha extendido hoy a formas de embalaje para la comercialización de determinados productos.;https://es.wikipedia.org/wiki/Joyero (mueble)
23;es;¿Qué lata de combustible de acero se inventó en Alemania en 1936 ?;Jerrycano;Kraft;Tetra ladrillo;Puede;Expert;La palabra ahora se refiere a cualquier recipiente de más de veinte litros, antes de acero, ahora de plástico, en particular HDPE.;
24;es;¿Qué maleta pequeña también se llama maletín o maletín ?;Maletín;Portada;Bolsa para perros;Caso;Expert;El maletín se utiliza principalmente en el ámbito profesional : sirve para llevar papeles importantes y portátiles.;https://es.wikipedia.org/wiki/Maletín
25;es;¿En qué envase se presentan los medicamentos en blister ?;Ampolla;Bolsa de vacío;Caso;Celofán;Expert;Esta disposición permite aumentar el tamaño del objeto, realzarlo en una caja y evitar que sea manipulado o dañado.;https://es.wikipedia.org/wiki/Blíster
26;es;¿Qué contenedor cilíndrico está destinado al transporte de mercancías a granel ?;barril;Portada;Pagar;Tarro;Expert;El bidón industrial, que suele tener una amplia apertura, puede estar certificado para transportar materiales peligrosos.;
27;es;¿Qué pequeño envoltorio suele estar hecho de papel o gasa de seda ?;Bolsa de té;Bolsa de vómito;votación;Bolsa para perros;Expert;La mayoría de las bolsitas de té tienen una cuerda atada que ayuda a identificar, retirar y, a veces, escurrir la bolsa después de prepararla.;
28;es;¿Qué papel de regalo resistente se fabrica con pulpa de papel ?;Kraft;Sulfurizado;Vidrio cristalino;Toalla de papel;Expert;La palabra alemana Kraft (que significa resistencia) es el origen del nombre de papel kraft, que designa un papel especialmente resistente.;https://es.wikipedia.org/wiki/Papel_de_estraza
29;es;¿Qué envases de alimentos están hechos de una película fina y transparente ?;Celofán;Caso;Plástico de burbujas;Portada;Expert;Es un material muy utilizado para el envasado de alimentos debido a su transparencia y su impermeabilidad a los microorganismos.;https://es.wikipedia.org/wiki/Celofán
30;es;¿Dónde guardas una afeitadora, un reproductor MP3 o una consola portátil ?;Caso;Bolsa de plástico;Cartón;Plástico de burbujas;Débutant;Generalmente están fabricados con materiales sólidos, pero rígidos o ligeramente flexibles, como cuero o plástico.;
1;it;Quale piccolo contenitore di vetro a bocca larga può essere sigillato ermeticamente ?;Vaso;Acquario;Fiala;Balsamaire;Débutant;Per la frutta in scatola utilizziamo un barattolo di vetro chiuso ermeticamente con un coperchio e dotato di guarnizione in gomma.;
2;it;Quale contenitore metallico ermetico si apre con un apriscatole ?;Barattolo di latta;Può;Ballotina;Barile;Débutant;La qualità sanitaria degli alimenti dipende dalla cura posta nella lavorazione e dalla qualità igienica dei prodotti conservati.;
3;it;Quale scatola, spesso di legno leggero, viene utilizzata per il trasporto delle merci ?;Acquista;Valigia;Tanica;Blister;Débutant;Le casse in legno vengono prodotte in più parti che vengono poi assemblate prima della consegna oppure presso la sede del cliente.;
4;it;In quale contenitore cilindrico si conservano acqua, latte, vino, birra e olio ?;Bottiglia;Vaso;Bottiglia;Barile;Débutant;Dopo diversi decenni di utilizzo dominante, il vetro ha subito un declino a favore della plastica (principalmente PVC e poi PET).;https://it.wikipedia.org/wiki/Bottiglia
5;it;Quale lattina, di alluminio o di latta, contiene spesso una bevanda ?;Può;Barattolo di latta;Vaso;Caso;Débutant;L'attuale produzione di lattine crea una cavità sul coperchio che può consentire l'accumulo di polvere.;
6;it;Nella cartoleria, quale cartella sigillata è destinata a contenere la posta ?;Busta;Raccoglitore;Cartella;Carta assorbente;Débutant;Alcuni servizi postali vendono buste preaffrancate, talvolta decorate con temi attuali.;https://it.wikipedia.org/wiki/Busta
7;it;Quali imballaggi non biodegradabili sono stati rimossi dai supermercati ?;Busta di plastica;Sacchetto sottovuoto;Borsa porta abiti;Borsa di sopravvivenza;Débutant;I sacchetti di plastica portati via dal vento, dalle inondazioni e dai fiumi rappresentano una grande quantità di rifiuti marini.;https://it.wikipedia.org/wiki/Sacchetto_di_plastica
8;it;Come metti i vestiti prima di portarli su un aereo ?;Valigia;Acquista;Pluriball;Scatola;Débutant;Dopo gli attentati dell'11 settembre 2001, quasi tutte le aziende ispezionano le valigie manualmente o automaticamente.;https://it.wikipedia.org/wiki/Valigia
9;it;Quale sacco, utilizzato per il trasporto dei rifiuti, può essere di più colori ?;Sacco della spazzatura;Marsupio;Sacco a pelo;Busta di carta;Débutant;Tuttavia, l'applicazione del piano Vigipirate ha portato all'utilizzo di sacchetti trasparenti nei luoghi pubblici francesi.;
10;it;In quale confezione un cliente può portare con sé gli avanzi del pasto ?;Borsa per cani;Valigia;Petto;Tanica;Confirmé;Questa pratica è abbastanza diffusa nei ristoranti italiani e asiatici, che abbinano la consumazione sul posto al take-away.;
11;it;Con quale termine si intendono determinate tipologie di carta caratterizzate da rigidità ?;Cartone;Busta;Pluriball;Ballotina;Confirmé;Per migliorarne il profilo, alcuni cartoni vengono fatti passare tra due o più rulli orizzontali mediante il processo di calandratura.;
12;it;In quale imballaggio è stata rimossa l'aria per preservarne il contenuto ?;Sacchetto sottovuoto;Sacco della spazzatura;Tetra Brick;Barattolo di latta;Confirmé;I primi alimenti a beneficiare di questa tecnica furono le arachidi sgusciate e il caffè tostato e macinato.;https://it.wikipedia.org/wiki/Confezionamento_sottovuoto
13;it;Quale contenitore è molto comune nell'industria farmaceutica e cosmetica ?;Bottiglia;Vaso;Tanica;Barile;Confirmé;Una bottiglia è spesso dotata di un tappo impermeabile, destinato a preservare i prodotti liquidi che possono deteriorarsi con l'aria.;
14;it;Quale materiale plastico trasparente viene utilizzato per imballare gli oggetti fragili ?;Pluriball;Cellophane;Blister;Tetra Brick;Confirmé;Gli emisferi sporgenti riempiti d'aria sono uniformemente distanziati per fornire un cuscino per proteggere gli oggetti fragili.;https://it.wikipedia.org/wiki/Pluriball
15;it;Quale rappresentazione grafica digitale è presente sulla confezione ?;Codice a barre;Marca;Diritti riservati;Peso netto;Confirmé;Esistono migliaia di codici a barre diversi, destinati alla lettura automatizzata da parte di un sensore elettronico.;https://it.wikipedia.org/wiki/Codice a barre
16;it;Quale mobile chiuso fungeva da armadio, panca e bagaglio ?;Petto;Caso;Valigia;Cartone;Confirmé;Nel XVI secolo, le persone preferivano cassapanche portatili più leggere, sostituendo il legno massiccio con assemblaggi di pannelli.;https://it.wikipedia.org/wiki/Baule
17;it;Quale trattamento dei rifiuti domestici tiene conto della tipologia di imballaggio ?;Riciclaggio;Drenaggio;Girare;Compostaggio;Confirmé;Dal 2007, la produzione, lo stoccaggio, il trattamento e il riciclaggio dei rifiuti sono regolati in Europa da una legislazione elaborata.;https://it.wikipedia.org/wiki/Riciclaggio dei rifiuti
18;it;Quale custodia imbottita non rigida viene utilizzata per trasportare uno strumento musicale ?;Copertina;Scatola;Blister;Valigia;Confirmé;I materiali utilizzati per realizzare le coperture possono essere pelle, tessuti da valigeria impermeabili o non impermeabili come il Cordura.;
19;it;Quale marca di imballaggi in cartone è prodotta da Tetra Pak ?;Tetra Brick;Tetra Brak;Tetra Brok;Tetra Bruk;Confirmé;La sua forma è cubica o cuboide ed è disponibile con o senza tappo (che può essere diverso).;
20;it;Quale scatolina di cartone è destinata a contenere le praline ?;Ballotina;Tanica;Blister;Borsa per cani;Expert;Fu Louise Agostini, moglie di Jean Neuhaus, a creare questo tipo di confezione nel 1915, per le praline dell'azienda del marito.;
21;it;Quale sacchetto di carta pieghevole viene solitamente posizionato sugli aerei ?;Borsa per vomito;Borsa di sopravvivenza;Sacchetto sottovuoto;Borsa porta abiti;Expert;Il sacchetto per il vomito, accessorio presente su ogni sedile, è spesso realizzato in carta, l'interno viene laminato per renderlo impermeabile.;
22;it;Quale piccolo mobile chiuso a chiave è destinato a contenere oggetti di valore ?;Scatola;Barattolo di latta;Valigia;Ballotina;Expert;La nozione di scatola è stata oggi estesa a forme di imballaggio destinate alla commercializzazione di determinati prodotti.;https://it.wikipedia.org/wiki/Scrigno
23;it;Quale tanica di acciaio è stata inventata in Germania nel 1936 ?;Tanica;Kraft;Tetra Brick;Può;Expert;La parola ora si riferisce a qualsiasi contenitore di più di venti litri, precedentemente in acciaio, ora in plastica, in particolare HDPE.;
24;it;Quale piccola valigia è anche chiamata valigetta o valigetta ?;Valigetta;Copertina;Borsa per cani;Caso;Expert;La cartella viene utilizzata principalmente in ambito professionale : viene utilizzata per trasportare documenti importanti e laptop.;
25;it;In quale confezione sono presentati i medicinali in blister ?;Blister;Sacchetto sottovuoto;Caso;Cellophane;Expert;Questa disposizione consente di ingrandire le dimensioni dell'oggetto, di valorizzarlo in una custodia e di evitare che venga manipolato o danneggiato.;https://it.wikipedia.org/wiki/Blister
26;it;Quale contenitore cilindrico è destinato al trasporto di merci sfuse ?;Barile;Copertina;Acquista;Vaso;Expert;Il fusto industriale, che solitamente ha un'ampia apertura, può essere certificato per il trasporto di materiali pericolosi.;
27;it;Quale piccolo involucro è spesso fatto di carta o garza di seta ?;Bustina di tè;Borsa per vomito;Ballotina;Borsa per cani;Expert;La maggior parte delle bustine di tè hanno un cordoncino legato che aiuta a identificare, rimuovere e talvolta strizzare la bustina dopo la preparazione.;
28;it;Quale carta da imballaggio resistente è realizzata con pasta di carta ?;Kraft;Solforato;Glassina;Tovagliolo di carta;Expert;La parola tedesca Kraft (che significa forza) è l'origine del nome carta kraft, che designa una carta particolarmente resistente.;
29;it;Quale imballaggio alimentare è costituito da una pellicola sottile e trasparente ?;Cellophane;Caso;Pluriball;Copertina;Expert;È un materiale molto utilizzato per l'imballaggio alimentare per la sua trasparenza e la sua impermeabilità ai microrganismi.;https://it.wikipedia.org/wiki/Cellophane
30;it;Dove conservi un rasoio, un lettore MP3 o una console portatile ?;Caso;Busta di plastica;Cartone;Pluriball;Débutant;Sono generalmente realizzati con materiali solidi, ma rigidi, o leggermente flessibili, come pelle o plastica.;
1;nl;Welke kleine glazen container met wijde opening kan goed worden afgesloten ?;Pot;Aquarium;Flacon;Balsamaire;Débutant;Voor fruit in blik gebruiken we een glazen pot, goed afgesloten met een deksel en voorzien van een rubberen afdichting.;
2;nl;Welke luchtdichte metalen container opent met een blikopener ?;Blikje;Kan;Ballotin;Vat;Débutant;De gezondheidskwaliteit van het voedsel hangt af van de zorg die wordt besteed aan de productie en de hygiënische kwaliteit van de geconserveerde producten.;
3;nl;In welke kist, vaak van licht hout, worden goederen vervoerd ?;Afrekenen;Koffer;Jerrycan;Blaar;Débutant;Houten kisten worden in verschillende delen vervaardigd en vervolgens vóór levering of bij de klant in elkaar gezet.;
4;nl;Welke cilindrische container wordt gebruikt om water, melk, wijn, bier en olie op te slaan ?;Fles;Pot;Fles;Vat;Débutant;Na tientallen jaren van dominant gebruik is glas achteruitgegaan ten gunste van kunststoffen (voornamelijk PVC en daarna PET).;https://nl.wikipedia.org/wiki/Fles
5;nl;In welk blikje, aluminium of blik, zit vaak een drankje ?;Kan;Blikje;Pot;Geval;Débutant;Bij de huidige productie van blikjes ontstaat er een holte in het deksel, waar mogelijk stof in kan blijven zitten.;https://nl.wikipedia.org/wiki/Blikje
6;nl;Welke verzegelde map bij briefpapier is bedoeld om post in te bewaren ?;Envelop;Bindmiddel;Map;Blotter;Débutant;Sommige postdiensten verkopen voorgefrankeerde enveloppen, soms versierd met actuele thema's.;https://nl.wikipedia.org/wiki/Envelop_(briefomslag)
7;nl;Welke niet-biologisch afbreekbare verpakkingen zijn uit de supermarkten verwijderd ?;Plastic zak;Vacuümzak;Kledingtas;Survivaltas;Débutant;Plastic zakken die worden weggeblazen door wind, overstromingen en rivieren zijn verantwoordelijk voor veel zwerfvuil in de zee.;
8;nl;Waar stop jij je kleren in voordat je ze meeneemt in het vliegtuig ?;Koffer;Afrekenen;Noppenfolie;Doos;Débutant;Sinds de aanslagen van 11 september 2001 inspecteren vrijwel alle bedrijven koffers handmatig of automatisch.;https://nl.wikipedia.org/wiki/Koffer
9;nl;Welke zak, gebruikt om afval te vervoeren, kan verschillende kleuren hebben ?;Vuilniszak;Heuptasje;Slaapzak;Papieren zak;Débutant;De toepassing van het Vigipirate-plan heeft echter geleid tot het gebruik van transparante tassen op openbare plaatsen in Frankrijk.;https://nl.wikipedia.org/wiki/Vuilniszak
10;nl;In welke verpakking kan een klant restjes van zijn maaltijd meenemen ?;Hondentas;Koffer;Borst;Jerrycan;Confirmé;Deze praktijk is vrij gebruikelijk in Italiaanse en Aziatische restaurants, waar consumptie ter plaatse en afhaalmaaltijden worden gecombineerd.;https://nl.wikipedia.org/wiki/Doggybag
11;nl;Welke term verwijst naar bepaalde papiersoorten die worden gekenmerkt door stijfheid ?;Karton;Envelop;Noppenfolie;Ballotin;Confirmé;Om hun profiel te verbeteren, worden bepaalde dozen via het kalanderproces tussen twee of meer horizontale rollen gevoerd.;
12;nl;In welke verpakking is de lucht verwijderd om de inhoud te behouden ?;Vacuümzak;Vuilniszak;Tetrasteen;Blikje;Confirmé;De eerste voedingsmiddelen die van deze techniek profiteerden, waren gepelde pinda's en gebrande en gemalen koffie.;
13;nl;Welke container is heel gebruikelijk in de farmaceutische en cosmetische industrie ?;Fles;Pot;Jerrycan;Vat;Confirmé;Een fles is vaak voorzien van een waterdichte dop, bedoeld om vloeibare producten te bewaren die in de lucht kunnen bederven.;
14;nl;Welk transparant plastic materiaal wordt gebruikt om breekbare artikelen te verpakken ?;Noppenfolie;Cellofaan;Blaar;Tetrasteen;Confirmé;Uitstekende, met lucht gevulde halve bollen zijn gelijkmatig verdeeld en vormen een kussen om kwetsbare voorwerpen te beschermen.;https://nl.wikipedia.org/wiki/Noppenfolie
15;nl;Welke digitale grafische weergave is aanwezig op de verpakking ?;Streepjescode;Merk;Rechten voorbehouden;Netto gewicht;Confirmé;Er zijn duizenden verschillende barcodes, deze zijn bedoeld voor automatisch uitlezen door een elektronische sensor.;https://nl.wikipedia.org/wiki/Streepjescode
16;nl;Welk gesloten meubel diende als kledingkast, bank en bagage ?;Borst;Geval;Koffer;Karton;Confirmé;In de 16e eeuw gaven mensen de voorkeur aan lichtere draagbare kisten, waarbij massief hout werd vervangen door samengestelde panelen.;https://nl.wikipedia.org/wiki/Kist (verpakking)
17;nl;Bij welke behandeling van huishoudelijk afval wordt rekening gehouden met het type verpakking ?;Recycling;Afwatering;Draai;Composteren;Confirmé;Sinds 2007 worden de productie, opslag, verwerking en recycling van afval in Europa gereguleerd door middel van uitgebreide wetgeving.;https://nl.wikipedia.org/wiki/Recycling
18;nl;Welke gewatteerde, niet-stijve koffer wordt gebruikt voor het dragen van een muziekinstrument ?;Omslag;Doos;Blaar;Koffer;Confirmé;De materialen waaruit de hoezen worden gemaakt, kunnen leer, waterdichte of niet-waterdichte bagagestoffen zoals Cordura zijn.;
19;nl;Welke merknaam kartonnen verpakkingen produceert Tetra Pak ?;Tetrasteen;Tetra Brak;Tetra Brok;Tetra Bruk;Confirmé;De vorm is kubusvormig of rechthoekig en is verkrijgbaar met of zonder dop (wat verschillend kan zijn).;
20;nl;In welke kleine kartonnen doos moeten pralines zitten ?;Ballotin;Jerrycan;Blaar;Hondentas;Expert;Het was Louise Agostini, de vrouw van Jean Neuhaus, die dit soort verpakkingen in 1915 creëerde voor de pralines van het bedrijf van haar man.;https://nl.wikipedia.org/wiki/Ballotin
21;nl;Welke opvouwbare papieren zak wordt doorgaans in vliegtuigen geplaatst ?;Braakzak;Survivaltas;Vacuümzak;Kledingtas;Expert;De braakzak, een accessoire dat op elke stoel aanwezig is, is vaak gemaakt van papier en de binnenkant is gelamineerd om hem waterdicht te maken.;
22;nl;Welk klein, afgesloten meubelstuk is bedoeld om waardevolle voorwerpen in te bewaren ?;Doos;Blikje;Koffer;Ballotin;Expert;Het begrip doos is tegenwoordig uitgebreid tot verpakkingsvormen voor de marketing van bepaalde producten.;
23;nl;Welk stalen brandstofblikje werd in 1936 in Duitsland uitgevonden ?;Jerrycan;Kraftpapier;Tetrasteen;Kan;Expert;Het woord verwijst nu naar elke container van meer dan twintig liter, voorheen gemaakt van staal, nu van plastic, met name HDPE.;https://nl.wikipedia.org/wiki/Jerrycan
24;nl;Welke kleine koffer wordt ook wel aktetas of aktetas genoemd ?;Aktetas;Omslag;Hondentas;Geval;Expert;De koffer wordt vooral gebruikt in een professionele omgeving : hij wordt gebruikt om belangrijke papieren en laptops in mee te nemen.;https://nl.wikipedia.org/wiki/Aktetas
25;nl;In welke verpakking worden de geneesmiddelen in blisterverpakkingen aangeboden ?;Blaar;Vacuümzak;Geval;Cellofaan;Expert;Deze opstelling maakt het mogelijk om de afmetingen van het object te vergroten, het in een etui te verbeteren en te voorkomen dat het wordt gemanipuleerd of beschadigd.;https://nl.wikipedia.org/wiki/Blisterverpakking
26;nl;Welke cilindervormige container is bedoeld voor het vervoer van bulkgoederen ?;Vat;Omslag;Afrekenen;Pot;Expert;Het industriële vat, dat doorgaans een brede opening heeft, kan worden gecertificeerd voor het vervoer van gevaarlijke stoffen.;
27;nl;Welk klein wikkeltje is vaak gemaakt van papier of zijdegaas ?;Theezakje;Braakzak;Ballotin;Hondentas;Expert;De meeste theezakjes hebben een touwtje waarmee je het zakje na het zetten kunt identificeren, verwijderen en soms uitwringen.;
28;nl;Welk stevig inpakpapier wordt gemaakt van papierpulp ?;Kraftpapier;Zwavel;Glas;Papieren handdoek;Expert;Het Duitse woord Kraft (dat kracht betekent) is de oorsprong van de naam kraftpapier, dat een bijzonder sterk papier aanduidt.;https://nl.wikipedia.org/wiki/Kraftpapier
29;nl;Welke voedselverpakkingen zijn gemaakt van een dunne, transparante folie ?;Cellofaan;Geval;Noppenfolie;Omslag;Expert;Het is een materiaal dat veel wordt gebruikt voor voedselverpakkingen vanwege de transparantie en de ondoordringbaarheid voor micro-organismen.;https://nl.wikipedia.org/wiki/Cellofaan
30;nl;Waar bewaar je een scheermes, mp3-speler of draagbare console ?;Geval;Plastic zak;Karton;Noppenfolie;Débutant;Ze zijn over het algemeen gemaakt van stevige, maar stijve of enigszins flexibele materialen, zoals leer of plastic.;
