1;fr;En quelle année est sorti « Dishonored 2 », développé par Arkane Studios ?;2016;2014;2012;2018;Débutant;L'histoire se déroule dans la ville côtière de Karnaca, quinze ans après les événements du jeu original, « Dishonored », sortie en 2012.;https://fr.wikipedia.org/wiki/Dishonored_2
2;fr;Quel genre de femmes sont les soeurs de l'ordre oraculaire ?;Sorcières;Vampires;Prêtresses;Loups-garous;Débutant;Sorti en 2013, « Les Sorcière de Brigmore » est le deuxième contenu supplémentaire téléchargeable pour le jeu « Dishonored ».;https://fr.wikipedia.org/wiki/Dishonored_2
3;fr;Dans quelle ville industrielle se trouve le palais de l'impératrice ?;Dunwall;Daventry;Dinotopia;Durpar;Débutant;Bien que le jeu commence et se termine à Dunwall, une grande partie de son intrigue se déroule dans la ville côtière de Karnaca.;https://fr.wikipedia.org/wiki/Dishonored_2
4;fr;Qui a participé à une cérémonie occulte pour rendre Delilah immortelle ?;Aramis Stilton;Kirin Jindosh;Anton Sokolov;Corvo Attano;Débutant;L'Outsider a chargé Daud d'enquêter sur Delilah, et on découvre qu'elle est en fait le leader des puissantes sorcières de Brigmore.;https://fr.wikipedia.org/wiki/Dishonored_2
5;fr;Dans quel bateau, propriété de Meagan Foster, Emily échappe-t-elle au coup d'état ?;Dreadful Wale;Addermire;Silver Spike;Daventry;Débutant;Le personnage choisi est aidé par Meagan Foster, capitaine du Dreadful Wale, qui travaille avec l'inventeur Anton Sokolov.;https://fr.wikipedia.org/wiki/Dishonored_2
6;fr;Quel être surnaturel règne en maître dans le Grand Vide ?;Outsider;Dr Hypatia;Corvo;Sokolov;Débutant;L'Outsider est l'une des nombreuses représentations du Vide qui ont existé, à l'origine un gamin des rues avant d'être sacrifié.;https://fr.wikipedia.org/wiki/L'Outsider
7;fr;Que permet de détecter le Coeur, donné à Emily par l'Outsider ?;Runes;Armes;Ennemis;Pièces;Débutant;Proposant sa Marque au début du jeu, l'Outsider vous donne le Coeur, contenant l'esprit piégé de Jessamine Kaldwin.;https://fr.wikipedia.org/wiki/Dishonored_2
8;fr;À qui appartient le manoir mécanique dans lequel a été emmené Sokolov ?;Kirin Jindosh;Liam Byrne;Aramis Stilton;Corvo Attano;Débutant;C'est également Kirin Jindosh qui fabrique les soldats mécaniques pour les revendre une petite fortune aux riches de la haute société.;https://fr.wikipedia.org/wiki/Dishonored_2
9;fr;Quelle armée Kirin Jindosh souhaite-t-il fabriquer en retenant Anton Sokolov ?;Soldats mécaniques;Bombes;Fusées;Automates;Débutant;Rejeté par l'Académie des Sciences pour ses positions contre l'éthique, Kirin Jindosh voue une fascination pour Sokolov.;https://fr.wikipedia.org/wiki/Dishonored_2
10;fr;Quel est devenu le principal matériau pour produire de l'énergie électrique ?;Huile de baleine;Poussière d'argent;Alcool frelaté;Graines de tournesol;Débutant;Extraite du lard de l'animal, l'exploitation industrielle de l'huile de baleine est l'une des causes de régression des grands cétacés.;https://fr.wikipedia.org/wiki/Dishonored_2
11;fr;Quel est le grade de Mortimer Ramsey, l'un des fidèles de Delilah ?;Capitaine;Colonel;Général;Lieutenant;Confirmé;Sa famille étant tombée en disgrâce, si Delilah redevient impératrice, le nom des Ramzy risque à nouveau d'être flamboyant.;https://fr.wikipedia.org/wiki/Dishonored_2
12;fr;Quel groupe de voleurs et de criminels est dirigé par Paolo ?;Hurleurs;Superviseurs;Architectes;Sorciers;Confirmé;Deux factions, les Hurleurs et les Superviseurs, sont en conflit violent et permanent au début du jeu, dans le district de Poussièreville.;https://fr.wikipedia.org/wiki/Dishonored_2
13;fr;Qu'a mis en place la grande garde entre les différents quartiers de la ville ?;Portails foudroyants;Lecteurs digitaux;Tunnels;Tours;Confirmé;Ils sont alimentés avec des batteries qui contiennent de l'huile de baleine, matériau principal pour produire de l'énergie.;https://fr.wikipedia.org/wiki/Dishonored_2
14;fr;Où se trouve la marque de l'Outsider sur le corps d'Emily ?;Sa main gauche;Son bras droit;Son front;Son dos;Confirmé;L'Outsider était à l'origine un gamin des rues vulnérable, jusqu'à ce qu'il soit retrouvé par une secte, kidnappé et sacrifié rituellement.;https://fr.wikipedia.org/wiki/L'Outsider
15;fr;Quelle sorcière est également la conservatrice du Conservatoire Royal ?;Breanna Ashworth;Billie Lurk;Alexandria Hypatia;Meagan Foster;Confirmé;Les sorcières cruelles ont pris le contrôle du Conservatoire et s'en servent comme laboratoire pour leurs expériences et maléfices.;https://fr.wikipedia.org/wiki/Dishonored_2
16;fr;Pour quel groupe, combattant les sorcières, les Superviseurs travaillent-ils ?;L'Abbaye;La Forge;Le Domaine;La Mission;Confirmé;L'Abbaye du Quidam, souvent simplement appelée l'Abbaye, est un ordre religieux actif à travers tout l'Empire des Îles.;https://fr.wikipedia.org/wiki/Dishonored_2
17;fr;Quel matériau extrait-on de la mine située dans le sud de Dunwall ?;Argent;Cuivre;Bronze;Or;Confirmé;Dans « Dishonored 2 », si un lieu se trouve près d'une mine d'argent, on y trouvera probablement des objets en argent comme des bijoux.;https://fr.wikipedia.org/wiki/Dishonored_2
18;fr;De quoi ont besoin les mouches de sang pour pondre leurs oeufs ?;Cadavres humains;Animal vivant;Cave sombre;Rivière;Confirmé;Originaires du continent Pandyssien, les mouches de sang préfèrent un climat chaud et font des nids dans les cadavres humains.;https://fr.wikipedia.org/wiki/Dishonored_2
19;fr;Dans quelle dimension d'un autre monde réside l'Outsider ?;Le Void;Le Told;Le Cold;Le Sand;Confirmé;Développé par Arkane Studios, le Void Engine est aussi le moteur de jeu utilisé dans « Dishonored 2 », basé sur l'id Tech 6 d'id Software.;https://fr.wikipedia.org/wiki/Dishonored_2
20;fr;À quel Grand Inventeur du Duc doit-on l'appareil argengraphique ?;Kirin Jindosh;Teague Martin;Thaddeus Campbell;Hiram Burrows;Confirmé;Kirin Jindosh, un savant sans éthique, garda prisonnier Sokolov pour ses connaissances, prévoyant ensuite de le lobotomiser.;https://fr.wikipedia.org/wiki/Dishonored_2
21;fr;Quelle est la première arme récupérée par Emily sur le Dreadful Wale ?;Arbalète;Couteau;Épée;Pistolet;Expert;Le joueur dispose de plusieurs objets tels que l'épée, le pistolet, l'arbalète et les grenades, qui peuvent être améliorés.;https://fr.wikipedia.org/wiki/Dishonored_2
22;fr;Quelle alchimiste travaille dans le laboratoire de l'institut d'Addermire ?;Dr Hypatia;Dr Batista;Dr Breanna;Dr Karnaca;Expert;C'est par la voie ferrée aérienne que l'on peut rejoindre l'Institut Addermire, un solarium abandonné où travaille Alexandria Hypatia.;https://fr.wikipedia.org/wiki/Dishonored_2
23;fr;Combien de fois le charme de Paolo lui permet-il de revenir à la vie ?;Une fois par jour;Une seule fois;Une fois par mois;Une fois par an;Expert;Paolo dirige un groupe de voleurs et de criminels appelé les Hurleurs, qui veulent s'opposer au nouveau duc et à son gouvernement.;https://fr.wikipedia.org/wiki/Dishonored_2
24;fr;Quel ancien médecin royal est le dirigeant de l'Académie de Philosophie Naturelle ?;Anton Sokolov;Aramis Stilton;Kirin Jindosh;Thaddeus Campbell;Expert;Non seulement il est un peintre hautement renommé, mais il est aussi un inventeur prolifique et le créateur de technologies militaires.;https://fr.wikipedia.org/wiki/Dishonored_2
25;fr;Combien d'années se passent entre l'aide de l'Outsider à Corvo puis à Emily ?;15 ans;10 ans;5 ans;20 ans;Expert;L'aspect et le caractère de l'Outsider a évolué, apportant des modifications à certains détails et une silhouette plus équilibrée.;https://fr.wikipedia.org/wiki/Dishonored_2
26;fr;Quel prototype est savamment protégé par les sorcières au Conservatoire Royal ?;Cleui de Roseburrow;Celui de l'Outsider;Celui de Theodanis;Celui de Stilton;Expert;C'est en 1820 qu'Anton Sokolov rencontra Esmond Roseburrow, qui lui a appris le secret de son raffinage d'huile de baleine.;https://fr.wikipedia.org/wiki/Dishonored_2
27;fr;Quel est le nom du journal édité pour la population de Dunwall ?;Silver Spike;Daily Mail;Sunday Times;Daily Express;Expert;L'ennemi que tout le monde poursuit dans le jeu « Dishonored 2 » est connu sous le nom de tueur de la couronne.;https://fr.wikipedia.org/wiki/Dishonored_2
28;fr;Quel était le prénom du père d'Abel, le nouveau duc de Serkonos ?;Theodanis;Silver;Mortimer;Aramis;Expert;Le jeu se déroule dans la ville côtière de Karnaca, la capitale de l'île de Serkonos, qui se trouve dans la région sud de l'Empire des îles.;https://fr.wikipedia.org/wiki/Dishonored_2
29;fr;Qui a fabriqué la lame légère, rétractable et tranchante d'Emily ?;Piero Joplin;Mortimer Ramsey;Liam Byrne;Aramis Stilton;Expert;Les développeurs du jeu ont noté que la relation entre Emily et le joueur est l'un des éléments les plus convaincants de la suite.;https://fr.wikipedia.org/wiki/Emily_Kaldwin
30;fr;Quel âge avait Jesamin Caldwin lorsqu'elle est décédée ?;32 ans;22 ans;42 ans;52 ans;Expert;En début de jeu, on retrouve sur un mur une affiche en l'honneur de Jesamin Caldwin, sur laquelle on trouve ces dates : 1805-1837.;https://fr.wikipedia.org/wiki/Dishonored_2
1;en;In what year was « Dishonored 2 » released, developed by Arkane Studios ?;2016;2014;2012;2018;Débutant;The story takes place in the coastal town of Karnaca, fifteen years after the events of the original game, « Dishonored », released in 2012.;https://en.wikipedia.org/wiki/Dishonored_2
2;en;What kind of women are the sisters of the oracular order ?;Witches;Vampires;Priestesses;Werewolves;Débutant;Released in 2013, « The Witches of Brigmore » is the second additional downloadable content for the game « Dishonored ».;https://en.wikipedia.org/wiki/Dishonored_2
3;en;In which industrial city is the Empress's palace located ?;Dunwall;Daventry;Dinotopia;Durpar;Débutant;Although the game begins and ends in Dunwall, much of its plot takes place in the coastal town of Karnaca.;https://en.wikipedia.org/wiki/Dishonored_2
4;en;Who participated in an occult ceremony to make Delilah immortal ?;Aramis Stilton;Kirin Jindosh;Anton Sokolov;Corvo Attano;Débutant;The Outsider has tasked Daud with investigating Delilah, and it is discovered that she is in fact the leader of the powerful witches of Brigmore.;https://en.wikipedia.org/wiki/Dishonored_2
5;en;In which boat, owned by Meagan Foster, did Emily escape the coup ?;Dreadful Wale;Addermire;Silver Spike;Daventry;Débutant;The chosen character is aided by Meagan Foster, captain of the Dreadful Wale, who works with inventor Anton Sokolov.;https://en.wikipedia.org/wiki/Dishonored_2
6;en;Which supernatural being reigns supreme in the Great Void ?;Outsider;Dr. Hypatia;Corvo;Sokolov;Débutant;The Outsider is one of many representations of the Void that have existed, originally a street urchin before being sacrificed.;https://en.wikipedia.org/wiki/The Outsider (Dishonored)
7;en;What can the Heart, given to Emily by the Outsider, detect ?;Runes;Weapons;Enemies;Parts;Débutant;Offering his Mark at the start of the game, the Outsider gives you the Heart, containing the trapped spirit of Jessamine Kaldwin.;https://en.wikipedia.org/wiki/Dishonored_2
8;en;Who owns the mechanical mansion to which Sokolov was taken ?;Kirin Jindosh;Liam Byrne;Aramis Stilton;Corvo Attano;Débutant;It is also Kirin Jindosh who manufactures the mechanical soldiers to sell them for a small fortune to the rich of high society.;https://en.wikipedia.org/wiki/Dishonored_2
9;en;What army does Kirin Jindosh want to build by retaining Anton Sokolov ?;Mechanical Soldiers;Bombs;Rockets;Automata;Débutant;Rejected by the Academy of Sciences for his anti-ethics positions, Kirin Jindosh has a fascination with Sokolov.;https://en.wikipedia.org/wiki/Dishonored_2
10;en;What has become the main material for producing electrical energy ?;Whale oil;Silver Dust;Adulterated alcohol;Sunflower seeds;Débutant;Extracted from the animal's blubber, the industrial exploitation of whale oil is one of the causes of the decline of large cetaceans.;https://en.wikipedia.org/wiki/Dishonored_2
11;en;What is the rank of Mortimer Ramsey, one of Delilah's followers ?;Captain;Colonel;General;Lieutenant;Confirmé;With her family having fallen into disgrace, if Delilah becomes empress again, the Ramzy name risks once again being flamboyant.;https://en.wikipedia.org/wiki/Dishonored_2
12;en;Which group of thieves and criminals is led by Paolo ?;Howlers;Supervisors;Architects;Wizards;Confirmé;Two factions, the Howlers and the Overseers, are in violent and constant conflict at the start of the game, in the Dustville district.;https://en.wikipedia.org/wiki/Dishonored_2
13;en;What has the grand guard set up between the different districts of the city ?;Lightning Portals;Fingerprint readers;Tunnels;Towers;Confirmé;They are powered by batteries that contain whale oil, the main material for producing energy.;https://en.wikipedia.org/wiki/Dishonored_2
14;en;Where is the Mark of the Outsider on Emily's body ?;His left hand;His right arm;His forehead;His back;Confirmé;The Outsider was originally a vulnerable street urchin, until he was found by a cult, kidnapped, and ritually sacrificed.;https://en.wikipedia.org/wiki/The Outsider (Dishonored)
15;en;Which witch is also the curator of the Royal Conservatory ?;Breanna Ashworth;Billie Lurk;Alexandria Hypatia;Meagan Foster;Confirmé;Cruel witches have taken control of the Conservatory and are using it as a laboratory for their experiments and curses.;https://en.wikipedia.org/wiki/Dishonored_2
16;en;For which witch-fighting group do the Overseers work ?;The Abbey;The Forge;The Estate;The Mission;Confirmé;Quidam Abbey, often simply called the Abbey, is a religious order active throughout the Empire of the Isles.;https://en.wikipedia.org/wiki/Dishonored_2
17;en;What material is extracted from the mine located south of Dunwall ?;Money;Copper;Bronze;Gold;Confirmé;In « Dishonored 2 », if a location is near a silver mine, silver items like jewelry will likely be found there.;https://en.wikipedia.org/wiki/Dishonored_2
18;en;What do blood flies need to lay their eggs ?;Human corpses;Live animal;Dark cellar;River;Confirmé;Native to the Pandyssian continent, blood flies prefer a warm climate and make nests in human corpses.;https://en.wikipedia.org/wiki/Dishonored_2
19;en;In which otherworldly dimension does the Outsider reside ?;The Void;The Told;The Cold;The Sand;Confirmé;Developed by Arkane Studios, the Void Engine is also the game engine used in « Dishonored 2 », based on id Software's id Tech 6.;https://en.wikipedia.org/wiki/Dishonored_2
20;en;To which Great Inventor of the Duke do we owe the argengraphic device ?;Kirin Jindosh;Teague Martin;Thaddeus Campbell;Hiram Burrows;Confirmé;Kirin Jindosh, an unethical scholar, kept Sokolov prisoner for his knowledge, later planning to lobotomize him.;https://en.wikipedia.org/wiki/Dishonored_2
21;en;What is the first weapon Emily collected from the Dreadful Wale ?;Crossbow;Knife;Sword;Gun;Expert;The player has several items such as sword, pistol, crossbow and grenades, which can be upgraded.;https://en.wikipedia.org/wiki/Dishonored_2
22;en;Which alchemist works in the Addermire Institute laboratory ?;Dr. Hypatia;Dr. Batista;Dr. Breanna;Dr. Karnaca;Expert;It is by the elevated railway that one can reach the Addermire Institute, an abandoned solarium where Alexandria Hypatia works.;https://en.wikipedia.org/wiki/Dishonored_2
23;en;How many times does Paolo's charm allow him to come back to life ?;Once a day;Once a week;Once a month;Once a year;Expert;Paolo leads a group of thieves and criminals called the Howlers, who want to oppose the new Duke and his government.;https://en.wikipedia.org/wiki/Dishonored_2
24;en;Which former royal physician is the leader of the Academy of Natural Philosophy ?;Anton Sokolov;Aramis Stilton;Kirin Jindosh;Thaddeus Campbell;Expert;Not only is he a highly renowned painter, but he is also a prolific inventor and creator of military technology.;https://en.wikipedia.org/wiki/Dishonored_2
25;en;How many years pass between the Outsider's help to Corvo and then to Emily ?;15 years;10 years;5 years;20 years;Expert;The appearance and character of the Outsider has evolved, bringing changes to certain details and a more balanced silhouette.;https://en.wikipedia.org/wiki/Dishonored_2
26;en;Which prototype is carefully protected by witches at the Royal Conservatory ?;Cleui de Roseburrow;That of the Outsider;That of Theodanis;Stilton's;Expert;It was in 1820 that Anton Sokolov met Esmond Roseburrow, who taught him the secret of his whale oil refining.;https://en.wikipedia.org/wiki/Dishonored_2
27;en;What is the name of the newspaper published for the people of Dunwall ?;Silver Spike;DailyMail;Sunday Times;DailyExpress;Expert;The enemy that everyone is chasing in the game « Dishonored 2 » is known as the Crown Killer.;https://en.wikipedia.org/wiki/Dishonored_2
28;en;What was the first name of the father of Abel, the new Duke of Serkonos ?;Theodanis;Silver;Mortimer;Aramis;Expert;The game takes place in the coastal town of Karnaca, the capital of the island of Serkonos, which is located in the southern region of the Empire of the Isles.;https://en.wikipedia.org/wiki/Dishonored_2
29;en;Who made Emily's lightweight, retractable, sharp blade ?;Piero Joplin;Mortimer Ramsey;Liam Byrne;Aramis Stilton;Expert;The game's developers noted that the relationship between Emily and the player is one of the most compelling elements of the sequel.;https://en.wikipedia.org/wiki/Emily_Kaldwin
30;en;How old was Jesamin Caldwin when she died ?;32 years old;22 years old;42 years old;52 years old;Expert;At the start of the game, we find on a wall a poster in honor of Jesamin Caldwin, on which we find these dates : 1805-1837.;https://en.wikipedia.org/wiki/Dishonored_2
1;de;In welchem Jahr wurde « Dishonored 2 » veröffentlicht und von Arkane Studios entwickelt ?;2016;2014;2012;2018;Débutant;Die Geschichte spielt in der Küstenstadt Karnaca, fünfzehn Jahre nach den Ereignissen des Originalspiels « Dishonored », das 2012 veröffentlicht wurde.;https://de.wikipedia.org/wiki/Dishonored_2:_Das_Vermächtnis_der_Maske
2;de;Was für Frauen sind die Schwestern des Orakelordens ?;Hexen;Vampire;Priesterinnen;Werwölfe;Débutant;« The Witches of Brigmore » wurde 2013 veröffentlicht und ist der zweite zusätzliche herunterladbare Inhalt für das Spiel « Dishonored ».;https://de.wikipedia.org/wiki/Dishonored_2:_Das_Vermächtnis_der_Maske
3;de;In welcher Industriestadt steht der Palast der Kaiserin ?;Dunwall;Daventry;Dinotopie;Durpar;Débutant;Obwohl das Spiel in Dunwall beginnt und endet, spielt sich ein Großteil der Handlung in der Küstenstadt Karnaca ab.;https://de.wikipedia.org/wiki/Dishonored_2:_Das_Vermächtnis_der_Maske
4;de;Wer nahm an einer okkulten Zeremonie teil, um Delilah unsterblich zu machen ?;Aramis Stilton;Kirin Jindosh;Anton Sokolov;Corvo Attano;Débutant;Der Outsider hat Daud damit beauftragt, gegen Delilah zu ermitteln, und es stellt sich heraus, dass sie tatsächlich die Anführerin der mächtigen Hexen von Brigmore ist.;https://de.wikipedia.org/wiki/Dishonored_2:_Das_Vermächtnis_der_Maske
5;de;In welchem Boot, das Meagan Foster gehörte, entkam Emily dem Putsch ?;Schrecklicher Wal;Addermire;Silberne Spitze;Daventry;Débutant;Der ausgewählte Charakter wird von Meagan Foster unterstützt, dem Kapitän der Dreadful Wale, der mit dem Erfinder Anton Sokolov zusammenarbeitet.;https://de.wikipedia.org/wiki/Dishonored_2:_Das_Vermächtnis_der_Maske
6;de;Welches übernatürliche Wesen herrscht in der Großen Leere ?;Außenseiter;Dr. Hypatia;Corvo;Sokolov;Débutant;Der Outsider ist eine von vielen Darstellungen der Leere, die es gab, ursprünglich ein Straßenjunge, bevor er geopfert wurde.;
7;de;Was kann das Herz erkennen, das Emily vom Outsider geschenkt hat ?;Runen;Waffen;Feinde;Teile;Débutant;Zu Beginn des Spiels bietet der Außenseiter sein Mal an und gibt Ihnen das Herz, das den gefangenen Geist von Jessamine Kaldwin enthält.;https://de.wikipedia.org/wiki/Dishonored_2:_Das_Vermächtnis_der_Maske
8;de;Wem gehört die mechanische Villa, in die Sokolov gebracht wurde ?;Kirin Jindosh;Liam Byrne;Aramis Stilton;Corvo Attano;Débutant;Es ist auch Kirin Jindosh, die die mechanischen Soldaten herstellt, um sie für ein kleines Vermögen an die Reichen der High Society zu verkaufen.;https://de.wikipedia.org/wiki/Dishonored_2:_Das_Vermächtnis_der_Maske
9;de;Welche Armee möchte Kirin Jindosh aufbauen, indem er Anton Sokolov behält ?;Mechanische Soldaten;Bomben;Raketen;Automaten;Débutant;Kirin Jindosh wurde von der Akademie der Wissenschaften wegen seiner Anti-Ethik-Positionen abgelehnt und ist von Sokolov fasziniert.;https://de.wikipedia.org/wiki/Dishonored_2:_Das_Vermächtnis_der_Maske
10;de;Was ist zum Hauptmaterial zur Erzeugung elektrischer Energie geworden ?;Walöl;Silberstaub;Gepanschter Alkohol;Sonnenblumenkerne;Débutant;Die industrielle Ausbeutung von Walöl, das aus dem Speck des Tieres gewonnen wird, ist eine der Ursachen für den Rückgang der Großwale.;https://de.wikipedia.org/wiki/Dishonored_2:_Das_Vermächtnis_der_Maske
11;de;Welchen Rang hat Mortimer Ramsey, einer von Delilahs Anhängern ?;Kapitän;Oberst;Allgemein;Leutnant;Confirmé;Da ihre Familie in Ungnade gefallen ist und Delilah erneut Kaiserin wird, besteht die Gefahr, dass der Name Ramzy erneut extravagant wird.;https://de.wikipedia.org/wiki/Dishonored_2:_Das_Vermächtnis_der_Maske
12;de;Welche Gruppe von Dieben und Kriminellen wird von Paolo angeführt ?;Heuler;Vorgesetzte;Architekten;Zauberer;Confirmé;Zwei Fraktionen, die Heuler und die Aufseher, befinden sich zu Beginn des Spiels im Bezirk Dustville in einem gewalttätigen und ständigen Konflikt.;https://de.wikipedia.org/wiki/Dishonored_2:_Das_Vermächtnis_der_Maske
13;de;Was hat die Großgarde zwischen den verschiedenen Stadtteilen eingerichtet ?;Blitzportale;Fingerabdruckleser;Tunnel;Türme;Confirmé;Sie werden von Batterien angetrieben, die Walöl enthalten, den Hauptstoff zur Energieerzeugung.;https://de.wikipedia.org/wiki/Dishonored_2:_Das_Vermächtnis_der_Maske
14;de;Wo ist das Mal des Außenseiters auf Emilys Körper ?;Seine linke Hand;Sein rechter Arm;Seine Stirn;Sein Rücken;Confirmé;Der Outsider war ursprünglich ein verletzlicher Straßenjunge, bis er von einer Sekte gefunden, entführt und rituell geopfert wurde.;
15;de;Welche Hexe ist auch Kuratorin des Königlichen Konservatoriums ?;Breanna Ashworth;Billie Lurk;Alexandria Hypatia;Meagan Foster;Confirmé;Grausame Hexen haben die Kontrolle über das Konservatorium übernommen und nutzen es als Labor für ihre Experimente und Flüche.;https://de.wikipedia.org/wiki/Dishonored_2:_Das_Vermächtnis_der_Maske
16;de;Für welche Hexenbekämpfungsgruppe arbeiten die Aufseher ?;Die Abtei;Die Schmiede;Das Anwesen;Die Mission;Confirmé;Die Quidam-Abtei, oft einfach Abtei genannt, ist ein religiöser Orden, der im gesamten Reich der Inseln tätig ist.;https://de.wikipedia.org/wiki/Dishonored_2:_Das_Vermächtnis_der_Maske
17;de;Welches Material wird aus der Mine südlich von Dunwall gefördert ?;Geld;Kupfer;Bronze;Gold;Confirmé;Wenn sich in « Dishonored 2 » ein Ort in der Nähe einer Silbermine befindet, werden dort wahrscheinlich Silbergegenstände wie Schmuck gefunden.;https://de.wikipedia.org/wiki/Dishonored_2:_Das_Vermächtnis_der_Maske
18;de;Was brauchen Blutfliegen zum Eierlegen ?;Menschliche Leichen;Lebendes Tier;Dunkler Keller;Fluss;Confirmé;Die auf dem pandyssischen Kontinent beheimateten Blutfliegen bevorzugen ein warmes Klima und bauen Nester in menschlichen Leichen.;https://de.wikipedia.org/wiki/Dishonored_2:_Das_Vermächtnis_der_Maske
19;de;In welcher jenseitigen Dimension wohnt der Outsider ?;Die Leere;Das Erzählte;Die Kälte;Der Sand;Confirmé;Die von Arkane Studios entwickelte Void Engine ist auch die Spiel-Engine, die in « Dishonored 2 » verwendet wird und auf id Softwares id Tech 6 basiert.;https://de.wikipedia.org/wiki/Dishonored_2:_Das_Vermächtnis_der_Maske
20;de;Welchem großen Erfinder des Herzogs verdanken wir das argengraphische Gerät ?;Kirin Jindosh;Teague Martin;Thaddeus Campbell;Hiram Burrows;Confirmé;Kirin Jindosh, ein unethischer Gelehrter, hielt Sokolov wegen seines Wissens gefangen und plante später, ihn einer Lobotomie zu unterziehen.;https://de.wikipedia.org/wiki/Dishonored_2:_Das_Vermächtnis_der_Maske
21;de;Was ist die erste Waffe, die Emily vom Dreadful Wale gesammelt hat ?;Armbrust;Messer;Schwert;Waffe;Expert;Der Spieler verfügt über mehrere Gegenstände wie Schwert, Pistole, Armbrust und Granaten, die aufgerüstet werden können.;https://de.wikipedia.org/wiki/Dishonored_2:_Das_Vermächtnis_der_Maske
22;de;Welcher Alchemist arbeitet im Labor des Addermire Institute ?;Dr. Hypatia;Dr. Batista;Dr. Breanna;Dr. Karnaca;Expert;Über die Hochbahn erreicht man das Addermire Institute, ein verlassenes Solarium, in dem Alexandria Hypatia arbeitet.;https://de.wikipedia.org/wiki/Dishonored_2:_Das_Vermächtnis_der_Maske
23;de;Wie oft erlaubt ihm Paolos Charme, wieder zum Leben zu erwachen ?;Einmal am Tag;Einmal pro Woche;Einmal im Monat;Einmal im Jahr;Expert;Paolo führt eine Gruppe von Dieben und Kriminellen namens Howlers an, die sich dem neuen Herzog und seiner Regierung widersetzen wollen.;https://de.wikipedia.org/wiki/Dishonored_2:_Das_Vermächtnis_der_Maske
24;de;Welcher ehemalige königliche Arzt ist der Leiter der Akademie für Naturphilosophie ?;Anton Sokolov;Aramis Stilton;Kirin Jindosh;Thaddeus Campbell;Expert;Er ist nicht nur ein renommierter Maler, sondern auch ein produktiver Erfinder und Schöpfer militärischer Technologie.;https://de.wikipedia.org/wiki/Dishonored_2:_Das_Vermächtnis_der_Maske
25;de;Wie viele Jahre vergehen zwischen der Hilfe des Outsiders für Corvo und dann für Emily ?;15 Jahre;10 Jahre;5 Jahre;20 Jahre;Expert;Das Aussehen und der Charakter des Outsider haben sich weiterentwickelt, was zu Änderungen an bestimmten Details und einer ausgewogeneren Silhouette geführt hat.;https://de.wikipedia.org/wiki/Dishonored_2:_Das_Vermächtnis_der_Maske
26;de;Welcher Prototyp wird am Königlichen Konservatorium sorgfältig von Hexen beschützt ?;Cleui de Roseburrow;Das des Außenseiters;Das von Theodanis;Stiltons;Expert;Im Jahr 1820 lernte Anton Sokolov Esmond Roseburrow kennen, der ihn in das Geheimnis seiner Walölraffinierung einweihte.;https://de.wikipedia.org/wiki/Dishonored_2:_Das_Vermächtnis_der_Maske
27;de;Wie heißt die Zeitung, die für die Einwohner von Dunwall herausgegeben wird ?;Silberne Spitze;DailyMail;Sunday Times;DailyExpress;Expert;Der Feind, den jeder im Spiel « Dishonored 2 » jagt, ist als Crown Killer bekannt.;https://de.wikipedia.org/wiki/Dishonored_2:_Das_Vermächtnis_der_Maske
28;de;Wie lautete der Vorname des Vaters von Abel, dem neuen Herzog von Serkonos ?;Theodanis;Silver;Mortimer;Aramis;Expert;Das Spiel findet in der Küstenstadt Karnaca statt, der Hauptstadt der Insel Serkonos, die in der südlichen Region des Imperiums der Inseln liegt.;https://de.wikipedia.org/wiki/Dishonored_2:_Das_Vermächtnis_der_Maske
29;de;Wer hat Emilys leichte, einziehbare und scharfe Klinge hergestellt ?;Piero Joplin;Mortimer Ramsey;Liam Byrne;Aramis Stilton;Expert;Die Entwickler des Spiels stellten fest, dass die Beziehung zwischen Emily und dem Spieler eines der fesselndsten Elemente der Fortsetzung ist.;
30;de;Wie alt war Jesamin Caldwin, als sie starb ?;32 Jahre alt;22 Jahre alt;42 Jahre alt;52 Jahre alt;Expert;Zu Beginn des Spiels finden wir an einer Wand ein Plakat zu Ehren von Jesamin Caldwin, auf dem wir diese Daten finden : 1805-1837.;https://de.wikipedia.org/wiki/Dishonored_2:_Das_Vermächtnis_der_Maske
1;es;¿En qué año se lanzó « Dishonored 2 », desarrollado por Arkane Studios ?;2016;2014;2012;2018;Débutant;La historia tiene lugar en la ciudad costera de Karnaca, quince años después de los acontecimientos del juego original, « Dishonored », lanzado en 2012.;https://es.wikipedia.org/wiki/Dishonored_2
2;es;¿Qué clase de mujeres son las hermanas de la orden oracular ?;Brujas;Vampiros;Sacerdotisas;Hombres lobo;Débutant;Lanzado en 2013, « The Witches of Brigmore » es el segundo contenido descargable adicional del juego « Dishonored ».;https://es.wikipedia.org/wiki/Dishonored_2
3;es;¿En qué ciudad industrial se encuentra el palacio de la emperatriz ?;Dunwall;Daventry;Dinotopía;Durpar;Débutant;Aunque el juego comienza y termina en Dunwall, gran parte de su trama se desarrolla en la localidad costera de Karnaca.;https://es.wikipedia.org/wiki/Dishonored_2
4;es;¿Quién participó en una ceremonia oculta para hacer inmortal a Dalila ?;Aramis Stilton;Kirin Jindosh;Antón Sokolov;Corvo Attano;Débutant;El Forastero le ha encargado a Daud que investigue a Delilah, y se descubre que ella es, de hecho, la líder de las poderosas brujas de Brigmore.;https://es.wikipedia.org/wiki/Dishonored_2
5;es;¿En qué barco, propiedad de Meagan Foster, escapó Emily del golpe ?;Terrible Wale;Addermire;Pico de plata;Daventry;Débutant;El personaje elegido cuenta con la ayuda de Meagan Foster, capitana del Dreadful Wale, que trabaja con el inventor Anton Sokolov.;https://es.wikipedia.org/wiki/Dishonored_2
6;es;¿Qué ser sobrenatural reina supremo en el Gran Vacío ?;Forastero;Dra. Hipatia;Corvo;Sokolov;Débutant;El Forastero es una de las muchas representaciones del Vacío que han existido, originalmente un pilluelo callejero antes de ser sacrificado.;
7;es;¿Qué puede detectar el Corazón que el Forastero le dio a Emily ?;Runas;Armas;Enemigos;Piezas;Débutant;Ofreciendo su Marca al comienzo del juego, el Forastero te da el Corazón, que contiene el espíritu atrapado de Jessamine Kaldwin.;https://es.wikipedia.org/wiki/Dishonored_2
8;es;¿A quién pertenece la mansión mecánica a la que llevaron a Sokolov ?;Kirin Jindosh;Liam Byrne;Aramis Stilton;Corvo Attano;Débutant;También es Kirin Jindosh quien fabrica los soldados mecánicos para venderlos por una pequeña fortuna a los ricos de la alta sociedad.;https://es.wikipedia.org/wiki/Dishonored_2
9;es;¿Qué ejército quiere construir Kirin Jindosh reteniendo a Anton Sokolov ?;Soldados mecánicos;Bombas;Cohetes;Autómatas;Débutant;Rechazado por la Academia de Ciencias por sus posiciones antiéticas, Kirin Jindosh siente fascinación por Sokolov.;https://es.wikipedia.org/wiki/Dishonored_2
10;es;¿Cuál se ha convertido en el principal material para producir energía eléctrica ?;Aceite de ballena;Polvo de plata;Alcohol adulterado;Semillas de girasol;Débutant;Extraído de la grasa del animal, la explotación industrial del aceite de ballena es una de las causas del declive de los grandes cetáceos.;https://es.wikipedia.org/wiki/Dishonored_2
11;es;¿Cuál es el rango de Mortimer Ramsey, uno de los seguidores de Delilah ?;Capitán;Coronel;Generalidades;Teniente;Confirmé;Con su familia caída en desgracia, si Delilah vuelve a ser emperatriz, el apellido Ramzy corre el riesgo de volver a ser extravagante.;https://es.wikipedia.org/wiki/Dishonored_2
12;es;¿Qué grupo de ladrones y criminales lidera Paolo ?;Aulladores;Supervisores;Arquitectos;Magos;Confirmé;Dos facciones, los Aulladores y los Supervisores, están en conflicto violento y constante al comienzo del juego, en el distrito de Dustville.;https://es.wikipedia.org/wiki/Dishonored_2
13;es;¿Qué ha montado la gran guardia entre los distintos barrios de la ciudad ?;Portales de rayos;Lectores de huellas dactilares;Túneles;Torres;Confirmé;Funcionan con baterías que contienen aceite de ballena, principal material para producir energía.;https://es.wikipedia.org/wiki/Dishonored_2
14;es;¿Dónde está la Marca del Forastero en el cuerpo de Emily ?;Su mano izquierda;Su brazo derecho;Su frente;Su espalda;Confirmé;El Forastero era originalmente un pilluelo callejero vulnerable, hasta que fue encontrado por una secta, secuestrado y sacrificado ritualmente.;
15;es;¿Qué bruja es también la curadora del Real Conservatorio ?;Breanna Ashworth;Billie Lurk;Alexandria Hypatia;Meagan Foster;Confirmé;Brujas crueles han tomado el control del Conservatorio y lo utilizan como laboratorio para sus experimentos y maldiciones.;https://es.wikipedia.org/wiki/Dishonored_2
16;es;¿Para qué grupo de lucha contra las brujas trabajan los Supervisores ?;La Abadía;La Forja;La finca;La Misión;Confirmé;La Abadía de Quidam, a menudo llamada simplemente Abadía, es una orden religiosa activa en todo el Imperio de las Islas.;https://es.wikipedia.org/wiki/Dishonored_2
17;es;¿Qué material se extrae de la mina situada al sur de Dunwall ?;Dinero;Cobre;Bronce;Oro;Confirmé;En « Dishonored 2 », si una ubicación está cerca de una mina de plata, es probable que allí se encuentren artículos de plata, como joyas.;https://es.wikipedia.org/wiki/Dishonored_2
18;es;¿Qué necesitan las moscas sanguíneas para poner sus huevos ?;Cadáveres humanos;Animal vivo;Sótano oscuro;Río;Confirmé;Originarias del continente Pandisiano, las moscas de sangre prefieren un clima cálido y hacen nidos en cadáveres humanos.;https://es.wikipedia.org/wiki/Dishonored_2
19;es;¿En qué dimensión de otro mundo reside el Forastero ?;El vacío;Lo dicho;El Frío;La arena;Confirmé;Desarrollado por Arkane Studios, Void Engine es también el motor de juego utilizado en « Dishonored 2 », basado en id Tech 6 de id Software.;https://es.wikipedia.org/wiki/Dishonored_2
20;es;¿A qué gran inventor del duque le debemos el dispositivo argengráfico ?;Kirin Jindosh;Teague Martín;Thaddeus Campbell;Hiram Burrows;Confirmé;Kirin Jindosh, un erudito poco ético, mantuvo prisionero a Sokolov por sus conocimientos y luego planeó lobotomizarlo.;https://es.wikipedia.org/wiki/Dishonored_2
21;es;¿Cuál es la primera arma que Emily recogió del Dreadful Wale ?;Ballesta;Cuchillo;Espada;Arma;Expert;El jugador tiene varios elementos, como espada, pistola, ballesta y granadas, que se pueden actualizar.;https://es.wikipedia.org/wiki/Dishonored_2
22;es;¿Qué alquimista trabaja en el laboratorio del Instituto Addermire ?;Dr. Hypatia;Dr. Batista;Dr. Breanna;Dr. Karnaca;Expert;A través del ferrocarril elevado se puede llegar al Instituto Addermire, un solárium abandonado donde trabaja Alexandria Hypatia.;https://es.wikipedia.org/wiki/Dishonored_2
23;es;¿Cuántas veces el encanto de Paolo le permite volver a la vida ?;Una vez al día;Una vez a la semana;Una vez al mes;Una vez al año;Expert;Paolo lidera un grupo de ladrones y criminales llamados los Aulladores, que quieren oponerse al nuevo Duque y su gobierno.;https://es.wikipedia.org/wiki/Dishonored_2
24;es;¿Qué ex médico real es el líder de la Academia de Filosofía Natural ?;Antón Sokolov;Aramis Stilton;Kirin Jindosh;Thaddeus Campbell;Expert;No sólo es un pintor de gran renombre, sino que también es un prolífico inventor y creador de tecnología militar.;https://es.wikipedia.org/wiki/Dishonored_2
25;es;¿Cuántos años pasan entre la ayuda del Forastero a Corvo y luego a Emily ?;15 años;10 años;5 años;20 años;Expert;La apariencia y carácter del Outsider ha evolucionado, trayendo cambios en ciertos detalles y una silueta más equilibrada.;https://es.wikipedia.org/wiki/Dishonored_2
26;es;¿Qué prototipo está cuidadosamente protegido por las brujas del Real Conservatorio ?;Cleui de Roseburrow;La del Forastero;El de Teodanis;Stilton;Expert;Fue en 1820 cuando Anton Sokolov conoció a Esmond Roseburrow, quien le enseñó el secreto de cómo refinar el aceite de ballena.;https://es.wikipedia.org/wiki/Dishonored_2
27;es;¿Cómo se llama el periódico que se publica para la gente de Dunwall ?;Pico de plata;Correo diario;Horario del domingo;Expreso diario;Expert;El enemigo que todos persiguen en el juego « Dishonored 2 » se conoce como Crown Killer.;https://es.wikipedia.org/wiki/Dishonored_2
28;es;¿Cuál era el nombre del padre de Abel, el nuevo duque de Serkonos ?;Theodanis;Silver;Mortimer;Aramís;Expert;El juego tiene lugar en la ciudad costera de Karnaca, la capital de la isla de Serkonos, que se encuentra en la región sur del Imperio de las Islas.;https://es.wikipedia.org/wiki/Dishonored_2
29;es;¿Quién hizo la espada afilada, retráctil y liviana de Emily ?;Piero Joplin;Mortimer Ramsey;Liam Byrne;Aramis Stilton;Expert;Los desarrolladores del juego señalaron que la relación entre Emily y el jugador es uno de los elementos más convincentes de la secuela.;
30;es;¿Qué edad tenía Jesamin Caldwin cuando murió ?;32 años;22 años;42 años;52 años;Expert;Al inicio del juego, encontramos en una pared un cartel en honor a Jesamin Caldwin, en el que encontramos estas fechas : 1805-1837.;https://es.wikipedia.org/wiki/Dishonored_2
1;it;In che anno è uscito « Dishonored 2 », sviluppato da Arkane Studios ?;2016;2014;2012;2018;Débutant;La storia è ambientata nella città costiera di Karnaca, quindici anni dopo gli eventi del gioco originale, « Dishonored », pubblicato nel 2012.;https://it.wikipedia.org/wiki/Dishonored_2
2;it;Che tipo di donne sono le sorelle dell'ordine oracolare ?;Streghe;Vampiri;Sacerdotesse;Lupi mannari;Débutant;Pubblicato nel 2013, « The Witches of Brigmore » è il secondo contenuto scaricabile aggiuntivo per il gioco « Dishonored ».;https://it.wikipedia.org/wiki/Dishonored_2
3;it;In quale città industriale si trova il palazzo dell'Imperatrice ?;Dunwall;Daventry;Dinotopia;Durpar;Débutant;Sebbene il gioco inizi e finisca a Dunwall, gran parte della trama si svolge nella città costiera di Karnaca.;https://it.wikipedia.org/wiki/Dishonored_2
4;it;Chi ha partecipato ad una cerimonia occulta per rendere Dalila immortale ?;Aramis Stilton;Kirin Jindosh;Anton Sokolov;Corvo Attano;Débutant;L'Esterno ha incaricato Daud di indagare su Delilah, e si scopre che lei è in realtà il capo delle potenti streghe di Brigmore.;https://it.wikipedia.org/wiki/Dishonored_2
5;it;In quale barca, di proprietà di Meagan Foster, Emily è sfuggita al colpo di stato ?;Wale terribile;Addemire;Punta d'argento;Daventry;Débutant;Il personaggio scelto è aiutato da Meagan Foster, capitano della Dreadful Wale, che lavora con l'inventore Anton Sokolov.;https://it.wikipedia.org/wiki/Dishonored_2
6;it;Quale essere soprannaturale regna supremo nel Grande Vuoto ?;Esterno;Dott.ssa Ipazia;Corvo;Sokolov;Débutant;L'Outsider è una delle tante rappresentazioni del Vuoto che sono esistite, originariamente un monello di strada prima di essere sacrificato.;
7;it;Cosa può rilevare il Cuore donato a Emily dall'Esterno ?;Rune;Armi;Nemici;Parti;Débutant;Offrendo il suo Marchio all'inizio del gioco, l'Esterno ti darà il Cuore, contenente lo spirito intrappolato di Jessamine Kaldwin.;https://it.wikipedia.org/wiki/Dishonored_2
8;it;Chi possiede la villa meccanica in cui è stato portato Sokolov ?;Kirin Jindosh;Liam Byrne;Aramis Stilton;Corvo Attano;Débutant;È sempre Kirin Jindosh a fabbricare i soldati meccanici per venderli per una piccola fortuna ai ricchi dell'alta società.;https://it.wikipedia.org/wiki/Dishonored_2
9;it;Quale esercito vuole costruire Kirin Jindosh mantenendo Anton Sokolov ?;Soldati meccanici;Bombe;Razzi;Automi;Débutant;Rifiutato dall'Accademia delle Scienze per le sue posizioni antietiche, Kirin Jindosh è affascinato da Sokolov.;https://it.wikipedia.org/wiki/Dishonored_2
10;it;Qual è diventato il materiale principale per la produzione di energia elettrica ?;Olio di balena;Polvere d'argento;Alcol adulterato;Semi di girasole;Débutant;Estratto dal grasso dell'animale, lo sfruttamento industriale dell'olio di balena è una delle cause del declino dei grandi cetacei.;https://it.wikipedia.org/wiki/Dishonored_2
11;it;Qual è il grado di Mortimer Ramsey, uno dei seguaci di Delilah ?;Capitano;Colonnello;Generale;Tenente;Confirmé;Con la sua famiglia caduta in disgrazia, se Delilah diventasse nuovamente imperatrice, il nome Ramzy rischierebbe di essere ancora una volta appariscente.;https://it.wikipedia.org/wiki/Dishonored_2
12;it;Quale gruppo di ladri e criminali è guidato da Paolo ?;Urlatori;Supervisori;Architetti;Maghi;Confirmé;Due fazioni, gli Urlatori e i Sorveglianti, sono in conflitto violento e costante all'inizio del gioco, nel distretto di Dustville.;https://it.wikipedia.org/wiki/Dishonored_2
13;it;Cosa ha disposto la grande guardia tra i diversi quartieri della città ?;Portali fulmini;Lettori di impronte digitali;Tunnel;Torri;Confirmé;Sono alimentati da batterie che contengono olio di balena, il materiale principale per la produzione di energia.;https://it.wikipedia.org/wiki/Dishonored_2
14;it;Dov'è il marchio dell'outsider sul corpo di Emily ?;La sua mano sinistra;Il suo braccio destro;La sua fronte;La sua schiena;Confirmé;L'Outsider era originariamente un monello di strada vulnerabile, finché non fu trovato da una setta, rapito e sacrificato ritualmente.;
15;it;Quale strega è anche la curatrice del Conservatorio Reale ?;Breanna Ashworth;Billie Lurk;Alexandria Hypatia;Meagan Foster;Confirmé;Le streghe crudeli hanno preso il controllo del Conservatorio e lo usano come laboratorio per i loro esperimenti e maledizioni.;https://it.wikipedia.org/wiki/Dishonored_2
16;it;Per quale gruppo di lotta alle streghe lavorano i Supervisori ?;L'Abbazia;La Forgia;La Tenuta;La Missione;Confirmé;L'Abbazia di Quidam, spesso chiamata semplicemente l'Abbazia, è un ordine religioso attivo in tutto l'Impero delle Isole.;https://it.wikipedia.org/wiki/Dishonored_2
17;it;Quale materiale viene estratto dalla miniera situata a sud di Dunwall ?;Soldi;Rame;Bronzo;Oro;Confirmé;In « Dishonored 2 », se un luogo è vicino a una miniera d'argento, è probabile che lì si trovino oggetti d'argento come gioielli.;https://it.wikipedia.org/wiki/Dishonored_2
18;it;Di cosa hanno bisogno le mosche sanguigne per deporre le uova ?;Cadaveri umani;Animale vivo;Cantina buia;Fiume;Confirmé;Originarie del continente pandyssiano, le mosche sanguigne preferiscono un clima caldo e nidificano nei cadaveri umani.;https://it.wikipedia.org/wiki/Dishonored_2
19;it;In quale dimensione ultraterrena risiede l'Outsider ?;Il Vuoto;Il Raccontato;Il freddo;La sabbia;Confirmé;Sviluppato da Arkane Studios, il Void Engine è anche il motore di gioco utilizzato in « Dishonored 2 », basato su id Tech 6 di id Software.;https://it.wikipedia.org/wiki/Dishonored_2
20;it;A quale Grande Inventore del Duca dobbiamo l'apparato argengrafico ?;Kirin Jindosh;Teague Martin;Thaddeus Campbell;Hiram Burrows;Confirmé;Kirin Jindosh, uno studioso immorale, tenne prigioniero Sokolov per sua conoscenza, progettando in seguito di lobotomizzarlo.;https://it.wikipedia.org/wiki/Dishonored_2
21;it;Qual è la prima arma che Emily ha raccolto dalla Dreadful Wale ?;Balestra;Coltello;Spada;Pistola;Expert;Il giocatore ha diversi oggetti come spada, pistola, balestra e granate, che possono essere aggiornati.;https://it.wikipedia.org/wiki/Dishonored_2
22;it;Quale alchimista lavora nel laboratorio dell'Istituto Addermire ?;Dr. Hypatia;Dr. Batista;Dr. Breanna;Dr. Karnaca;Expert;È tramite la ferrovia sopraelevata che si può raggiungere l'Istituto Addermire, un solarium abbandonato dove lavora Alexandria Hypatia.;https://it.wikipedia.org/wiki/Dishonored_2
23;it;Quante volte il fascino di Paolo gli permette di ritornare in vita ?;Una volta al giorno;Una volta alla settimana;Una volta al mese;Una volta all'anno;Expert;Paolo è a capo di un gruppo di ladri e criminali chiamati gli Urlatori, che vogliono opporsi al nuovo Duca e al suo governo.;https://it.wikipedia.org/wiki/Dishonored_2
24;it;Quale ex medico reale è il leader dell'Accademia di filosofia naturale ?;Anton Sokolov;Aramis Stilton;Kirin Jindosh;Thaddeus Campbell;Expert;Non solo è un pittore molto rinomato, ma è anche un prolifico inventore e creatore di tecnologia militare.;https://it.wikipedia.org/wiki/Dishonored_2
25;it;Quanti anni passano tra l'aiuto dell'Outsider a Corvo e poi a Emily ?;15 anni;10 anni;5 anni;20 anni;Expert;L'aspetto e il carattere dell'Outsider si sono evoluti, apportando modifiche ad alcuni dettagli e una silhouette più equilibrata.;https://it.wikipedia.org/wiki/Dishonored_2
26;it;Quale prototipo è attentamente protetto dalle streghe al Conservatorio Reale ?;Cleui de Roseburrow;Quello dell'Outsider;Quello di Teodanis;Stilton;Expert;Fu nel 1820 che Anton Sokolov incontrò Esmond Roseburrow, che gli insegnò il segreto della raffinazione dell'olio di balena.;https://it.wikipedia.org/wiki/Dishonored_2
27;it;Qual è il nome del giornale pubblicato per la gente di Dunwall ?;Punta d'argento;DailyMail;Domenica Times;DailyExpress;Expert;Il nemico che tutti stanno inseguendo nel gioco « Dishonored 2 » è conosciuto come Crown Killer.;https://it.wikipedia.org/wiki/Dishonored_2
28;it;Qual era il nome del padre di Abele, il nuovo duca di Serkonos ?;Theodanis;Silver;Mortimer;Aramis;Expert;Il gioco è ambientato nella città costiera di Karnaca, la capitale dell'isola di Serkonos, che si trova nella regione meridionale dell'Impero delle Isole.;https://it.wikipedia.org/wiki/Dishonored_2
29;it;Chi ha realizzato la lama affilata, leggera e retrattile di Emily ?;Piero Joplin;Mortimer Ramsey;Liam Byrne;Aramis Stilton;Expert;Gli sviluppatori del gioco hanno notato che la relazione tra Emily e il giocatore è uno degli elementi più avvincenti del sequel.;
30;it;Quanti anni aveva Jesamin Caldwin quando morì ?;32 anni;22 anni;42 anni;52 anni;Expert;All'inizio del gioco troviamo su un muro un poster in onore di Jesamin Caldwin, sul quale troviamo queste date : 1805-1837.;https://it.wikipedia.org/wiki/Dishonored_2
1;nl;In welk jaar werd « Dishonored 2 » uitgebracht, ontwikkeld door Arkane Studios ?;2016;2014;2012;2018;Débutant;Het verhaal speelt zich af in de kustplaats Karnaca, vijftien jaar na de gebeurtenissen in het originele spel, « Dishonored », uitgebracht in 2012.;https://nl.wikipedia.org/wiki/Dishonored_2
2;nl;Wat voor soort vrouwen zijn de zusters van de orakelorde ?;Heksen;Vampieren;Priesteressen;Weerwolven;Débutant;« The Witches of Brigmore », uitgebracht in 2013, is de tweede aanvullende downloadbare content voor de game « Dishonored ».;https://nl.wikipedia.org/wiki/Dishonored_2
3;nl;In welke industriële stad bevindt zich het paleis van de keizerin ?;Dunwall;Daventry;Dinotopie;Durpar;Débutant;Hoewel het spel begint en eindigt in Dunwall, speelt een groot deel van het plot zich af in de kustplaats Karnaca.;https://nl.wikipedia.org/wiki/Dishonored_2
4;nl;Wie nam deel aan een occulte ceremonie om Delilah onsterfelijk te maken ?;Aramis Stilton;Kirin Jindosh;Anton Sokolov;Corvo Attano;Débutant;De Outsider heeft Daud de opdracht gegeven om Delilah te onderzoeken, en er wordt ontdekt dat zij in feite de leider is van de machtige heksen van Brigmore.;https://nl.wikipedia.org/wiki/Dishonored_2
5;nl;In welke boot, eigendom van Meagan Foster, ontsnapte Emily aan de staatsgreep ?;Vreselijke Wale;Addermire;Zilveren Aar;Daventry;Débutant;Het gekozen personage wordt bijgestaan door Meagan Foster, kapitein van de Dreadful Wale, die samenwerkt met uitvinder Anton Sokolov.;https://nl.wikipedia.org/wiki/Dishonored_2
6;nl;Welk bovennatuurlijk wezen regeert in de Grote Leegte ?;Buitenstaander;Dr. Hypatia;Korvo;Sokolov;Débutant;De Buitenstaander is een van de vele representaties van de Leegte die er hebben bestaan, oorspronkelijk een straatjongen voordat hij werd opgeofferd.;
7;nl;Wat kan het Hart, dat door de Buitenstaander aan Emily is gegeven, detecteren ?;Runen;Wapens;Vijanden;Onderdelen;Débutant;De Outsider biedt je aan het begin van het spel zijn Mark aan en geeft je het Hart, met daarin de gevangen geest van Jessamine Kaldwin.;https://nl.wikipedia.org/wiki/Dishonored_2
8;nl;Wie is de eigenaar van het mechanische landhuis waar Sokolov naartoe werd gebracht ?;Kirin Jindosh;Liam Byrne;Aramis Stilton;Corvo Attano;Débutant;Het is ook Kirin Jindosh die de mechanische soldaten vervaardigt om ze voor een klein fortuin te verkopen aan de rijken van de high society.;https://nl.wikipedia.org/wiki/Dishonored_2
9;nl;Welk leger wil Kirin Jindosh bouwen door Anton Sokolov vast te houden ?;Mechanische soldaten;Bommen;Raketten;Automaten;Débutant;Kirin Jindosh is door de Academie van Wetenschappen afgewezen vanwege zijn anti-ethische standpunten en heeft een fascinatie voor Sokolov.;https://nl.wikipedia.org/wiki/Dishonored_2
10;nl;Wat is het belangrijkste materiaal geworden voor de productie van elektrische energie ?;Walvisolie;Zilverstof;Vervalste alcohol;Zonnebloempitten;Débutant;De industriële exploitatie van walvisolie, gewonnen uit de blubber van het dier, is een van de oorzaken van de achteruitgang van grote walvisachtigen.;https://nl.wikipedia.org/wiki/Dishonored_2
11;nl;Wat is de rang van Mortimer Ramsey, een van Delilah's volgelingen ?;Kapitein;Kolonel;Algemeen;Luitenant;Confirmé;Nu haar familie in ongenade is gevallen, dreigt de naam Ramzy opnieuw flamboyant te worden als Delilah opnieuw keizerin wordt.;https://nl.wikipedia.org/wiki/Dishonored_2
12;nl;Welke groep dieven en criminelen wordt geleid door Paolo ?;Brulaars;Toezichthouders;Architecten;Tovenaars;Confirmé;Twee facties, de Howlers en de Overseers, zijn aan het begin van het spel in het district Dustville in gewelddadige en voortdurende conflicten verwikkeld.;https://nl.wikipedia.org/wiki/Dishonored_2
13;nl;Wat heeft de grote wacht tussen de verschillende wijken van de stad opgezet ?;Bliksemportals;Vingerafdruklezers;Tunnels;Torens;Confirmé;Ze worden aangedreven door batterijen die walvisolie bevatten, het belangrijkste materiaal voor de productie van energie.;https://nl.wikipedia.org/wiki/Dishonored_2
14;nl;Waar is het teken van de buitenstaander op Emily's lichaam ?;Zijn linkerhand;Zijn rechterarm;Zijn voorhoofd;Zijn rug;Confirmé;De Outsider was oorspronkelijk een kwetsbare straatjongen, totdat hij door een sekte werd gevonden, ontvoerd en ritueel geofferd.;
15;nl;Welke heks is tevens curator van het Koninklijk Conservatorium ?;Breanna Ashworth;Billie Lurk;Alexandrië Hypatia;Meagan Foster;Confirmé;Wrede heksen hebben de controle over het conservatorium overgenomen en gebruiken het als laboratorium voor hun experimenten en vloeken.;https://nl.wikipedia.org/wiki/Dishonored_2
16;nl;Voor welke heksenvechtgroep werken de Overseers ?;De Abdij;De Smidse;Het landgoed;De missie;Confirmé;Quidam Abbey, vaak simpelweg de abdij genoemd, is een religieuze orde die actief is in het hele rijk van de eilanden.;https://nl.wikipedia.org/wiki/Dishonored_2
17;nl;Welk materiaal wordt gewonnen uit de mijn ten zuiden van Dunwall ?;Geld;Koper;Brons;Goud;Confirmé;Als een locatie in « Dishonored 2 » zich in de buurt van een zilvermijn bevindt, zullen daar waarschijnlijk zilveren voorwerpen zoals sieraden worden gevonden.;https://nl.wikipedia.org/wiki/Dishonored_2
18;nl;Wat hebben bloedvliegen nodig om hun eieren te leggen ?;Menselijke lijken;Levend dier;Donkere kelder;Rivier;Confirmé;Bloedvliegen komen oorspronkelijk uit het Pandyssische continent en geven de voorkeur aan een warm klimaat en maken nesten in menselijke lijken.;https://nl.wikipedia.org/wiki/Dishonored_2
19;nl;In welke buitenaardse dimensie verblijft de Buitenstaander ?;De leegte;Het vertelde;De kou;Het zand;Confirmé;De Void Engine is ontwikkeld door Arkane Studios en is ook de game-engine die wordt gebruikt in « Dishonored 2 », gebaseerd op id Software's id Tech 6.;https://nl.wikipedia.org/wiki/Dishonored_2
20;nl;Aan welke grote uitvinder van de hertog hebben we het argengrafische apparaat te danken ?;Kirin Jindosh;Teague Martin;Thaddeus Campbell;Hiram Burrows;Confirmé;Kirin Jindosh, een onethische geleerde, hield Sokolov gevangen vanwege zijn kennis en was later van plan hem een lobotomie te geven.;https://nl.wikipedia.org/wiki/Dishonored_2
21;nl;Wat is het eerste wapen dat Emily van de Dreadful Wale verzamelde ?;Kruisboog;Mes;Zwaard;Geweer;Expert;De speler heeft verschillende items, zoals zwaard, pistool, kruisboog en granaten, die kunnen worden geüpgraded.;https://nl.wikipedia.org/wiki/Dishonored_2
22;nl;Welke alchemist werkt in het laboratorium van het Addermire Instituut ?;Dr. Hypatia;Dr. Batista;Dr. Breanna;Dr. Karnaca;Expert;Via de verhoogde spoorlijn kan men het Addermire Instituut bereiken, een verlaten solarium waar Alexandria Hypatia werkt.;https://nl.wikipedia.org/wiki/Dishonored_2
23;nl;Hoe vaak zorgt Paolo's charme ervoor dat hij weer tot leven komt ?;Eén keer per dag;Eén keer per week;Eén keer per maand;Eén keer per jaar;Expert;Paolo leidt een groep dieven en criminelen, de Howlers genaamd, die zich willen verzetten tegen de nieuwe hertog en zijn regering.;https://nl.wikipedia.org/wiki/Dishonored_2
24;nl;Welke voormalige koninklijke arts is de leider van de Academie voor Natuurfilosofie ?;Anton Sokolov;Aramis Stilton;Kirin Jindosh;Thaddeus Campbell;Expert;Hij is niet alleen een zeer gerenommeerd schilder, maar hij is ook een productief uitvinder en schepper van militaire technologie.;https://nl.wikipedia.org/wiki/Dishonored_2
25;nl;Hoeveel jaar verstrijken er tussen de hulp van de Outsider aan Corvo en vervolgens aan Emily ?;15 jaar;10 jaar;5 jaar;20 jaar;Expert;Het uiterlijk en karakter van de Outsider is geëvolueerd, waardoor bepaalde details zijn gewijzigd en een evenwichtiger silhouet is ontstaan.;https://nl.wikipedia.org/wiki/Dishonored_2
26;nl;Welk prototype wordt zorgvuldig beschermd door heksen op het Koninklijk Conservatorium ?;Cleui de Roseburrow;Die van de Buitenstaander;Die van Theodanis;Stilton;Expert;Het was in 1820 dat Anton Sokolov Esmond Roseburrow ontmoette, die hem het geheim van zijn walvisolieraffinage leerde.;https://nl.wikipedia.org/wiki/Dishonored_2
27;nl;Wat is de naam van de krant die wordt uitgegeven voor de inwoners van Dunwall ?;Zilveren Aar;DailyMail;Zondagtijden;DagelijksExpress;Expert;De vijand waar iedereen in het spel « Dishonored 2 » achteraan zit, staat bekend als de Crown Killer.;https://nl.wikipedia.org/wiki/Dishonored_2
28;nl;Wat was de voornaam van de vader van Abel, de nieuwe hertog van Serkonos ?;Theodanis;Silver;Mortimer;Aramis;Expert;Het spel speelt zich af in de kustplaats Karnaca, de hoofdstad van het eiland Serkonos, gelegen in de zuidelijke regio van het Empire of the Isles.;https://nl.wikipedia.org/wiki/Dishonored_2
29;nl;Wie heeft Emily's lichtgewicht, intrekbare, scherpe mes gemaakt ?;Piero Joplin;Mortimer Ramsey;Liam Byrne;Aramis Stilton;Expert;De ontwikkelaars van de game merkten op dat de relatie tussen Emily en de speler een van de meest overtuigende elementen van het vervolg is.;
30;nl;Hoe oud was Jesamin Caldwin toen ze stierf ?;32 jaar oud;22 jaar oud;42 jaar oud;52 jaar oud;Expert;Aan het begin van het spel vinden we op een muur een poster ter ere van Jesamin Caldwin, waarop we deze data vinden : 1805-1837.;https://nl.wikipedia.org/wiki/Dishonored_2
