1;fr;Comment se prénomme le personnage principal du film d'animation « Le Roi Lion » ?;Simba;Scar;Rafiki;Timon;Débutant;Après avoir remporté la victoire contre Scar le tyran et ses hyènes, Simba devient roi de la Terre des Lions.;https://fr.wikipedia.org/wiki/Le_Roi_lion
2;fr;Quelle année marque la sortie en France du dessin animé « Le Roi Lion », des studios Disney ?;1994;1992;1990;1996;Débutant;Le film est inspiré en grande partie de l'oeuvre d'Osamu Tezuka « Le Roi Léo » (1951) et d'« Hamlet » de William Shakespeare.;https://fr.wikipedia.org/wiki/Le_Roi_lion
3;fr;Quel animal est Pumba, compagnon de Timon le suricate dans le film « Le Roi Lion » ?;Un phacochère;Un suricate;Un mandrill;Un calao;Débutant;Les phacochères peuvent courir très vite en cas de danger avec des pointes à plus de 50 km/h pour échapper aux prédateurs.;https://fr.wikipedia.org/wiki/Phacochère
4;fr;Quel lion portant une cicatrice est le méchant de l'histoire du film « Le Roi Lion » ?;Scar;Pumba;Nala;Simba;Débutant;Devenu un tyran, Scar a ravagé la Terre des Lions et imagine plusieurs plans diaboliques pour anéantir son frère et son neveu.;https://fr.wikipedia.org/wiki/Le_Roi_lion
5;fr;Comment se prénomme le père du prince Simba dans le film d'animation « Le Roi Lion » ?;Mufasa;Scar;Sarafina;Pumba;Débutant;Aimé et respecté des siens, Mufasa règne avec sagesse sur la Terre des Lions mais sera pourtant trahi et tué par son frère Scar.;https://fr.wikipedia.org/wiki/Le_Roi_lion
6;fr;Qui est à l'origine du complot conduisant au meurtre de Mufasa dans « Le Roi Lion » ?;Scar;Ed;Simba;Pumba;Débutant;Fourbe, machiavélique et cruel, il est finalement destitué par Simba après avoir régné en tyran et meurt dévoré par les hyènes.;https://fr.wikipedia.org/wiki/Le_Roi_lion
7;fr;Quelle est la particularité physique de Scar dans « Le Roi Lion » ?;Une cicatrice;Un visage brûlé;Un oeil blanc;Pas de moustaches;Débutant;Frère cadet de Mufasa et oncle de Simba, « méchant » de l'histoire, Scar a un nom qui signifie « cicatrice » en anglais.;https://fr.wikipedia.org/wiki/Le_Roi_lion
8;fr;Comment se prénomme le compagnon de Timon dans le film « Le Roi Lion » ?;Pumbaa;Zazu;Shenzi;Scar;Débutant;On en apprendra plus sur l'histoire de ces deux personnages dans le film « Le Roi lion 3 : Hakuna Matata ».;https://fr.wikipedia.org/wiki/Le_Roi_lion
9;fr;Dans quel paysage se déroule l'action du dessin animé « Le Roi Lion » ?;Dans la savane;Dans le désert;Dans les steppes;Dans les rochers;Débutant;Dans la savane africaine, tous les animaux de la Terre des Lions se sont réunis pour célébrer la naissance du prince Simba.;https://fr.wikipedia.org/wiki/Le_Roi_lion
10;fr;Quelle jeune lionne est l'amie d'enfance de Simba dans le film « Le Roi Lion » ?;Nala;Sarafina;Pumba;Zazu;Débutant;Devenu adulte, Simba retrouve par hasard Nala qu'une expédition de chasse avait emmenée de l'autre côté du désert.;https://fr.wikipedia.org/wiki/Le_Roi_lion
11;fr;Quel artiste international chante dans la bande originale du film « Le Roi Lion » ?;Elton John;Phil Collins;Tom Jones;Kurt Cobain;Confirmé;C'est avec le titre « Can You Feel the Love Tonight » qu'Elton John a pu intégrer le générique de fin du film.;https://fr.wikipedia.org/wiki/Le_Roi_lion
12;fr;Quel animal est Timon, le meilleur ami du phacochère Pumbaa dans le film « Le Roi Lion » ?;Un suricate;Un phacochère;Un calao;Un mandrill;Confirmé;Toujours à la recherche de confort et de bien-être, Timon et Pumbaa ont adopté la philosophie « Hakuna matata ».;https://fr.wikipedia.org/wiki/Le_Roi_lion
13;fr;Qui est le frère cadet de Mufasa dans le film Disney « Le Roi Lion » ?;Scar;Simba;Zazu;Sarafina;Confirmé;C'est Jeremy Irons qui prête sa voix à Scar dans la version originale du « Roi Lion » et Jean Piat qui s'y prête dans la version française.;https://fr.wikipedia.org/wiki/Le_Roi_lion
14;fr;Combien de temps dure le film « Le Roi Lion », sorti en 1994 des studios Walt Disney ?;89 minutes;68 minutes;78 minutes;105 minutes;Confirmé;Une nouvelle version du film est sortie directement en DVD en 2003 avec de nombreuses scènes modifiées et retouchées.;https://fr.wikipedia.org/wiki/Le_Roi_lion
15;fr;Quel grand poète et dramaturge est à l'origine de l'histoire du film « Le Roi Lion » de Disney ?;Shakespeare;Dickens;Doyle;Austen;Confirmé;William Shakespeare est réputé pour sa capacité à représenter les aspects de la nature humaine.;https://fr.wikipedia.org/wiki/William_Shakespeare
16;fr;Comment se prénomme la lionne et mère de Nala dans « Le Roi Lion » ?;Sarafina;Sérafina;Safarova;Sarabi;Confirmé;Son nom n'est jamais mentionné dans le film : ce n'est que dans les bandes dessinées et livres dérivés du film qu'il sera révélé.;https://fr.wikipedia.org/wiki/Sarafina_(Disney)
17;fr;Dans « Le Roi Lion », où Simba revoit-il son père après sa mort ?;Dans les nuages;Dans la poussière;Dans un rêve;Dans un arbre;Confirmé;Turbulent et désobéissant, Simba devient à l'âge adulte un roi aussi sage et bienveillant que le fut son père.;https://fr.wikipedia.org/wiki/Le_Roi_lion
18;fr;En quoi se déguise Timon, le petit suricate du célèbre film « Le Roi Lion » ?;En vahiné;En hyène;En lionceau;En brindille;Confirmé;Le suricate, parfois surnommé « sentinelle du désert », est un petit carnivore vivant dans le sud-ouest de l'Afrique.;https://fr.wikipedia.org/wiki/Le_Roi_lion
19;fr;Qui rodent autour de Simba quand Timon et Pumba le trouvent ?;Des hyènes;Des lions;Des fourmis;Des vautours;Confirmé;Shenzi, Banzaï et Ed constituent un trio de hyènes tachetées, affamées et présentées comme sauvages.;https://fr.wikipedia.org/wiki/Le_Roi_lion
20;fr;Combien de suites à succès ont été données au film d'animation « Le Roi Lion » ?;Deux;Trois;Quatre;Cinq;Confirmé;Deux suites seront données : « Le Roi lion 2 : L'Honneur de la tribu » (1998) et « Le Roi lion 3 : Hakuna Matata » (2004), sorties en vidéo.;https://fr.wikipedia.org/wiki/Le_Roi_lion
21;fr;Lequel de ces noms n'est pas celui d'une hyène dans « Le Roi Lion » ?;Korea;Ed;Shenzi;Banzaï;Expert;Ed, le second mâle du trio, ne parle pas et se contente d'approuver les initiatives des deux autres en riant de manière hystérique.;https://fr.wikipedia.org/wiki/Le_Roi_lion
22;fr;Qui traite Zazu de bec-de-banane dans le film « Le Roi Lion » ?;Simba;Scar;Nala;Les Hyènes;Expert;Heureux d'exercer son rôle auprès de Mufasa, Zazu est un calao à bec rouge occupant le poste de majordome royal.;https://fr.wikipedia.org/wiki/Le_Roi_lion
23;fr;Dans la savane profonde, où habite Rafiki dans le film « Le Roi Lion » ?;Dans un baobab;Dans les rochers;Chez sa mère;On ne le sait pas;Expert;Ce mandrill intervient ponctuellement pour informer un personnage ou l'amener à se poser « les bonnes questions ».;https://fr.wikipedia.org/wiki/Le_Roi_lion
24;fr;Qui conserve sa voix originale dans toutes les versions étrangères du « Roi Lion » ?;Ed;Zazu;Nala;Scar;Expert;Ses ricanements frénétiques et sa langue pendante donnent à Ed un air assez attardé sur le plan mental.;https://fr.wikipedia.org/wiki/Shenzi,_Banzaï_et_Ed
25;fr;Quelle race simiesque caractérise le sage Rafiki, sorcier du film « Le Roi Lion » ?;Mandrill;Gorille;Macaque;Babouin;Expert;Ce primate de la famille des cercopithécidés, apparenté au babouin, est très proche du drill.;https://fr.wikipedia.org/wiki/Mandrillus_sphinx
26;fr;Qui prête sa voix au personnage de Mufasa dans la version française du « Roi Lion » ?;Jean Reno;Gérard Darmon;Elie Semoun;Sébastien Cauet;Expert;Jean Reno, pseudonyme de Juan Moreno y Herrera-Jiménez, est né à Casablanca de parents espagnols.;https://fr.wikipedia.org/wiki/Le_Roi_lion
27;fr;Qui a réalisé le film « Le Roi Lion », sorti en France et en Belgique en novembre 1994 ?;Allers and Minkoff;Mecchi and Roberts;Minkoff and Mecchi;Roberts and Allers;Expert;« Le Roi lion » est l'un des deux seuls Classiques Disney (avec « Dinosaure ») dans lequel il n'est fait aucune référence aux humains.;https://fr.wikipedia.org/wiki/Le_Roi_lion
28;fr;Quel animal est Zazu dans le film « Le Roi Lion » réalisé par Roger Allers et Rob Minkoff ?;Un calao;Une perruche;Un perroquet;Un toucan;Expert;Zazu conserve ses fonctions lorsque Scar devient roi, mais celui-ci le confine alors dans un rôle subalterne.;https://fr.wikipedia.org/wiki/Le_Roi_lion
29;fr;Qui occupe le poste de majordome royal dans le film « Le Roi Lion » ?;Zazu;Nala;Scar;Ed;Expert;Qualifié de « bec-de-banane » ou de « loufiat du Grand Manitou », Zazu reste fier et essaye d'être à la hauteur de ses fonctions.;https://fr.wikipedia.org/wiki/Le_Roi_lion
30;fr;Quel est le titre laotien du film « Le Roi Lion », distribué par Buena Vista International ?;« Rex Leo »;« Krol Lew »;« Re Leone »;« Leona Rego »;Expert;Dans toutes les versions étrangères du « Roi lion » sorties dans le monde, le seul personnage à conserver sa voix originale est Ed.;https://fr.wikipedia.org/wiki/Le_Roi_lion
1;en;What is the name of the main character in the animated film « The Lion King » ?;Simba;Scar;Rafiki;Timon;Débutant;After winning victory against Scar the tyrant and his hyenas, Simba becomes king of the Pride Lands.;
2;en;What year marks the release in France of the cartoon « The Lion King », from Disney studios ?;1994;1992;1990;1996;Débutant;The film is largely inspired by Osamu Tezuka's work « King Leo » (1951) and « Hamlet » by William Shakespeare.;
3;en;What animal is Pumba, companion of Timon the meerkat in the film « The Lion King » ?;A warthog;A meerkat;A mandrill;A hornbill;Débutant;Warthogs can run very fast in times of danger, reaching speeds of over 50 km/h to escape predators.;
4;en;Which scarred lion is the villain of the story in the movie « The Lion King » ?;Scar;Pumba;Nala;Simba;Débutant;Having become a tyrant, Scar has ravaged the Land of Lions and imagines several diabolical plans to destroy his brother and his nephew.;
5;en;What is the name of Prince Simba's father in the animated film « The Lion King » ?;Mufasa;Scar;Sarafina;Pumba;Débutant;Loved and respected by his family, Mufasa reigns wisely over the Land of Lions but will nevertheless be betrayed and killed by his brother Scar.;
6;en;Who is behind the plot leading to Mufasa's murder in « The Lion King » ?;Scar;Ed;Simba;Pumba;Débutant;Deceitful, Machiavellian and cruel, he is finally deposed by Simba after having reigned as a tyrant and dies devoured by hyenas.;
7;en;What is Scar's physical peculiarity in « The Lion King » ?;A scar;A burnt face;A white eye;No mustaches;Débutant;Younger brother of Mufasa and uncle of Simba, villain of the story, Scar has a name that means scar in English.;
8;en;What is the name of Timon's companion in the film « The Lion King » ?;Pumbaa;Zazu;Shenzi;Scar;Débutant;We will learn more about the story of these two characters in the film « The Lion King 3 : Hakuna Matata ».;
9;en;In which landscape does the action of the cartoon « The Lion King » take place ?;In the savannah;In the desert;In the steppes;In the rocks;Débutant;In the African savannah, all the animals of the Pride Lands have gathered to celebrate the birth of Prince Simba.;
10;en;Which young lioness is Simba's childhood friend in the movie « The Lion King » ?;Nala;Sarafina;Pumba;Zazu;Débutant;As an adult, Simba accidentally finds Nala, whom a hunting expedition had taken to the other side of the desert.;
11;en;Which international artist sings in the soundtrack of the film « The Lion King » ?;Elton John;Phil Collins;Tom Jones;Kurt Cobain;Confirmé;It was with the title « Can You Feel the Love Tonight » that Elton John was able to integrate the end credits of the film.;
12;en;What animal is Timon, the best friend of the warthog Pumbaa in the film « The Lion King » ?;A meerkat;A warthog;A hornbill;A mandrill;Confirmé;Always looking for comfort and well-being, Timon and Pumbaa have adopted the Hakuna matata philosophy.;
13;en;Who is Mufasa's younger brother in the Disney movie « The Lion King » ?;Scar;Simba;Zazu;Sarafina;Confirmé;It's Jeremy Irons who lends his voice to Scar in the original version of « The Lion King » and Jean Piat who lends his voice to it in the French version.;
14;en;How long is the film « The Lion King », released in 1994 from Walt Disney Studios ?;89 minutes;68 minutes;78 minutes;105 minutes;Confirmé;A new version of the film was released directly to DVD in 2003 with many modified and retouched scenes.;
15;en;Which great poet and playwright is responsible for the story of Disney's « The Lion King » ?;Shakespeare;Dickens;Doyle;Austen;Confirmé;William Shakespeare is renowned for his ability to depict aspects of human nature.;https://en.wikipedia.org/wiki/William_Shakespeare
16;en;What is the name of the lioness and mother of Nala in « The Lion King » ?;Sarafina;Serafina;Safarová;Sarabi;Confirmé;His name is never mentioned in the film : it is only in the comics and books derived from the film that he will be revealed.;
17;en;In « The Lion King », where does Simba see his father after his death ?;In the clouds;In the dust;In a dream;In a tree;Confirmé;Turbulent and disobedient, Simba becomes as an adult a king as wise and benevolent as his father was.;
18;en;What does Timon, the little meerkat from the famous film « The Lion King », dress up as ?;In vahine;In hyena;In lion cub;In twig;Confirmé;The meerkat, sometimes called desert sentinel, is a small carnivore living in southwest Africa.;
19;en;Who are lurking around Simba when Timon and Pumbaa find him ?;Hyenas;Lions;Ants;Vultures;Confirmé;Shenzi, Banzaï and Ed make up a trio of spotted hyenas, hungry and presented as wild.;
20;en;How many successful sequels have been given to the animated film « The Lion King » ?;Two;Three;Four;Five;Confirmé;Two sequels will be given : « The Lion King 2 : Honor of the Tribe » (1998) and « The Lion King 3 : Hakuna Matata » (2004), released on video.;
21;en;Which of these names is not that of a hyena in « The Lion King » ?;Korea;Ed;Shenzi;Banzai;Expert;Ed, the second male of the trio, does not speak and simply approves the initiatives of the other two while laughing hysterically.;
22;en;Who calls Zazu a banana mouth in the movie « The Lion King » ?;Simba;Scar;Nala;The Hyenas;Expert;Happy to fulfill his role with Mufasa, Zazu is a red-billed hornbill occupying the position of royal butler.;
23;en;In the deep savannah, where does Rafiki live in the film « The Lion King » ?;In a baobab;In the rocks;At his mother's;We don't know;Expert;This mandrill intervenes occasionally to inform a character or get them to ask the right questions.;
24;en;Who keeps their original voice in all foreign versions of « The Lion King » ?;Ed;Zazu;Nala;Scar;Expert;His frantic giggling and lolling tongue make Ed seem quite mentally retarded.;
25;en;What ape race characterizes the wise Rafiki, sorcerer from the film « The Lion King » ?;Mandrill;Gorilla;Macaque;Baboon;Expert;This primate from the Cercopithecidae family, related to the baboon, is very close to the drill.;https://en.wikipedia.org/wiki/Mandrill
26;en;Who lends his voice to the character of Mufasa in the French version of « The Lion King » ?;Jean Reno;Gérard Darmon;Elie Semoun;Sébastien Cauet;Expert;Jean Reno, pseudonym of Juan Moreno y Herrera-Jiménez, was born in Casablanca to Spanish parents.;
27;en;Who directed the film « The Lion King », released in France and Belgium in November 1994 ?;Allers and Minkoff;Mecchi and Roberts;Minkoff and Mecchi;Roberts and Allers;Expert;« The Lion King » is one of only two Disney Classics (along with « Dinosaur ») in which there is no reference to humans.;
28;en;What animal is Zazu in the film « The Lion King » directed by Roger Allers and Rob Minkoff ?;A hornbill;A parakeet;A parrot;A toucan;Expert;Zazu retains his functions when Scar becomes king, but this then confines him to a subordinate role.;
29;en;Who plays the role of royal butler in the movie « The Lion King » ?;Zazu;Nala;Scar;Ed;Expert;Described as a banana beak or a loufiat du Grand Manitou, Zazu remains proud and tries to live up to his duties.;
30;en;What is the Laotian title of the film « The Lion King », distributed by Buena Vista International ?;« Rex Leo »;« Krol Lew »;« Re Leone »;« Leona Rego »;Expert;In all foreign versions of « The Lion King » released worldwide, the only character to retain his original voice is Ed.;
1;de;Wie heißt die Hauptfigur im Animationsfilm « The Lion King » ?;Simba;Narbe;Rafiki;Timon;Débutant;Nach dem Sieg über den Tyrannen Scar und seine Hyänen wird Simba König des Geweihten Landes.;
2;de;In welchem Jahr erscheint in Frankreich der Zeichentrickfilm « The Lion King » aus den Disney-Studios ?;1994;1992;1990;1996;Débutant;Der Film ist weitgehend von Osamu Tezukas Werken « König Leo » (1951) und « Hamlet » von William Shakespeare inspiriert.;
3;de;Welches Tier ist Pumba, Begleiter von Timon, dem Erdmännchen im Film « The Lion King » ?;Ein Warzenschwein;Ein Erdmännchen;Ein Mandrill;Ein Nashornvogel;Débutant;Warzenschweine können in Gefahrensituationen sehr schnell rennen und Geschwindigkeiten von über 50 km/h erreichen, um Raubtieren zu entkommen.;
4;de;Welcher vernarbte Löwe ist der Bösewicht der Geschichte im Film « The Lion King » ?;Narbe;Pumba;Nala;Simba;Débutant;Als Tyrann hat Scar das Land der Löwen verwüstet und heckt mehrere teuflische Pläne aus, um seinen Bruder und seinen Neffen zu vernichten.;
5;de;Wie heißt Prinz Simbas Vater im Zeichentrickfilm « The Lion King » ?;Mufasa;Narbe;Sarafina;Pumba;Débutant;Von seiner Familie geliebt und respektiert, regiert Mufasa weise über das Land der Löwen, wird aber dennoch von seinem Bruder Scar verraten und getötet.;
6;de;Wer steckt hinter der Verschwörung, die zur Ermordung von Mufasa in « The Lion King » führt ?;Narbe;Ed;Simba;Pumba;Débutant;Hinterlistig, machiavellistisch und grausam, wird er schließlich von Simba abgesetzt, nachdem er als Tyrann regiert hatte, und stirbt von Hyänen verschlungen.;
7;de;Was ist Scars körperliche Besonderheit in « The Lion King » ?;Eine Narbe;Ein verbranntes Gesicht;Ein weißes Auge;Keine Schnurrbärte;Débutant;Scar, der jüngere Bruder von Mufasa und Onkel von Simba, dem Bösewicht der Geschichte, hat einen Namen, der auf Englisch Narbe bedeutet.;
8;de;Wie heißt Timons Begleiter im Film « The Lion King » ?;Pumbaa;Zazu;Shenzi;Narbe;Débutant;Mehr über die Geschichte dieser beiden Charaktere erfahren wir im Film « Der König der Löwen 3 : Hakuna Matata ».;
9;de;In welcher Landschaft spielt sich die Handlung des Zeichentrickfilms « The Lion King » ab ?;In der Savanne;In der Wüste;In der Steppe;In den Felsen;Débutant;In der afrikanischen Savanne haben sich alle Tiere des Geweihten Landes versammelt, um die Geburt von Prinz Simba zu feiern.;
10;de;Welche junge Löwin ist Simbas Jugendfreundin im Film « The Lion King » ?;Nala;Sarafina;Pumba;Zazu;Débutant;Als Erwachsener findet Simba zufällig Nala, die auf einer Jagdexpedition auf die andere Seite der Wüste gebracht wurde.;
11;de;Welcher internationale Künstler singt im Soundtrack des Films « The Lion King » ?;Elton John;Phil Collins;Tom Jones;Kurt Cobain;Confirmé;Mit dem Titel « Can You Feel the Love Tonight » gelang es Elton John, den Abspann des Films zu integrieren.;
12;de;Welches Tier ist Timon, der beste Freund des Warzenschweins Pumbaa im Film « The Lion King » ?;Ein Erdmännchen;Ein Warzenschwein;Ein Nashornvogel;Ein Mandrill;Confirmé;Timon und Pumbaa sind immer auf der Suche nach Komfort und Wohlbefinden und haben die Philosophie von Hakuna Matata übernommen.;
13;de;Wer ist Mufasas jüngerer Bruder im Disney-Film « The Lion King » ?;Narbe;Simba;Zazu;Sarafina;Confirmé;Es ist Jeremy Irons, der Scar in der Originalfassung von « The Lion King » seine Stimme leiht, und Jean Piat, der ihm in der französischen Fassung seine Stimme leiht.;
14;de;Wie lang ist der Film « The Lion King », der 1994 von den Walt Disney Studios veröffentlicht wurde ?;89 Minuten;68 Minuten;78 Minuten;105 Minuten;Confirmé;Eine neue Version des Films wurde 2003 mit vielen modifizierten und retuschierten Szenen direkt auf DVD veröffentlicht.;
15;de;Welcher große Dichter und Dramatiker ist für die Geschichte von Disneys « The Lion King » verantwortlich ?;Shakespeare;Dickens;Doyle;Austen;Confirmé;William Shakespeare ist bekannt für seine Fähigkeit, Aspekte der menschlichen Natur darzustellen.;https://de.wikipedia.org/wiki/William_Shakespeare
16;de;Wie heißt die Löwin und Mutter von Nala in « The Lion King » ?;Sarafina;Serafina;Safarová;Sarabi;Confirmé;Sein Name wird im Film nie erwähnt : Er wird nur in den aus dem Film abgeleiteten Comics und Büchern enthüllt.;
17;de;Wo sieht Simba in « The Lion King » seinen Vater nach seinem Tod ?;In den Wolken;Im Staub;Im Traum;In einem Baum;Confirmé;Simba ist unruhig und ungehorsam und wird als Erwachsener ein ebenso weiser und gütiger König wie sein Vater.;
18;de;Als was verkleidet sich Timon, das kleine Erdmännchen aus dem berühmten Film « Der König der Löwen » ?;Vergeblich;Bei Hyänen;Im Löwenbaby;Im Zweig;Confirmé;Das Erdmännchen, manchmal auch Wüstenwächter genannt, ist ein kleiner Fleischfresser, der im Südwesten Afrikas lebt.;
19;de;Wer lauert um Simba herum, als Timon und Pumbaa ihn finden ?;Hyänen;Löwen;Ameisen;Geier;Confirmé;Shenzi, Banzaï und Ed bilden ein Trio aus Tüpfelhyänen, hungrig und als wild dargestellt.;
20;de;Wie viele erfolgreiche Fortsetzungen gab es für den Animationsfilm « The Lion King » ?;Zwei;Drei;Vier;Fünf;Confirmé;Es wird zwei Fortsetzungen geben : « Der König der Löwen 2 : Ehre des Stammes » (1998) und « Der König der Löwen 3 : Hakuna Matata » (2004), veröffentlicht auf Video.;
21;de;Welcher dieser Namen ist nicht der einer Hyäne aus « The Lion King » ?;Korea;Ed;Shenzi;Banzai;Expert;Ed, der zweite Mann des Trios, spricht nicht und billigt einfach die Initiativen der anderen beiden, während er hysterisch lacht.;
22;de;Wer nennt Zazu im Film « The Lion King » ein Bananenmaul ?;Simba;Narbe;Nala;Die Hyänen;Expert;Zazu, ein Rotschnabel-Nashornvogel, der die Position des königlichen Butlers einnimmt, freut sich, seine Rolle bei Mufasa zu erfüllen.;
23;de;Wo lebt Rafiki in der tiefen Savanne im Film « The Lion King » ?;In einem Baobab;In den Felsen;Bei seiner Mutter;Wir wissen es nicht;Expert;Dieser Mandrill greift gelegentlich ein, um einen Charakter zu informieren oder ihn dazu zu bringen, die richtigen Fragen zu stellen.;
24;de;Wer behält seine Originalstimme in allen ausländischen Versionen von « The Lion King » ?;Ed;Zazu;Nala;Narbe;Expert;Sein hektisches Kichern und seine heraushängende Zunge lassen Ed geistig ziemlich zurückgeblieben erscheinen.;
25;de;Welche Affenrasse charakterisiert den weisen Rafiki, den Zauberer aus dem Film « The Lion King » ?;Mandrill;Gorilla;Makaken;Pavian;Expert;Dieser mit dem Pavian verwandte Primat aus der Familie der Cercopithecidae steht dem Bohrer sehr nahe.;https://de.wikipedia.org/wiki/Mandrill
26;de;Wer leiht der Figur Mufasa in der französischen Fassung von « The Lion King » seine Stimme ?;Jean Reno;Gérard Darmon;Elie Semoun;Sébastien Cauet;Expert;Jean Reno, Pseudonym von Juan Moreno y Herrera-Jiménez, wurde in Casablanca als Sohn spanischer Eltern geboren.;
27;de;Wer war Regisseur des Films « The Lion King », der im November 1994 in Frankreich und Belgien in die Kinos kam ?;Allers and Minkoff;Mecchi and Roberts;Minkoff and Mecchi;Roberts and Allers;Expert;« The Lion King » ist einer von nur zwei Disney-Klassikern (zusammen mit « Dinosaurier »), in denen es keinen Bezug zu Menschen gibt.;
28;de;Welches Tier ist Zazu im Film « The Lion King » unter der Regie von Roger Allers und Rob Minkoff ?;Ein Nashornvogel;Ein Sittich;Ein Papagei;Ein Tukan;Expert;Zazu behält seine Funktionen, als Scar König wird, was ihn jedoch auf eine untergeordnete Rolle beschränkt.;
29;de;Wer spielt die Rolle des königlichen Butlers im Film « The Lion King » ?;Zazu;Nala;Narbe;Ed;Expert;Zazu, der als Bananenschnabel oder Loufiat du Grand Manitou beschrieben wird, bleibt stolz und versucht, seinen Pflichten gerecht zu werden.;
30;de;Wie lautet der laotische Titel des Films « The Lion King », der von Buena Vista International vertrieben wird ?;« Rex Leo »;« Krol Lew »;« Re Leone »;« Leona Rego »;Expert;In allen weltweit veröffentlichten ausländischen Versionen von « The Lion King » ist Ed der einzige Charakter, der seine ursprüngliche Stimme behält.;
1;es;¿Cómo se llama el personaje principal de la película animada « The Lion King » ?;Simba;Cicatriz;rafiki;Timón;Débutant;Después de obtener la victoria contra Scar, el tirano y sus hienas, Simba se convierte en rey de las Tierras del Reino.;
2;es;¿En qué año se estrena en Francia la caricatura « The Lion King », de los estudios Disney ?;1994;1992;1990;1996;Débutant;La película está inspirada en gran medida en la obra « Rey Leo » (1951) de Osamu Tezuka y « Hamlet » de William Shakespeare.;
3;es;¿Qué animal es Pumba, compañera de la suricata Timón en la película « The Lion King » ?;Un jabalí;Una suricata;Un mandril;Un cálao;Débutant;Los jabalíes pueden correr muy rápido en momentos de peligro, alcanzando velocidades de más de 50 km/h para escapar de los depredadores.;
4;es;¿Qué león con cicatrices es el villano de la historia de la película « The Lion King » ?;Cicatriz;Pumba;Nalá;Simba;Débutant;Tras convertirse en tirano, Scar ha asolado la Tierra de los Leones e imagina varios planes diabólicos para destruir a su hermano y a su sobrino.;
5;es;¿Cómo se llama el padre del Príncipe Simba en la película animada « The Lion King » ?;Mufasa;Cicatriz;Sarafina;Pumba;Débutant;Amado y respetado por su familia, Mufasa reina sabiamente sobre la Tierra de los Leones pero, aun así, será traicionado y asesinado por su hermano Scar.;
6;es;¿Quién está detrás del complot que lleva al asesinato de Mufasa en « The Lion King » ?;Cicatriz;Ed;Simba;Pumba;Débutant;Engañoso, maquiavélico y cruel, finalmente es depuesto por Simba después de haber reinado como tirano y muere devorado por las hienas.;
7;es;¿Cuál es la peculiaridad física de Scar en « The Lion King » ?;Una cicatriz;Una cara quemada;Un ojo blanco;Sin bigotes;Débutant;Hermano menor de Mufasa y tío de Simba, villano de la historia, Scar tiene un nombre que significa cicatriz en inglés.;
8;es;¿Cómo se llama el compañero de Timón en la película « The Lion King » ?;Pumba;Zazú;shenzi;Cicatriz;Débutant;Conoceremos más sobre la historia de estos dos personajes en la película « El Rey León 3 : Hakuna Matata ».;
9;es;¿En qué paisaje se desarrolla la acción de la caricatura « The Lion King » ?;En la sabana;En el desierto;En las estepas;En las rocas;Débutant;En la sabana africana, todos los animales de las Tierras del Reino se han reunido para celebrar el nacimiento del Príncipe Simba.;
10;es;¿Qué joven leona es la amiga de la infancia de Simba en la película « The Lion King » ?;Nalá;Sarafina;Pumba;Zazú;Débutant;Ya adulto, Simba encuentra accidentalmente a Nala, a quien una expedición de caza había llevado al otro lado del desierto.;
11;es;¿Qué artista internacional canta en la banda sonora de la película « The Lion King » ?;Elton John;Phil Collins;Tom Jones;Kurt Cobain;Confirmé;Fue con el título « Can You Feel the Love Tonight » que Elton John pudo integrar los créditos finales de la película.;
12;es;¿Qué animal es Timón, el mejor amigo del jabalí Pumba en la película « The Lion King » ?;Una suricata;Un jabalí;Un cálao;Un mandril;Confirmé;Buscando siempre la comodidad y el bienestar, Timón y Pumba han adoptado la filosofía Hakuna matata.;
13;es;¿Quién es el hermano menor de Mufasa en la película de Disney « The Lion King » ?;Cicatriz;Simba;Zazú;Sarafina;Confirmé;Es Jeremy Irons quien presta su voz a Scar en la versión original de « The Lion King » y Jean Piat quien presta su voz en la versión francesa.;
14;es;¿Cuánto dura la película « The Lion King », estrenada en 1994 por los estudios Walt Disney ?;89 minutos;68 minutos;78 minutos;105 minutos;Confirmé;En 2003 se lanzó una nueva versión de la película directamente en DVD con muchas escenas modificadas y retocadas.;
15;es;¿Qué gran poeta y dramaturgo es el responsable de la historia de « The Lion King » de Disney ?;Shakespeare;Dickens;Doyle;austen;Confirmé;William Shakespeare es conocido por su capacidad para representar aspectos de la naturaleza humana.;https://es.wikipedia.org/wiki/William_Shakespeare
16;es;¿Cómo se llama la leona y madre de Nala en « The Lion King » ?;Sarafina;Serafina;Safarová;Sarabí;Confirmé;Su nombre nunca se menciona en la película : sólo se revelará en los cómics y libros derivados de la película.;
17;es;En « The Lion King », ¿dónde ve Simba a su padre después de su muerte ?;En las nubes;En el polvo;En un sueño;En un árbol;Confirmé;Turbulento y desobediente, Simba se convierte de adulto en un rey tan sabio y benevolente como lo fue su padre.;
18;es;¿De qué se disfraza Timón, el pequeño suricato de la famosa película « El Rey León » ?;En vahine;En hiena;En cachorro de león;En ramita;Confirmé;La suricata, a veces llamada centinela del desierto, es un pequeño carnívoro que vive en el suroeste de África.;
19;es;¿Quiénes acechan a Simba cuando Timón y Pumba lo encuentran ?;Hienas;Leones;Hormigas;Buitres;Confirmé;Shenzi, Banzaï y Ed forman un trío de hienas manchadas, hambrientas y presentadas como salvajes.;
20;es;¿Cuántas secuelas exitosas se le han dado a la película de animación « The Lion King » ?;Dos;Tres;Cuatro;Cinco;Confirmé;Se darán dos secuelas : « El Rey León 2 : El honor de la tribu » (1998) y « El Rey León 3 : Hakuna Matata » (2004), estrenada en vídeo.;
21;es;¿Cuál de estos nombres no es el de una hiena de « The Lion King » ?;Corea;Ed;shenzi;Banzaí;Expert;Ed, el segundo macho del trío, no habla y simplemente aprueba las iniciativas de los otros dos mientras ríe histéricamente.;
22;es;¿Quién llama a Zazú boca de plátano en la película « The Lion King » ?;Simba;Cicatriz;Nalá;Las hienas;Expert;Feliz de cumplir su papel con Mufasa, Zazu es un cálao de pico rojo que ocupa el puesto de mayordomo real.;
23;es;En la profunda sabana, ¿dónde vive Rafiki en la película « The Lion King » ?;En un baobab;En las rocas;En casa de su madre;No lo sabemos;Expert;Este mandril interviene ocasionalmente para informar a un personaje o hacer que haga las preguntas correctas.;
24;es;¿Quién mantiene su voz original en todas las versiones extranjeras de « The Lion King » ?;Ed;Zazú;Nalá;Cicatriz;Expert;Sus risas frenéticas y su lengua colgando hacen que Ed parezca bastante retrasado mental.;
25;es;¿Qué raza de simios caracteriza al sabio Rafiki, hechicero de la película « The Lion King » ?;Mandril;Gorila;macaco;Babuino;Expert;Este primate de la familia Cercopithecidae, emparentada con los babuinos, es muy parecido al taladro.;https://es.wikipedia.org/wiki/Mandrillus_sphinx
26;es;¿Quién presta su voz al personaje de Mufasa en la versión francesa de « The Lion King » ?;Jean Reno;Gérard Darmon;Elie Semoun;Sébastien Cauet;Expert;Jean Reno, seudónimo de Juan Moreno y Herrera-Jiménez, nació en Casablanca de padres españoles.;
27;es;¿Quién dirigió la película « The Lion King », estrenada en Francia y Bélgica en noviembre de 1994 ?;Allers and Minkoff;Mecchi y Roberts;Minkoff y Mecchi;Roberts y Allers;Expert;« El Rey León » es uno de los dos únicos clásicos de Disney (junto con « Dinosaurio ») en los que no hay ninguna referencia a los humanos.;
28;es;¿Qué animal es Zazú en la película « The Lion King » dirigida por Roger Allers y Rob Minkoff ?;Un cálao;Un periquito;Un loro;Un tucán;Expert;Zazu conserva sus funciones cuando Scar se convierte en rey, pero esto lo confina a un papel subordinado.;
29;es;¿Quién interpreta el papel del mayordomo real en la película « The Lion King » ?;Zazú;Nalá;Cicatriz;Ed;Expert;Descrito como un pico de plátano o un loufiat du Grand Manitou, Zazu se mantiene orgulloso y trata de estar a la altura de sus deberes.;
30;es;¿Cuál es el título laosiano de la película « The Lion King », distribuida por Buena Vista International ?;« Rex Leo »;« Krol Lew »;« Re Leone »;« Leona Rego »;Expert;En todas las versiones extranjeras de « The Lion King » lanzadas en todo el mundo, el único personaje que conserva su voz original es Ed.;
1;it;Qual è il nome del personaggio principale del film d'animazione « The Lion King » ?;Simba;Cicatrice;Rafiki;Timone;Débutant;Dopo aver vinto contro Scar il tiranno e le sue iene, Simba diventa re delle Terre del Branco.;
2;it;In che anno segna l'uscita in Francia del cartone animato « The Lion King », degli studi Disney ?;1994;1992;1990;1996;Débutant;Il film è in gran parte ispirato all'opera « King Leo » (1951) di Osamu Tezuka e all'« Hamlet » di William Shakespeare.;
3;it;Che animale è Pumba, compagno del suricato Timon nel film « The Lion King » ?;Un facocero;Un suricato;Un mandrillo;Un bucero;Débutant;I facoceri possono correre molto velocemente nei momenti di pericolo, raggiungendo velocità superiori a 50 km/h per sfuggire ai predatori.;
4;it;Quale leone sfregiato è il cattivo della storia del film « The Lion King » ?;Cicatrice;Pumba;Nala;Simba;Débutant;Divenuto tiranno, Scar ha devastato la Terra dei Leoni e immagina diversi piani diabolici per distruggere suo fratello e suo nipote.;
5;it;Qual è il nome del padre del principe Simba nel film d'animazione « The Lion King » ?;Mufasa;Cicatrice;Sarafina;Pumba;Débutant;Amato e rispettato dalla sua famiglia, Mufasa regna saggiamente sulla Terra dei Leoni ma verrà tuttavia tradito e ucciso dal fratello Scar.;
6;it;Chi si nasconde dietro il complotto che porta all'omicidio di Mufasa in « The Lion King » ?;Cicatrice;Ed;Simba;Pumba;Débutant;Subdolo, machiavellico e crudele, viene infine deposto da Simba dopo aver regnato come tiranno e muore divorato dalle iene.;
7;it;Qual è la particolarità fisica di Scar in « The Lion King » ?;Una cicatrice;Una faccia bruciata;Un occhio bianco;Niente baffi;Débutant;Fratello minore di Mufasa e zio di Simba, cattivo della storia, Scar ha un nome che significa cicatrice in inglese.;
8;it;Come si chiama il compagno di Timon nel film « The Lion King » ?;Pumbaa;Zazù;Shenzi;Cicatrice;Débutant;Impareremo di più sulla storia di questi due personaggi nel film « Il Re Leone 3 : Hakuna Matata ».;
9;it;In quale paesaggio si svolge l'azione del cartone animato « The Lion King » ?;Nella savana;Nel deserto;Nelle steppe;Nelle rocce;Débutant;Nella savana africana tutti gli animali delle Terre del Branco si sono riuniti per celebrare la nascita del principe Simba.;
10;it;Quale giovane leonessa è l'amica d'infanzia di Simba nel film « The Lion King » ?;Nala;Sarafina;Pumba;Zazù;Débutant;Da adulto, Simba trova accidentalmente Nala, che una spedizione di caccia aveva portato dall'altra parte del deserto.;
11;it;Quale artista internazionale canta nella colonna sonora del film « The Lion King » ?;Elton John;Phil Collins;TomJones;Kurt Cobain;Confirmé;È stato con il titolo « Can You Feel the Love Tonight » che Elton John ha potuto integrare i titoli di coda del film.;
12;it;Che animale è Timon, il migliore amico del facocero Pumbaa nel film « The Lion King » ?;Un suricato;Un facocero;Un bucero;Un mandrillo;Confirmé;Sempre alla ricerca di conforto e benessere, Timon e Pumbaa hanno adottato la filosofia Hakuna matata.;
13;it;Chi è il fratello minore di Mufasa nel film Disney « The Lion King » ?;Cicatrice;Simba;Zazù;Sarafina;Confirmé;Sono Jeremy Irons a prestare la voce a Scar nella versione originale de « The Lion King » e Jean Piat a prestargli la voce nella versione francese.;
14;it;Quanto dura il film « The Lion King », uscito nel 1994 da Walt Disney Studios ?;89 minuti;68 minuti;78 minuti;105 minuti;Confirmé;Una nuova versione del film è stata rilasciata direttamente su DVD nel 2003 con molte scene modificate e ritoccate.;
15;it;Quale grande poeta e drammaturgo è responsabile della storia de « The Lion King » della Disney ?;Shakespeare;Dickens;Doyle;Austen;Confirmé;William Shakespeare è rinomato per la sua capacità di rappresentare aspetti della natura umana.;https://it.wikipedia.org/wiki/William_Shakespeare
16;it;Qual è il nome della leonessa e madre di Nala in « The Lion King » ?;Sarafina;Serafina;Safarová;Sarabi;Confirmé;Il suo nome non viene mai menzionato nel film : sarà rivelato solo nei fumetti e nei libri derivati dal film.;
17;it;In « The Lion King », dove Simba vede suo padre dopo la sua morte ?;Tra le nuvole;Nella polvere;In un sogno;Su un albero;Confirmé;Turbolento e disobbediente, Simba diventa da adulto un re saggio e benevolo come lo era suo padre.;
18;it;Da cosa si veste Timon, il piccolo suricato del famoso film « Il re leone » ?;Invano;Nella iena;Nel cucciolo di leone;Nel ramoscello;Confirmé;Il suricato, a volte chiamato sentinella del deserto, è un piccolo carnivoro che vive nell'Africa sudoccidentale.;
19;it;Chi si nasconde attorno a Simba quando Timon e Pumbaa lo trovano ?;Iene;Leoni;Formiche;Avvoltoi;Confirmé;Shenzi, Banzaï ed Ed formano un trio di iene maculate, affamate e presentate come selvagge.;
20;it;Quanti seguiti di successo sono stati realizzati per il film d'animazione « The Lion King » ?;Due;Tre;Quattro;Cinque;Confirmé;Verranno forniti due sequel : « Il re leone 2 : L'onore della tribù » (1998) e « Il re leone 3 : Hakuna Matata » (2004), pubblicati in video.;
21;it;Quale di questi nomi non è quello di una iena ne « The Lion King » ?;Corea;Ed;Shenzi;Banzai;Expert;Ed, il secondo maschio del trio, non parla e si limita ad approvare le iniziative degli altri due ridendo a crepapelle.;
22;it;Chi chiama Zazu bocca di banana nel film « The Lion King » ?;Simba;Cicatrice;Nala;Le Iene;Expert;Felice di svolgere il suo ruolo con Mufasa, Zazu è un bucero dal becco rosso che occupa la posizione di maggiordomo reale.;
23;it;Nella profonda savana, dove vive Rafiki nel film « The Lion King » ?;In un baobab;Nelle rocce;Da sua madre;Non lo sappiamo;Expert;Questo mandrillo interviene occasionalmente per informare un personaggio o indurlo a porre le domande giuste.;
24;it;Chi mantiene la voce originale in tutte le versioni straniere de « The Lion King » ?;Ed;Zazù;Nala;Cicatrice;Expert;Le sue risatine frenetiche e la lingua penzolante fanno sembrare Ed piuttosto un ritardato mentale.;
25;it;Quale razza di scimmie caratterizza il saggio Rafiki, lo stregone del film « The Lion King » ?;Mandrillo;Gorilla;Macaco;Babbuino;Expert;Questo primate della famiglia dei Cercopithecidae, imparentato con il babbuino, è molto vicino al trapano.;https://it.wikipedia.org/wiki/Mandrillus_sphinx
26;it;Chi presta la voce al personaggio di Mufasa nella versione francese de « The Lion King » ?;Jean Reno;Gérard Darmon;Elie Semoun;Sébastien Cauet;Expert;Jean Reno, pseudonimo di Juan Moreno y Herrera-Jiménez, è nato a Casablanca da genitori spagnoli.;
27;it;Chi ha diretto il film « The Lion King », uscito in Francia e Belgio nel novembre 1994 ?;Allers and Minkoff;Mecchi and Roberts;Minkoff and Mecchi;Roberts and Allers;Expert;« Il Re Leone » è uno degli unici due classici Disney (insieme a « Dinosauro ») in cui non vi è alcun riferimento agli esseri umani.;
28;it;Che animale è Zazu nel film « The Lion King » diretto da Roger Allers e Rob Minkoff ?;Un bucero;Un parrocchetto;Un pappagallo;Un tucano;Expert;Zazu mantiene le sue funzioni quando Scar diventa re, ma questo lo confina a un ruolo subordinato.;
29;it;Chi interpreta il ruolo del maggiordomo reale nel film « The Lion King » ?;Zazù;Nala;Cicatrice;Ed;Expert;Descritto come un becco di banana o un loufiat du Grand Manitou, Zazu rimane orgoglioso e cerca di essere all'altezza dei suoi doveri.;
30;it;Qual è il titolo laotiano del film « The Lion King », distribuito da Buena Vista International ?;« Rex Leo »;« Krol Lew »;« Re Leone »;« Leona Rego »;Expert;In tutte le versioni straniere de « The Lion King » pubblicate in tutto il mondo, l'unico personaggio a mantenere la sua voce originale è Ed.;
1;nl;Wat is de naam van de hoofdpersoon in de animatiefilm « The Lion King » ?;Simba;Litteken;Rafiki;Timon;Débutant;Na het behalen van de overwinning tegen Scar de tiran en zijn hyena's, wordt Simba koning van de Pride Lands.;
2;nl;Welk jaar markeert de release in Frankrijk van de tekenfilm « The Lion King », uit Disney-studio's ?;1994;1992;1990;1996;Débutant;De film is grotendeels geïnspireerd door Osamu Tezuka's werk « King Leo » (1951) en « Hamlet » van William Shakespeare.;
3;nl;Welk dier is Pumba, metgezel van Timon het meerkat in de film « The Lion King » ?;Een wrattenzwijn;Een stokstaartje;Een mandril;Een neushoornvogel;Débutant;Wrattenzwijnen kunnen in tijden van gevaar heel snel rennen en bereiken snelheden van meer dan 50 km/u om aan roofdieren te ontsnappen.;
4;nl;Welke gehavende leeuw is de slechterik uit het verhaal in de film « The Lion King » ?;Litteken;Pumba;Nala;Simba;Débutant;Nadat hij een tiran is geworden, heeft Scar het Land van de Leeuwen verwoest en bedenkt hij verschillende duivelse plannen om zijn broer en zijn neef te vernietigen.;
5;nl;Hoe heet de vader van prins Simba in de animatiefilm « The Lion King » ?;Mufasa;Litteken;Sarafina;Pumba;Débutant;Geliefd en gerespecteerd door zijn familie, regeert Mufasa wijselijk over het Land van Leeuwen, maar zal niettemin worden verraden en vermoord door zijn broer Scar.;
6;nl;Wie zit er achter het complot dat leidt tot de moord op Mufasa in « The Lion King » ?;Litteken;Ed;Simba;Pumba;Débutant;Bedrieglijk, machiavellistisch en wreed, wordt hij uiteindelijk afgezet door Simba nadat hij als tiran heeft geregeerd en sterft hij verslonden door hyena's.;
7;nl;Wat is de fysieke eigenaardigheid van Scar in « The Lion King » ?;Een litteken;Een verbrand gezicht;Een wit oog;Geen snorren;Débutant;De jongere broer van Mufasa en de oom van Simba, de slechterik van het verhaal, Scar heeft een naam die litteken betekent in het Engels.;
8;nl;Hoe heet de metgezel van Timon in de film « The Lion King » ?;Pumbaa;Zazu;Shenzi;Litteken;Débutant;We zullen meer te weten komen over het verhaal van deze twee personages in de film « The Lion King 3 : Hakuna Matata ».;
9;nl;In welk landschap speelt de actie van de tekenfilm « The Lion King » zich af ?;In de savanne;In de woestijn;In de steppen;In de rotsen;Débutant;In de Afrikaanse savanne zijn alle dieren van de Pride Lands samengekomen om de geboorte van prins Simba te vieren.;
10;nl;Welke jonge leeuwin is Simba's jeugdvriendin in de film « The Lion King » ?;Nala;Sarafina;Pumba;Zazu;Débutant;Als volwassene vindt Simba per ongeluk Nala, die tijdens een jachtexpeditie naar de andere kant van de woestijn was gebracht.;
11;nl;Welke internationale artiest zingt in de soundtrack van de film « The Lion King » ?;Elton John;Phil Collins;Tom Jones;Kurt Cobain;Confirmé;Het was met de titel « Can You Feel the Love Tonight » dat Elton John de aftiteling van de film kon integreren.;
12;nl;Welk dier is Timon, de beste vriend van het wrattenzwijn Pumbaa in de film « The Lion King » ?;Een stokstaartje;Een wrattenzwijn;Een neushoornvogel;Een mandril;Confirmé;Timon en Pumbaa zijn altijd op zoek naar comfort en welzijn en hebben de Hakuna matata-filosofie overgenomen.;
13;nl;Wie is Mufasa's jongere broer in de Disney-film « The Lion King » ?;Litteken;Simba;Zazu;Sarafina;Confirmé;Het is Jeremy Irons die zijn stem leent aan Scar in de originele versie van « The Lion King » en Jean Piat die zijn stem leent in de Franse versie.;
14;nl;Hoe lang duurt de film « The Lion King », uitgebracht in 1994 door Walt Disney Studios ?;89 minuten;68 minuten;78 minuten;105 minuten;Confirmé;Een nieuwe versie van de film werd in 2003 rechtstreeks op dvd uitgebracht met veel gewijzigde en geretoucheerde scènes.;
15;nl;Welke grote dichter en toneelschrijver is verantwoordelijk voor het verhaal van Disney's « The Lion King » ?;Shakespeare;Dickens;Doyle;Austen;Confirmé;William Shakespeare staat bekend om zijn vermogen om aspecten van de menselijke natuur weer te geven.;https://nl.wikipedia.org/wiki/William_Shakespeare
16;nl;Wat is de naam van de leeuwin en moeder van Nala in « The Lion King » ?;Sarafina;Serafina;Safarová;Sarabi;Confirmé;Zijn naam wordt nooit genoemd in de film : alleen in de strips en boeken die van de film zijn afgeleid, wordt hij onthuld.;
17;nl;Waar ziet Simba zijn vader in « The Lion King » na zijn dood ?;In de wolken;In het stof;In een droom;In een boom;Confirmé;Onstuimig en ongehoorzaam wordt Simba als volwassene een koning die net zo wijs en welwillend is als zijn vader.;
18;nl;Als wat verkleedt Timon, het kleine stokstaartje uit de beroemde film « The Lion King », zich ?;In vahine;Bij hyena;Bij leeuwenwelp;In takje;Confirmé;Het meerkat, ook wel woestijnwachter genoemd, is een kleine vleeseter die in Zuidwest-Afrika leeft.;
19;nl;Wie loeren er rond Simba als Timon en Pumbaa hem vinden ?;Hyena's;Leeuwen;Mieren;Gieren;Confirmé;Shenzi, Banzaï en Ed vormen een drietal gevlekte hyena's, hongerig en voorgesteld als wild.;
20;nl;Hoeveel succesvolle vervolgfilms zijn er uitgebracht op de animatiefilm « The Lion King » ?;Twee;Drie;Vier;Vijf;Confirmé;Er zullen twee sequels verschijnen : « The Lion King 2 : Honor of the Tribe » (1998) en « The Lion King 3 : Hakuna Matata » (2004), uitgebracht op video.;
21;nl;Welke van deze namen is niet die van een hyena in « The Lion King » ?;Korea;Ed;Shenzi;Banzai;Expert;Ed, het tweede mannetje van het trio, zegt niets en keurt hysterisch lachend de initiatieven van de andere twee goed.;
22;nl;Wie noemt Zazu een bananenmond in de film « The Lion King » ?;Simba;Litteken;Nala;De hyena's;Expert;Zazu is blij zijn rol bij Mufasa te vervullen en is een roodsnavelvogel die de positie van koninklijke butler bekleedt.;
23;nl;Waar woont Rafiki in de diepe savanne in de film « The Lion King » ?;In een baobab;In de rotsen;Bij zijn moeder;Wij weten het niet;Expert;Deze mandril komt af en toe tussenbeide om een personage te informeren of de juiste vragen te laten stellen.;
24;nl;Wie behoudt zijn originele stem in alle buitenlandse versies van « The Lion King » ?;Ed;Zazu;Nala;Litteken;Expert;Zijn verwoed giechelen en hangende tong zorgen ervoor dat Ed behoorlijk geestelijk gehandicapt lijkt.;
25;nl;Welk apenras kenmerkt de wijze Rafiki, tovenaar uit de film « The Lion King » ?;Mandril;Gorilla;Makaak;Baviaan;Expert;Deze primaat uit de familie Cercopithecidae, verwant aan de baviaan, staat heel dicht bij de boor.;https://nl.wikipedia.org/wiki/Mandril
26;nl;Wie leent zijn stem aan het personage Mufasa in de Franse versie van « The Lion King » ?;Jean Reno;Gerard Darmon;Elie Semoun;Sébastien Cauet;Expert;Jean Reno, pseudoniem van Juan Moreno y Herrera-Jiménez, werd geboren in Casablanca uit Spaanse ouders.;
27;nl;Wie regisseerde de film « The Lion King », die in november 1994 in Frankrijk en België werd uitgebracht ?;Allers and Minkoff;Mecchi and Roberts;Minkoff and Mecchi;Roberts and Allers;Expert;« The Lion King » is een van de slechts twee Disney Klassiekers (samen met « Dinosaur ») waarin geen verwijzing naar mensen voorkomt.;
28;nl;Welk dier is Zazu in de film « The Lion King », geregisseerd door Roger Allers en Rob Minkoff ?;Een neushoornvogel;Een parkiet;Een papegaai;Een toekan;Expert;Zazu behoudt zijn functies wanneer Scar koning wordt, maar dit beperkt hem tot een ondergeschikte rol.;
29;nl;Wie speelt de rol van koninklijke butler in de film « The Lion King » ?;Zazu;Nala;Litteken;Ed;Expert;Omschreven als een bananensnavel of een loufiat du Grand Manitou, blijft Zazu trots en probeert hij zijn plichten waar te maken.;
30;nl;Wat is de Laotiaanse titel van de film « The Lion King », gedistribueerd door Buena Vista International ?;« Rex Leo »;« Krol Lew »;« Re Leone »;« Leona Rego »;Expert;In alle buitenlandse versies van « The Lion King » die wereldwijd worden uitgebracht, is Ed het enige personage dat zijn originele stem behoudt.;
