1;fr;Comment appelle-t-on une eau du robinet commercialisée en bouteilles ?;Eau de table;Eau plate;Eau douce;Eau de Seltz;Débutant;De manière générale une eau minérale naturelle doit avoir une origine souterraine et une composition chimique stable.;https://fr.wikipedia.org/wiki/Eau_minérale_naturelle
2;fr;À quel groupe agroalimentaire français appartient la marque Volvic ?;Danone;Régilait;Lactalis;Sodebo;Débutant;En Amérique du Nord, Volvic est considérée comme une eau de source, du fait de sa faible teneur en minéraux.;https://fr.wikipedia.org/wiki/Volvic_(eau_en_bouteille)
3;fr;Laquelle de ces eaux minérales est naturellement gazeuse ?;Vichy Célestins;Volvic;Vittel;Hépar;Débutant;Sa source se nomme Les Célestins, nom venant d'un ancien couvent situé juste au-dessus de la source et se situe dans Vichy.;https://fr.wikipedia.org/wiki/Vichy_Célestins
4;fr;Quelle eau minérale a utilisé le célèbre « Ça va fort » comme slogan publicitaire ?;Saint-Yorre;Jouvence;Thonon;Thonon;Débutant;Vichy Saint Yorre appartient au groupe des eaux très minéralisées et a été reconnue bénéfique à la santé.;https://fr.wikipedia.org/wiki/Saint-Yorre_(eau_minérale)
5;fr;Quelle est la première marque mondiale d'eaux gazeuses embouteillées ?;Perrier;Rozana;Saint-Yorre;Badoit;Débutant;Perrier est une eau minérale gazeuse française issue de la source des Bouillens nommée depuis 1903 source Perrier.;https://fr.wikipedia.org/wiki/Perrier_(eau_minérale)
6;fr;Qui a autorisé la marque Badoit à utiliser son célébrissime « Y'a de la joie » ?;Charles Trenet;Charles Aznavour;Charles Dumont;Charles Berling;Débutant;Dès 1778, ses vertus « apéritives et exhilarantes » furent reconnues par Richard Marin de Laprade, médecin honoraire du roi Louis XVI.;https://fr.wikipedia.org/wiki/Badoit
7;fr;Laquelle de ces eaux n'est pas une eau naturelle gazeuse de la marque Badoit ?;Badoit jaune;Badoit vert;Badoit rouge;Badoit aromatisée;Débutant;En 2012, Badoit représente 12,6 % en volume et 16,1 % en valeur du marché des eaux naturelles gazeuses en France.;https://fr.wikipedia.org/wiki/Badoit
8;fr;Quelle est la seule eau minérale naturelle de Bretagne, dans les Côtes-d'Armor ?;Plancoët;Edelvia;Aproz;Asperjoc;Débutant;Depuis 2011, une eau finement gazeuse « Plancoët Fines Bulles » a été lancée pour la clientèle de l'hôtellerie et restauration.;https://fr.wikipedia.org/wiki/Plancoët_(eau)
9;fr;Comment appelle-t-on une eau d'origine souterraine naturellement conforme ?;Eau de source;Eau déminéralisée;Eau gazeuse;Eau usée;Débutant;Une eau de source a bénéficié d'une protection contre la pollution et n'a subi ni traitement chimique ni adjonction.;https://fr.wikipedia.org/wiki/Eau_minérale_naturelle
10;fr;Quel pays européen est le plus gros consommateur d'eau en bouteille ?;Italie;Belgique;Espagne;Allemagne;Débutant;En 2004, la consommation mondiale d'eau en bouteille en plastique représentait 154 milliards de litres.;https://fr.wikipedia.org/wiki/Eau_en_bouteille
11;fr;Laquelle de ces eaux n'est pas une eau minérale espagnole ?;Valvert;Viladrau;Aquarel;Bezoya;Confirmé;Valvert est une eau qui prend sa source au coeur de la forêt d'Étalle, en Gaume, au sud de l'Ardenne belge.;https://fr.wikipedia.org/wiki/Valvert_(eau_minérale)
12;fr;Dans quel département français se situe la source de Volvic ?;Puy-de-Dôme;Lozère;Cantal;Vaucluse;Confirmé;2 sites de 12 lignes de production réalisent 1 milliard de bouteilles produites par an, soit 4 millions de bouteilles produites par jour.;https://fr.wikipedia.org/wiki/Volvic_(eau_en_bouteille)
13;fr;À quelle société appartient la marque d'eau minérale Vittel ?;Nestlé Waters;PepsiCo;Danone;Orangina;Confirmé;Son histoire se confond avec celle du thermalisme et débute en 1854 avec l'achat d'une fontaine par Louis Bouloumié à Vittel.;https://fr.wikipedia.org/wiki/Vittel_(eau_minérale)
14;fr;Quelle eau minérale a sa source située dans le département de la Lozère ?;Quézac;Quibio;Quench;Quret;Confirmé;La source de Quézac était déjà connue par les Celtes et les Gallo-Romains qui l'utilisaient pour des thermes.;https://fr.wikipedia.org/wiki/Quézac_(eau_minérale)
15;fr;Combien de litres d'eau minérale la marque Évian produit-elle chaque année ?;1,5 milliard;1 milliard;500 millions;2 milliards;Confirmé;40 % des ventes se font en France où la marque représente 18 % du marché des eaux plates en bouteille.;https://fr.wikipedia.org/wiki/Évian_(eau_minérale)
16;fr;Quelle eau a été reconnue dès 1778 pour ses vertus apéritives et exhilarantes ?;Badoit;Contrex;Perrier;Saint-Yorre;Confirmé;2015 a vu le lancement de Badoit en Canettes : Badoit Rouge, Badoit Citron et Badoit Citron vert (Lime).;https://fr.wikipedia.org/wiki/Badoit
17;fr;En quelle année la bouteille ronde de l'eau Hépar est-elle devenue carrée ?;1980;1990;2000;2010;Confirmé;Dans les années 1930, Hépar fut vendue en bouteille de verre pour permettre aux curistes de prolonger la cure à domicile.;https://fr.wikipedia.org/wiki/Hépar_(eau_minérale)
18;fr;Quelle eau minérale gazeuse française a sa source en Haute-Corse ?;Orezza;Rozana;Badoit;Edelvia;Confirmé;Les visites du site historique et de la chaîne de production ne sont plus possibles en raison de normes de sécurité.;https://fr.wikipedia.org/wiki/Eau_d'Orezza
19;fr;Quelle couleur est associée à l'eau Celtic légèrement pétillante ?;Verte;Rouge;Bleue;Jaune;Confirmé;La Celtic est proposée en trois versions : nature, en étiquette bleue, légèrement pétillante en vert et bien pétillante en rouge.;https://fr.wikipedia.org/wiki/Celtic_(eau)
20;fr;Laquelle de ces eaux n'est pas une eau minérale belge ?;Edelvia;Valvert;Spa;Duke;Confirmé;En Suisse, il y a un siècle, la consommation d'eau minérale atteignait annuellement moins de deux litres par tête d'habitant.;https://fr.wikipedia.org/wiki/Eau_minérale_naturelle
21;fr;En 2013, combien d'eaux minérales naturelles la France a-t-elle reconnu sur son territoire ?;82;75;67;59;Expert;La France a reconnu 82 eaux sur son territoire contre 30 pour la Belgique, 25 pour la Bulgarie et 342 pour l'Italie.;https://fr.wikipedia.org/wiki/Eau_minérale_naturelle
22;fr;Quelle eau permet une augmentation du volume urinaire et donc de la diurèse ?;Contrex;Perrier;Saint-Yorre;Badoit;Expert;Contrex permettrait un bon lavage des cavités rénales et des voies urinaires, ainsi qu'une bonne élimination des déchets.;https://fr.wikipedia.org/wiki/Contrex
23;fr;Dans quel pays la Saint-Justin est-elle embouteillée, à la source de Saint-Justin ?;Canada;Espagne;Nouvelle-Zélande;Brésil;Expert;Il existe plus de 100 marques d'eau en bouteille sur le marché au Canada, dont 20 % sont importées.;https://fr.wikipedia.org/wiki/Eau_minérale_naturelle
24;fr;Laquelle de ces eaux minérales n'est pas une eau en provenance de Suisse ?;Bezoya;Aproz;Edelvia;Arkina;Expert;En Espagne, la Bezoya est souvent conseillée par les pédiatres car elle est la plus basse en sodium.;https://fr.wikipedia.org/wiki/Eau_minérale_naturelle
25;fr;L'eau Vichy Célestins est réputée pour sa forte teneur en quel métal ?;Sodium;Calcium;Magnésium;Potassium;Expert;Du fait de sa forte teneur en sodium, l'eau Vichy Célestins est déconseillée aux personnes faisant de l'hypertension artérielle.;https://fr.wikipedia.org/wiki/Vichy_Célestins
26;fr;Quelle marque a utilisé « La princesse des eaux de table » comme premier slogan ?;Perrier;Saint-Yorre;Volvic;Contrex;Expert;La typographie à empattement de la lettre P du mot Perrier symbolise une entreprise ancrée dans ses valeurs.;https://fr.wikipedia.org/wiki/Perrier_(eau_minérale)
27;fr;À l'origine, où était vendue l'eau d'Évian aujourd'hui conditionnée à Amphion ?;En pharmacie;En boulangerie;En charcuterie;En bibliothèque;Expert;L'eau d'Évian, est la plus vendue en France, Royaume-Uni, Suisse, mais également bien placée aux États-Unis comme eau importée.;https://fr.wikipedia.org/wiki/Évian_(eau_minérale)
28;fr;Quelle eau a d'abord été vendue sous l'appellation « Eau de table de Nazareth » ?;Plancoët;Valvert;Contrex;Rozana;Expert;Les 96 hectares qui environnent la source sont protégés de toute activité agricole depuis les débuts de son exploitation commerciale.;https://fr.wikipedia.org/wiki/Plancoët_(eau)
29;fr;Laquelle de ces eaux ne fait pas partie de la Société des eaux de Vittel ?;Volvic;Vittel;Hépar;Contrex;Expert;En 2005, Vittel s'est payé les services de David Bowie pour promouvoir son eau à travers un spot symbolique.;https://fr.wikipedia.org/wiki/Vittel_(eau_minérale)
30;fr;Quelle source est connue depuis l'antiquité sous le nom de « source des Romains » ?;Rozana;Badoit;Quézac;Volvic;Expert;Les eaux de Rozana ont servi aussi de source d'appoint pour de nombreuses armées lors des batailles.;https://fr.wikipedia.org/wiki/Rozana_(eau)
1;en;What do you call tap water sold in bottles ?;Table water;Still water;Fresh water;Seltzer Water;Débutant;Generally speaking, natural mineral water must have an underground origin and a stable chemical composition.;
2;en;Which French food group does the Volvic brand belong to ?;Danone;Regilait;Lactalis;Sodebo;Débutant;In North America, Volvic is considered spring water, due to its low mineral content.;https://en.wikipedia.org/wiki/Volvic_(mineral_water)
3;en;Which of these mineral waters is naturally carbonated ?;Vichy Célestins;Volvic;Vittel;Hepar;Débutant;Its source is called Les Célestins, a name coming from a former convent located just above the source and is located in Vichy.;
4;en;Which mineral water used the famous It's going strong!;Saint-Yorre;Jouvence;Thonon;Evian;Débutant;Vichy Saint Yorre belongs to the group of highly mineralized waters and has been recognized as beneficial to health.;
5;en;What is the world's leading brand of bottled sparkling water ?;Perrier;Rozana;Saint-Yorre;Badoit;Débutant;Perrier is a French sparkling mineral water from the Bouillens spring, named Perrier source since 1903.;
6;en;Who authorized the Badoit brand to use its extremely famous « Y'a de la joie » ?;Charles Trenet;Charles Aznavour;Charles Dumont;Charles Berling;Débutant;As early as 1778, its appetizing and exhilarating virtues were recognized by Richard Marin de Laprade, honorary physician to King Louis XVI.;https://en.wikipedia.org/wiki/Badoit
7;en;Which of these waters is not a Badoit brand sparkling natural water ?;Yellow Badoit;Green Badoit;Red Badoit;Flavored badoit;Débutant;In 2012, Badoit represented 12.6 % in volume and 16.1 % in value of the natural sparkling water market in France.;https://en.wikipedia.org/wiki/Badoit
8;en;What is the only natural mineral water in Brittany, in Côtes-d'Armor ?;Plancoët;Edelvia;Aproz;Asperjoc;Débutant;Since 2011, a finely sparkling water « Plancoët Fines Bulles » has been launched for hotel and restaurant customers.;
9;en;What is naturally compliant groundwater called ?;Spring water;Demineralized water;Sparkling water;Waste water;Débutant;Spring water has benefited from protection against pollution and has not undergone any chemical treatment or addition.;
10;en;Which European country is the biggest consumer of bottled water ?;Italy;Belgium;Spain;Germany;Débutant;In 2004, global consumption of plastic bottled water was 154 billion liters.;https://en.wikipedia.org/wiki/Bottled_water
11;en;Which of these waters is not a Spanish mineral water ?;Valvert;Viladrau;Watercolor;Bezoya;Confirmé;Valvert is a water which takes its source in the heart of the Étalle forest, in Gaume, in the south of the Belgian Ardennes.;
12;en;In which French department is the Volvic spring located ?;Puy-de-Dôme;Lozere;Cantal;Vaucluse;Confirmé;2 sites with 12 production lines produce 1 billion bottles per year, or 4 million bottles produced per day.;https://en.wikipedia.org/wiki/Volvic_(mineral_water)
13;en;Which company owns the Vittel mineral water brand ?;Nestlé Waters;PepsiCo;Danone;Orangina;Confirmé;Its history is intertwined with that of hydrotherapy and begins in 1854 with the purchase of a fountain by Louis Bouloumié in Vittel.;
14;en;Which mineral water has its source located in the Lozère department ?;Quezac;Quibio;Quench;Quret;Confirmé;The Quézac source was already known by the Celts and the Gallo-Romans who used it for thermal baths.;
15;en;How many liters of mineral water does the Évian brand produce each year ?;1.5 billion;1 billion;500 million;2 billion;Confirmé;40% of sales are made in France where the brand represents 18% of the bottled still water market.;
16;en;Which water was recognized in 1778 for its aperitif and exhilarating properties ?;Badoit;Contrex;Perrier;Saint-Yorre;Confirmé;2015 saw the launch of Badoit in Cans : Badoit Red, Badoit Citron and Badoit Lime.;https://en.wikipedia.org/wiki/Badoit
17;en;In what year did the round bottle of Hépar water become square ?;1980;1990;2000;2010;Confirmé;In the 1930s, Hépar was sold in glass bottles to allow spa guests to extend the treatment at home.;
18;en;Which French sparkling mineral water has its source in Haute-Corse ?;Orezza;Rozana;Badoit;Edelvia;Confirmé;Visits to the historic site and the production line are no longer possible due to safety standards.;
19;en;What color is associated with lightly sparkling Celtic water ?;Green;Red;Blue;Yellow;Confirmé;Celtic is available in three versions : plain, blue label, slightly sparkling in green and very sparkling in red.;
20;en;Which of these waters is not Belgian mineral water ?;Edelvia;Valvert;Spa;Duke;Confirmé;In Switzerland, a century ago, annual consumption of mineral water reached less than two liters per capita.;
21;en;In 2013, how many natural mineral waters did France recognize on its territory ?;82;75;67;59;Expert;France has recognized 82 waters on its territory compared to 30 for Belgium, 25 for Bulgaria and 342 for Italy.;
22;en;Which water allows an increase in urinary volume and therefore diuresis ?;Contrex;Perrier;Saint-Yorre;Badoit;Expert;Contrex would allow good washing of the kidney cavities and urinary tract, as well as good elimination of waste.;https://en.wikipedia.org/wiki/Contrex
23;en;In which country is Saint-Justin bottled, at the source of Saint-Justin ?;Canada;Spain;New Zealand;Brazil;Expert;There are over 100 brands of bottled water on the market in Canada, 20% of which are imported.;
24;en;Which of these mineral waters is not water from Switzerland ?;Bezoya;Aproz;Edelvia;Arkina;Expert;In Spain, Bezoya is often recommended by pediatricians because it is the lowest in sodium.;
25;en;Vichy Célestins water is renowned for its high content of what metal ?;Sodium;Calcium;Magnesium;Potassium;Expert;Due to its high sodium content, Vichy Célestins water is not recommended for people with high blood pressure.;
26;en;Which brand used The Princess of Table Water as its first slogan ?;Perrier;Saint-Yorre;Volvic;Contrex;Expert;The serif typography of the letter P in the word Perrier symbolizes a company anchored in its values.;
27;en;Originally, where was the Evian water now packaged in Amphion sold ?;In pharmacy;In bakery;In charcuterie;In library;Expert;Evian water is the most sold in France, United Kingdom, Switzerland, but also well placed in the United States as imported water.;
28;en;What water was first sold under the name Eau de table de Nazareth ?;Plancoët;Valvert;Contrex;Rozana;Expert;The 96 hectares surrounding the source have been protected from all agricultural activity since the beginning of its commercial exploitation.;
29;en;Which of these waters is not part of the Vittel Water Company ?;Volvic;Vittel;Hepar;Contrex;Expert;In 2005, Vittel hired the services of David Bowie to promote its water through a symbolic spot.;
30;en;Which spring has been known since ancient times as the Roman spring ?;Rozana;Badoit;Quezac;Volvic;Expert;The waters of Rozana also served as a supplementary source for many armies during battles.;
1;de;Wie nennt man Leitungswasser, das in Flaschen verkauft wird ?;Tafelwasser;Stilles Wasser;Süßwasser;Selterswasser;Débutant;Generell gilt, dass natürliches Mineralwasser unterirdischen Ursprungs und eine stabile chemische Zusammensetzung haben muss.;
2;de;Zu welcher französischen Lebensmittelgruppe gehört die Marke Volvic ?;Danone;Regilait;Lactalis;Sodebo;Débutant;In Nordamerika gilt Volvic aufgrund seines geringen Mineralstoffgehalts als Quellwasser.;https://de.wikipedia.org/wiki/Volvic_(Mineralwasser)
3;de;Welches dieser Mineralwässer ist von Natur aus kohlensäurehaltig ?;Vichy Célestins;Volvic;Vittel;Hepar;Débutant;Seine Quelle heißt Les Célestins, ein Name, der von einem ehemaligen Kloster direkt über der Quelle in Vichy stammt.;
4;de;Welches Mineralwasser verwendete das berühmte It's Going Strong!;Saint-Yorre;Jouvence;Thonon;Evian;Débutant;Vichy Saint Yorre gehört zur Gruppe der stark mineralisierten Wässer und gilt als gesundheitsfördernd.;
5;de;Welche ist die weltweit führende Marke für Mineralwasser in Flaschen ?;Perrier;Rozana;Saint-Yorre;Badoit;Débutant;Perrier ist ein französisches Mineralwasser mit Kohlensäure aus der Bouillens-Quelle, die seit 1903 Perrier-Quelle genannt wird.;
6;de;Wer hat die Marke Badoit autorisiert, ihr äußerst berühmtes « Y'a de la joie » zu verwenden ?;Charles Trenet;Charles Aznavour;Charles Dumont;Charles Berling;Débutant;Bereits 1778 erkannte Richard Marin de Laprade, Ehrenarzt von König Ludwig XVI., seine appetitlichen und berauschenden Eigenschaften.;
7;de;Welches dieser Wasser ist kein natürliches Sprudelwasser der Marke Badoit ?;Gelber Badoit;Grüner Badoit;Roter Badoit;Aromatisierter Badoit;Débutant;Im Jahr 2012 machte Badoit 12,6 % des Volumens und 16,1 % des Wertes des Marktes für natürliches Mineralwasser in Frankreich aus.;
8;de;Welches ist das einzige natürliche Mineralwasser in der Bretagne, in Côtes-d'Armor ?;Plancoët;Edelvia;Aproz;Asperjoc;Débutant;Seit 2011 gibt es für Hotel- und Restaurantkunden ein feinperliges Wasser « Plancoët Fines Bulles ».;
9;de;Wie nennt man naturverträgliches Grundwasser ?;Quellwasser;Demineralisiertes Wasser;Mineralwasser;Abwasser;Débutant;Quellwasser wurde vor Verschmutzung geschützt und keiner chemischen Behandlung oder Zugabe unterzogen.;
10;de;Welches europäische Land ist der größte Verbraucher von Flaschenwasser ?;Italien;Belgien;Spanien;Deutschland;Débutant;Im Jahr 2004 betrug der weltweite Verbrauch an Wasser in Plastikflaschen 154 Milliarden Liter.;
11;de;Welches dieser Wasser ist kein spanisches Mineralwasser ?;Valvert;Viladrau;Aquarell;Bezoya;Confirmé;Valvet ist ein Wasser, das im Herzen des Étalle-Waldes in Gaume im Süden der belgischen Ardennen entspringt.;
12;de;In welchem französischen Departement liegt die Volvic-Quelle ?;Puy-de-Dôme;Lozère;Cantal;Vaucluse;Confirmé;2 Standorte mit 12 Produktionslinien produzieren 1 Milliarde Flaschen pro Jahr bzw. 4 Millionen Flaschen pro Tag.;https://de.wikipedia.org/wiki/Volvic_(Mineralwasser)
13;de;Welchem Unternehmen gehört die Mineralwassermarke Vittel ?;Nestlé Waters;PepsiCo;Danone;Orangina;Confirmé;Seine Geschichte ist mit der der Hydrotherapie verknüpft und beginnt im Jahr 1854 mit dem Kauf eines Brunnens durch Louis Bouloumié in Vittel.;
14;de;Welches Mineralwasser entspringt im Département Lozère ?;Quezac;Quibio;Quench;Quret;Confirmé;Die Quézac-Quelle war bereits den Kelten und den Gallo-Römern bekannt, die sie für Thermalbäder nutzten.;
15;de;Wie viele Liter Mineralwasser produziert die Marke Évian jedes Jahr ?;1,5 Milliarden;1 Milliarde;500 Millionen;2 Milliarden;Confirmé;40 % des Umsatzes werden in Frankreich erzielt, wo die Marke 18 % des Marktes für stilles Wasser in Flaschen ausmacht.;
16;de;Welches Wasser wurde 1778 für seine Aperitif- und belebenden Eigenschaften ausgezeichnet ?;Badoit;Contrex;Perrier;Saint-Yorre;Confirmé;2015 wurde Badoit in Dosen auf den Markt gebracht : Badoit Red, Badoit Citron und Badoit Lime.;
17;de;In welchem Jahr wurde die runde Flasche Hépar-Wasser quadratisch ?;1980;1990;2000;2010;Confirmé;In den 1930er Jahren wurde Hépar in Glasflaschen verkauft, um Kurgästen die Möglichkeit zu geben, die Behandlung zu Hause zu verlängern.;
18;de;Welches französische Mineralwasser entspringt in Haute-Corse ?;Orezza;Rozana;Badoit;Edelvia;Confirmé;Besichtigungen der historischen Stätte und der Produktionslinie sind aus Sicherheitsgründen nicht mehr möglich.;
19;de;Welche Farbe wird mit leicht sprudelndem keltischem Wasser assoziiert ?;Grün;Rot;Blau;Gelb;Confirmé;Celtic gibt es in drei Ausführungen : schlicht, blaues Etikett, leicht funkelnd in Grün und stark funkelnd in Rot.;
20;de;Welches dieser Wasser ist kein belgisches Mineralwasser ?;Edelvia;Valvert;Spa;Duke;Confirmé;In der Schweiz betrug der jährliche Mineralwasserverbrauch vor einem Jahrhundert weniger als zwei Liter pro Kopf.;
21;de;Wie viele natürliche Mineralwässer erkannte Frankreich im Jahr 2013 auf seinem Territorium an ?;82;75;67;59;Expert;Frankreich hat 82 Gewässer auf seinem Hoheitsgebiet anerkannt, verglichen mit 30 in Belgien, 25 in Bulgarien und 342 in Italien.;
22;de;Welches Wasser ermöglicht eine Steigerung des Harnvolumens und damit der Diurese ?;Contrex;Perrier;Saint-Yorre;Badoit;Expert;Contrex würde eine gute Reinigung der Nierenhöhlen und Harnwege sowie eine gute Beseitigung von Abfallstoffen ermöglichen.;
23;de;In welchem Land wird Saint-Justin abgefüllt, an der Quelle von Saint-Justin ?;Kanada;Spanien;Neuseeland;Brasilien;Expert;In Kanada gibt es über 100 Flaschenwassermarken auf dem Markt, von denen 20 % importiert werden.;
24;de;Welches dieser Mineralwässer ist kein Wasser aus der Schweiz ?;Bezoya;Aproz;Edelvia;Arkina;Expert;In Spanien wird Bezoya häufig von Kinderärzten empfohlen, da es den niedrigsten Natriumgehalt aufweist.;
25;de;Das Wasser von Vichy Célestins ist bekannt für seinen hohen Gehalt an welchem Metall ?;Natrium;Kalzium;Magnesium;Kalium;Expert;Aufgrund seines hohen Natriumgehalts wird das Wasser von Vichy Célestins nicht für Menschen mit hohem Blutdruck empfohlen.;
26;de;Welche Marke verwendete Die Prinzessin des Tafelwassers als ersten Slogan ?;Perrier;Saint-Yorre;Volvic;Contrex;Expert;Die Serifentypografie des Buchstabens P im Wort Perrier symbolisiert ein Unternehmen, das in seinen Werten verankert ist.;
27;de;Wo wurde ursprünglich das jetzt in Amphion verpackte Evian-Wasser verkauft ?;In der Apotheke;In der Bäckerei;In Wurstwaren;In der Bibliothek;Expert;Evian-Wasser wird in Frankreich, im Vereinigten Königreich und in der Schweiz am meisten verkauft, ist aber auch als importiertes Wasser in den Vereinigten Staaten gut vertreten.;
28;de;Welches Wasser wurde zuerst unter dem Namen Eau de table de Nazareth verkauft ?;Plancoët;Valvert;Contrex;Rozana;Expert;Die 96 Hektar rund um die Quelle sind seit Beginn ihrer kommerziellen Nutzung vor jeglicher landwirtschaftlicher Nutzung geschützt.;
29;de;Welches dieser Gewässer gehört nicht zur Vittel Water Company ?;Volvic;Vittel;Hepar;Contrex;Expert;Im Jahr 2005 beauftragte Vittel die Dienste von David Bowie, um sein Wasser durch einen symbolischen Ort zu bewerben.;
30;de;Welche Quelle ist seit der Antike als römische Quelle bekannt ?;Rozana;Badoit;Quezac;Volvic;Expert;Die Gewässer von Rozana dienten auch vielen Armeen während der Schlachten als zusätzliche Quelle.;
1;es;¿Cómo se llama el agua del grifo que se vende embotellada ?;Agua de mesa;Agua tranquila;Agua dulce;Agua mineral;Débutant;Por lo general, el agua mineral natural debe tener un origen subterráneo y una composición química estable.;
2;es;¿A qué grupo alimentario francés pertenece la marca Volvic ?;Danona;Regilait;Lactalis;Sodebo;Débutant;En Norteamérica, Volvic se considera agua de manantial, debido a su bajo contenido mineral.;
3;es;¿Cuál de estas aguas minerales es naturalmente carbonatada ?;Vichy Célestins;Vólvic;Vittel;Hepar;Débutant;Su fuente se llama Les Célestins, nombre procedente de un antiguo convento situado justo encima de la fuente y que se encuentra en Vichy.;
4;es;Qué agua mineral utilizó la famosa ¡Va fuerte!;Saint-Yorre;Jouvence;Thonon;Evian;Débutant;Vichy Saint Yorre pertenece al grupo de las aguas altamente mineralizadas y ha sido reconocida como beneficiosa para la salud.;
5;es;¿Cuál es la marca líder mundial de agua con gas embotellada ?;Perrier;Rozana;Saint-Yorre;Badoit;Débutant;Perrier es un agua mineral con gas francesa procedente del manantial de Bouillens, denominada fuente Perrier desde 1903.;
6;es;¿Quién autorizó a la marca Badoit a utilizar su famosísimo « Y'a de la joie » ?;Charles Trenet;Charles Aznavour;Charles Dumont;Charles Berling;Débutant;Ya en 1778, Richard Marin de Laprade, médico honorario del rey Luis XVI, reconoció sus apetitosas y estimulantes virtudes.;
7;es;¿Cuál de estas aguas no es un agua natural con gas marca Badoit ?;Badoit amarillo;Badoit verde;Badoit rojo;Badoit aromatizado;Débutant;En 2012, Badoit representó el 12,6% en volumen y el 16,1% en valor del mercado de agua natural con gas en Francia.;
8;es;¿Cuál es la única agua mineral natural de Bretaña, en Côtes-d'Armor ?;Plancoët;Edelvia;Aprox;Asperjoc;Débutant;Desde 2011, se lanza al mercado un agua con gas fina « Plancoët Fines Bulles » para los clientes de hoteles y restaurantes.;
9;es;¿Cómo se llama el agua subterránea naturalmente compatible ?;Agua de manantial;Agua desmineralizada;Agua con gas;Aguas residuales;Débutant;El agua de manantial se ha beneficiado de protección contra la contaminación y no ha sido sometida a ningún tratamiento ni adición química.;
10;es;¿Qué país europeo es el mayor consumidor de agua embotellada ?;Italia;Bélgica;España;Alemania;Débutant;En 2004, el consumo mundial de agua embotellada de plástico fue de 154 mil millones de litros.;https://es.wikipedia.org/wiki/Agua_embotellada
11;es;¿Cuál de estas aguas no es un agua mineral española ?;válvula;Viladrau;Acuarela;Bezoya;Confirmé;Valvert es un agua que nace en el corazón del bosque de Étalle, en Gaume, al sur de las Ardenas belgas.;
12;es;¿En qué departamento francés se encuentra el manantial de Volvic ?;Puy de Dome;Lozère;Cantal;Vaucluse;Confirmé;2 plantas con 12 líneas de producción producen mil millones de botellas al año, o 4 millones de botellas al día.;
13;es;¿A qué empresa pertenece la marca de agua mineral Vittel ?;Aguas Nestlé;PepsiCo;Danona;naranja;Confirmé;Su historia está entrelazada con la de la hidroterapia y comienza en 1854 con la compra de una fuente por parte de Louis Bouloumié en Vittel.;
14;es;¿Qué agua mineral tiene su origen en el departamento de Lozère ?;Quezac;Quibio;Quench;Quret;Confirmé;La fuente de Quézac ya era conocida por los celtas y los galo-romanos que la utilizaban como baños termales.;
15;es;¿Cuántos litros de agua mineral produce la marca Évian cada año ?;1.500 millones;1 mil millones;500 millones;2 mil millones;Confirmé;El 40% de las ventas se realizan en Francia, donde la marca representa el 18% del mercado de agua embotellada sin gas.;
16;es;¿Qué agua fue reconocida en 1778 por sus propiedades aperitivas y estimulantes ?;Badoit;Contrex;Perrier;Saint-Yorre;Confirmé;En 2015 se lanzó Badoit en Latas : Badoit Red, Badoit Citron y Badoit Lime.;
17;es;¿En qué año la botella redonda de agua Hépar se volvió cuadrada ?;1980;1990;2000;2010;Confirmé;En los años 30, Hépar se vendía en botellas de vidrio para permitir a los huéspedes del spa prolongar el tratamiento en casa.;
18;es;¿Qué agua mineral con gas francesa tiene su origen en Alta Córcega ?;Orezza;Rozana;Badoit;Edelvia;Confirmé;Las visitas al sitio histórico y a la línea de producción ya no son posibles debido a las normas de seguridad.;
19;es;¿Qué color se asocia con el agua celta ligeramente chispeante ?;Verde;Rojo;Azul;Amarillo;Confirmé;Celtic está disponible en tres versiones : lisa, etiqueta azul, ligeramente brillante en verde y muy brillante en rojo.;
20;es;¿Cuál de estas aguas no es agua mineral belga ?;Edelvia;Valvert;Spa;Duke;Confirmé;En Suiza, hace un siglo, el consumo anual de agua mineral llegaba a menos de dos litros per cápita.;
21;es;En 2013, ¿cuántas aguas minerales naturales reconoció Francia en su territorio ?;82;75;67;59;Expert;Francia ha reconocido 82 aguas en su territorio, frente a las 30 de Bélgica, las 25 de Bulgaria y las 342 de Italia.;
22;es;¿Qué agua permite un aumento del volumen urinario y por tanto de la diuresis ?;Contrex;Perrier;Saint-Yorre;Badoit;Expert;Contrex permitiría un buen lavado de las cavidades renales y del tracto urinario, así como una buena eliminación de residuos.;
23;es;¿En qué país se embotella Saint-Justin, en el origen de Saint-Justin ?;Canadá;España;Nueva Zelanda;Brasil;Expert;Hay más de 100 marcas de agua embotellada en el mercado de Canadá, el 20% de las cuales son importadas.;
24;es;¿Cuál de estas aguas minerales no es agua de Suiza ?;Bezoya;Aprox;Edelvia;Arkina;Expert;En España, los pediatras suelen recomendar Bezoya porque es el más bajo en sodio.;
25;es;¿El agua de Vichy Célestins es famosa por su alto contenido en qué metal ?;Sodio;Calcio;Magnesio;Potasio;Expert;Debido a su alto contenido en sodio, el agua de Vichy Célestins no está recomendada para personas con hipertensión arterial.;
26;es;¿Qué marca utilizó La princesa del agua de mesa como primer eslogan ?;Perrier;Saint-Yorre;Vólvic;Contrex;Expert;La tipografía serif de la letra P de la palabra Perrier simboliza una empresa anclada en sus valores.;
27;es;Originalmente, ¿dónde se vendía el agua de Evian ahora envasada en Amphion ?;En farmacia;En panadería;En charcutería;En la biblioteca;Expert;El agua de Evian es la más vendida en Francia, Reino Unido y Suiza, pero también está bien situada en los Estados Unidos como agua importada.;
28;es;¿Qué agua se vendió por primera vez con el nombre de Eau de table de Nazareth ?;Plancoët;Valvert;Contrex;Rozana;Expert;Las 96 hectáreas que rodean la fuente han estado protegidas de toda actividad agrícola desde el inicio de su explotación comercial.;
29;es;¿Cuál de estas aguas no forma parte de la Vittel Water Company ?;Vólvic;Vittel;Hepar;Contrex;Expert;En 2005, Vittel contrató los servicios de David Bowie para promocionar su agua a través de un spot simbólico.;
30;es;¿Qué manantial se conoce desde la antigüedad como manantial romano ?;Rozana;Badoit;Quezac;Vólvic;Expert;Las aguas de Rozana también sirvieron de fuente suplementaria a muchos ejércitos durante las batallas.;
1;it;Come si chiama l'acqua del rubinetto venduta in bottiglia ?;Acqua da tavola;Ancora acqua;Acqua dolce;Acqua Seltz;Débutant;In generale, l'acqua minerale naturale deve avere un'origine sotterranea e una composizione chimica stabile.;
2;it;A quale gruppo alimentare francese appartiene il marchio Volvic ?;Danone;Regilait;Lattalis;Sodebo;Débutant;Nel Nord America, Volvic è considerata acqua di sorgente, a causa del suo basso contenuto di minerali.;
3;it;Quale di queste acque minerali è naturalmente gassata ?;Vichy Célestins;Volvic;Vittel;Hepar;Débutant;La sua sorgente si chiama Les Célestins, nome derivante da un ex convento situato proprio sopra la sorgente e si trova a Vichy.;
4;it;Quale acqua minerale ha utilizzato il famoso Va forte!;Saint-Yorre;Jouvence;Thonon;Evian;Débutant;Vichy Saint Yorre appartiene al gruppo delle acque altamente mineralizzate ed è stato riconosciuto come benefico per la salute.;
5;it;Qual è il marchio leader al mondo di acqua frizzante in bottiglia ?;Perrier;Rozana;Saint-Yorre;Badoit;Débutant;Perrier è un'acqua minerale frizzante francese proveniente dalla sorgente Bouillens, denominata sorgente Perrier dal 1903.;
6;it;Chi ha autorizzato il marchio Badoit ad utilizzare il suo famosissimo « Y'a de la joie » ?;Charles Trenet;Charles Aznavour;Charles Dumont;Charles Berling;Débutant;Già nel 1778, le sue virtù appetitose ed esilaranti furono riconosciute da Richard Marin de Laprade, medico onorario del re Luigi XVI.;
7;it;Quale di queste acque non è un'acqua naturale frizzante a marchio Badoit ?;Badoit giallo;Badoit verde;Rosso Badoit;Badoit aromatizzato;Débutant;Nel 2012 Badoit rappresentava il 12,6% in volume e il 16,1% in valore del mercato dell'acqua frizzante naturale in Francia.;
8;it;Qual è l'unica acqua minerale naturale della Bretagna, nella Côtes-d'Armor ?;Plancoet;Edelvia;Aproz;Asperjoc;Débutant;Dal 2011, è stata lanciata un'acqua finemente frizzante « Plancoët Fines Bulles » per i clienti di hotel e ristoranti.;
9;it;Come si chiamano le acque sotterranee naturalmente conformi ?;Acqua di sorgente;Acqua demineralizzata;Acqua frizzante;Acque reflue;Débutant;L'acqua sorgiva ha beneficiato della protezione dall'inquinamento e non ha subito alcun trattamento o aggiunta chimica.;
10;it;Quale Paese europeo è il più grande consumatore di acqua in bottiglia ?;Italia;Belgio;Spagna;Germania;Débutant;Nel 2004, il consumo globale di acqua in bottiglie di plastica è stato di 154 miliardi di litri.;
11;it;Quale di queste acque non è un'acqua minerale spagnola ?;Valvert;Viladrau;Acquerello;Bezoia;Confirmé;Valvert è un'acqua che nasce nel cuore della foresta dell'Étalle, nella Gaume, nel sud delle Ardenne belghe.;
12;it;In quale dipartimento francese si trova la sorgente Volvic ?;Puy-de-Dôme;Lozère;Cantale;Valchiusa;Confirmé;2 siti con 12 linee di produzione producono 1 miliardo di bottiglie all'anno, ovvero 4 milioni di bottiglie prodotte al giorno.;
13;it;Quale azienda possiede il marchio dell'acqua minerale Vittel ?;Acque Nestlé;PepsiCo;Danone;Orangina;Confirmé;La sua storia si intreccia con quella dell'idroterapia e inizia nel 1854 con l'acquisto di una fontana da parte di Louis Bouloumié a Vittel.;
14;it;Quale acqua minerale nasce nel dipartimento della Lozère ?;Quezac;Quibio;Quench;Quret;Confirmé;La sorgente del Quézac era già conosciuta dai Celti e dai Gallo-Romani che la utilizzavano per i bagni termali.;
15;it;Quanti litri di acqua minerale produce ogni anno il marchio Évian ?;1,5 miliardi;1 miliardo;500 milioni;2 miliardi;Confirmé;Il 40% delle vendite è realizzato in Francia, dove il marchio rappresenta il 18% del mercato dell'acqua naturale in bottiglia.;
16;it;Quale acqua fu riconosciuta nel 1778 per le sue proprietà aperitive ed esilaranti ?;Badoit;Contrex;Perrier;Saint-Yorre;Confirmé;Il 2015 ha visto il lancio di Badoit in lattina : Badoit Rosso, Badoit Citron e Badoit Lime.;
17;it;In che anno la bottiglia rotonda dell'acqua Hépar è diventata quadrata ?;1980;1990;2000;2010;Confirmé;Negli anni '30 l'Hépar veniva venduto in bottiglie di vetro per consentire agli ospiti delle terme di prolungare il trattamento a casa.;
18;it;Quale acqua minerale frizzante francese nasce nell'Alta Corsica ?;Orezza;Rozana;Badoit;Edelvia;Confirmé;Le visite al sito storico e alla linea di produzione non sono più possibili a causa delle norme di sicurezza.;
19;it;Di che colore è associata l'acqua celtica leggermente frizzante ?;Verde;Rosso;Blu;Giallo;Confirmé;Celtic è disponibile in tre versioni : liscio, etichetta blu, leggermente frizzante in verde e molto frizzante in rosso.;
20;it;Quale di queste acque non è l'acqua minerale belga ?;Edelvia;Valvert;Spa;Duke;Confirmé;In Svizzera, un secolo fa, il consumo annuo di acqua minerale raggiungeva meno di due litri pro capite.;
21;it;Nel 2013, quante acque minerali naturali ha riconosciuto la Francia sul suo territorio ?;82;75;67;59;Expert;La Francia ha riconosciuto 82 acque sul suo territorio contro le 30 del Belgio, 25 della Bulgaria e 342 dell'Italia.;
22;it;Quale acqua permette un aumento del volume urinario e quindi della diuresi ?;Contrex;Perrier;Saint-Yorre;Badoit;Expert;Contrex consentirebbe un buon lavaggio delle cavità renali e delle vie urinarie, nonché una buona eliminazione delle scorie.;
23;it;In quale paese viene imbottigliato Saint-Justin, alla fonte di Saint-Justin ?;Canada;Spagna;Nuova Zelanda;Brasile;Expert;In Canada sono presenti oltre 100 marche di acqua in bottiglia, il 20% delle quali importate.;
24;it;Quale di queste acque minerali non è acqua svizzera ?;Bezoia;Aproz;Edelvia;Archina;Expert;In Spagna, la Bezoya è spesso raccomandata dai pediatri perché ha il più basso contenuto di sodio.;
25;it;L'acqua Vichy Célestins è rinomata per il suo alto contenuto di quale metallo ?;Sodio;Calcio;Magnesio;Potassio;Expert;A causa del suo alto contenuto di sodio, l'acqua Vichy Célestins non è consigliata alle persone con pressione alta.;
26;it;Quale brand ha utilizzato La principessa dell'acqua da tavola come primo slogan ?;Perrier;Saint-Yorre;Volvic;Contrex;Expert;La tipografia serif della lettera P nella parola Perrier simboleggia un'azienda ancorata ai propri valori.;
27;it;Originariamente, dove veniva venduta l'acqua Evian ora confezionata in Amphion ?;In farmacia;Nel panificio;Nei salumi;In biblioteca;Expert;L'acqua Evian è la più venduta in Francia, Regno Unito, Svizzera, ma ben posizionata anche negli Stati Uniti come acqua importata.;
28;it;Quale acqua fu venduta per la prima volta con il nome Eau de table de Nazareth ?;Plancoet;Valvert;Contrex;Rozana;Expert;I 96 ettari che circondano la sorgente sono stati protetti da ogni attività agricola fin dall'inizio del suo sfruttamento commerciale.;
29;it;Quale di queste acque non fa parte della Vittel Water Company ?;Volvic;Vittel;Hepar;Contrex;Expert;Nel 2005, Vittel si è avvalsa dei servizi di David Bowie per promuovere la propria acqua attraverso uno spot simbolico.;
30;it;Quale sorgente è conosciuta fin dall'antichità come sorgente romana ?;Rozana;Badoit;Quezac;Volvic;Expert;Le acque di Rozana servirono anche come fonte supplementare a molti eserciti durante le battaglie.;
1;nl;Hoe noem je kraanwater dat in flessen wordt verkocht ?;Tafelwater;Stilstaand water;Zoet water;Seltzerwater;Débutant;Over het algemeen moet natuurlijk mineraalwater een ondergrondse oorsprong en een stabiele chemische samenstelling hebben.;
2;nl;Tot welke Franse voedingsgroep behoort het merk Volvic ?;Danone;Regilait;Lactalis;Sodebo;Débutant;In Noord-Amerika wordt Volvic beschouwd als bronwater vanwege het lage mineraalgehalte.;
3;nl;Welke van deze mineraalwatersoorten is van nature koolzuurhoudend ?;Vichy Célestins;Volvic;Vittel;Hepar;Débutant;De bron heet Les Célestins, een naam afkomstig van een voormalig klooster dat net boven de bron ligt en zich in Vichy bevindt.;
4;nl;Welk mineraalwater gebruikte de beroemde It's going strong!;Saint-Yorre;Jouvence;Thonon;Evian;Débutant;Vichy Saint Yorre behoort tot de groep van sterk gemineraliseerde wateren en wordt erkend als gunstig voor de gezondheid.;
5;nl;Wat is 's werelds grootste merk bruiswater in flessen ?;Perrier;Rozana;Sint-Yorre;Badoit;Débutant;Perrier is een Frans bruisend mineraalwater uit de Bouillens-bron, sinds 1903 de Perrier-bron genoemd.;
6;nl;Wie heeft het merk Badoit toestemming gegeven om zijn uiterst beroemde « Y'a de la joie » te gebruiken ?;Charles Trenet;Charles Aznavour;Charles Dumont;Charles Berling;Débutant;Al in 1778 werden de smakelijke en opwindende deugden ervan erkend door Richard Marin de Laprade, eredoctor van koning Lodewijk XVI.;
7;nl;Welk van deze wateren is geen bruisend natuurlijk water van het merk Badoit ?;Gele Badoit;Groene Badoit;Rode Badoit;Gearomatiseerde badoit;Débutant;In 2012 vertegenwoordigde Badoit 12,6% in volume en 16,1% in waarde van de markt voor natuurlijk bruiswater in Frankrijk.;
8;nl;Wat is het enige natuurlijke mineraalwater in Bretagne, in Côtes-d'Armor ?;Plancoët;Edelvia;Aproz;Asperjoc;Débutant;Sinds 2011 is er een fijn bruisend water « Plancoët Fines Bulles » gelanceerd voor hotel- en restaurantklanten.;
9;nl;Hoe wordt natuurlijk conform grondwater genoemd ?;Bronwater;Gedemineraliseerd water;Bruisend water;Afvalwater;Débutant;Bronwater is beschermd tegen vervuiling en heeft geen enkele chemische behandeling of toevoeging ondergaan.;
10;nl;Welk Europees land is de grootste consument van flessenwater ?;Italië;België;Spanje;Duitsland;Débutant;In 2004 bedroeg de mondiale consumptie van plastic flessenwater 154 miljard liter.;https://nl.wikipedia.org/wiki/Flessenwater
11;nl;Welk van deze wateren is geen Spaans mineraalwater ?;Valvert;Viladrau;Waterverf;Bezoja;Confirmé;Valvert is een water dat zijn bron vindt in het hart van het bos van Étalle, in de Gaume, in het zuiden van de Belgische Ardennen.;
12;nl;In welk Franse departement ligt de Volvic-bron ?;Puy-de-Dôme;Lozère;Cantal;Vaucluse;Confirmé;2 locaties met 12 productielijnen produceren 1 miljard flessen per jaar, of 4 miljoen flessen per dag.;
13;nl;Welk bedrijf is eigenaar van het mineraalwatermerk Vittel ?;Nestlé Waters;PepsiCo;Danone;Oranje;Confirmé;De geschiedenis ervan is verweven met die van de hydrotherapie en begint in 1854 met de aankoop van een fontein door Louis Bouloumié in Vittel.;
14;nl;Welk mineraalwater heeft zijn bron in het departement Lozère ?;Quezac;Quibio;Quench;Quret;Confirmé;De bron van Quézac was al bekend bij de Kelten en de Gallo-Romeinen die deze bron gebruikten voor thermale baden.;
15;nl;Hoeveel liter mineraalwater produceert het merk Évian jaarlijks ?;1,5 miljard;1 miljard;500 miljoen;2 miljard;Confirmé;40% van de omzet wordt behaald in Frankrijk, waar het merk 18% van de markt voor mineraalwater vertegenwoordigt.;
16;nl;Welk water werd in 1778 erkend vanwege zijn aperitief- en opwindende eigenschappen ?;Badoit;Contrex;Perrier;Saint-Yorre;Confirmé;In 2015 werd Badoit in blik gelanceerd : Badoit Red, Badoit Citron en Badoit Lime.;
17;nl;In welk jaar werd de ronde fles Hépar-water vierkant ?;1980;1990;2000;2010;Confirmé;In de jaren dertig werd Hépar in glazen flessen verkocht, zodat spagasten de behandeling thuis konden verlengen.;
18;nl;Welk Frans bruisend mineraalwater komt uit Haute-Corse ?;Orezza;Rozana;Badoit;Edelvia;Confirmé;Bezoeken aan de historische site en de productielijn zijn vanwege veiligheidsnormen niet langer mogelijk.;
19;nl;Welke kleur wordt geassocieerd met licht bruisend Keltisch water ?;Groen;Rood;Blauw;Geel;Confirmé;Celtic is verkrijgbaar in drie versies : effen, blauw label, licht sprankelend in groen en zeer sprankelend in rood.;
20;nl;Welk van deze wateren is geen Belgisch mineraalwater ?;Edelvia;Valvert;Spa;Duke;Confirmé;In Zwitserland bedroeg het jaarlijkse verbruik van mineraalwater een eeuw geleden minder dan twee liter per hoofd van de bevolking.;
21;nl;Hoeveel natuurlijk mineraalwater erkende Frankrijk in 2013 op zijn grondgebied ?;82;75;67;59;Expert;Frankrijk heeft 82 wateren op zijn grondgebied erkend, vergeleken met 30 voor België, 25 voor Bulgarije en 342 voor Italië.;
22;nl;Welk water zorgt voor een toename van het urinevolume en dus voor diurese ?;Contrex;Perrier;Saint-Yorre;Badoit;Expert;Contrex zou een goede reiniging van de nierholten en de urinewegen mogelijk maken, evenals een goede afvoer van afvalstoffen.;
23;nl;In welk land wordt Saint-Justin gebotteld, aan de bron van Saint-Justin ?;Canada;Spanje;Nieuw-Zeeland;Brazilië;Expert;Er zijn in Canada meer dan 100 merken flessenwater op de markt, waarvan 20% geïmporteerd.;
24;nl;Welk van deze mineraalwatersoorten is geen water uit Zwitserland ?;Bezoja;Aproz;Edelvia;Arkina;Expert;In Spanje wordt Bezoya vaak aanbevolen door kinderartsen omdat het het laagste natriumgehalte heeft.;
25;nl;Vichy Célestins-water staat bekend om zijn hoge gehalte aan welk metaal ?;Natrium;Calcium;Magnesiu;Kalium;Expert;Vanwege het hoge natriumgehalte wordt Vichy Célestins-water niet aanbevolen voor mensen met hoge bloeddruk.;
26;nl;Welk merk gebruikte The Princess of Table Water als eerste slogan ?;Perrier;Saint-Yorre;Volvic;Contrex;Expert;De schreeftypografie van de letter P in het woord Perrier symboliseert een bedrijf dat verankerd is in zijn waarden.;
27;nl;Waar werd het Evian-water dat nu in Amphion is verpakt, oorspronkelijk verkocht ?;In de apotheek;Bij bakkerij;In charcuterie;In bibliotheek;Expert;Evian-water wordt het meest verkocht in Frankrijk, het Verenigd Koninkrijk en Zwitserland, maar is ook goed gepositioneerd in de Verenigde Staten als geïmporteerd water.;
28;nl;Welk water werd voor het eerst verkocht onder de naam Eau de table de Nazareth ?;Plancoët;Valvert;Contrex;Rozana;Expert;De 96 hectare rondom de bron zijn sinds het begin van de commerciële exploitatie beschermd tegen alle landbouwactiviteiten.;
29;nl;Welke van deze wateren maakt geen deel uit van de Vittel Water Company ?;Volvic;Vittel;Hepar;Contrex;Expert;In 2005 schakelde Vittel de diensten in van David Bowie om zijn water via een symbolische plek te promoten.;
30;nl;Welke bron staat sinds de oudheid bekend als de Romeinse bron ?;Rozana;Badoit;Quezac;Volvic;Expert;De wateren van Rozana dienden ook als aanvullende bron voor veel legers tijdens veldslagen.;
