1;fr;Sur l'outil de microblogage « Twitter », combien de caractères maximum peut contenir un tweet ?;140;255;80;500;Débutant;« Twitter » a été créé le 21 mars 2006 par Jack Dorsey, Evan Williams, Biz Stone et Noah Glass.;https://fr.wikipedia.org/wiki/Twitter
2;fr;Parmi ces réseaux sociaux appréciés, lequel a connu la plus forte croissance en 2014 ?;« Pinterest »;« SoundCloud »;« Facebook »;« LinkedIn »;Débutant;Le nom du site est un mot-valise des mots anglais « pin » et « interest » signifiant respectivement « épingler » et « intérêt ».;https://fr.wikipedia.org/wiki/Pinterest
3;fr;Quel informaticien et chef d'entreprise américain a inventé « Facebook » ?;Mark Zuckeberg;Larry Page;Steve Ballmer;Paul Allen;Débutant;Mark Zuckeberg est aujourd'hui le plus jeune milliardaire du monde derrière son camarade Dustin Moskovitz.;https://fr.wikipedia.org/wiki/Facebook
4;fr;Récemment diplômé(e), sur quel réseau social allez-vous probablement rechercher un job ?;« LinkedIn »;« Tinder »;« Twich »;« Reddit »;Débutant;Le site revendique plus de 400 millions de membres issus de 170 secteurs d'activités dans plus de 200 pays.;https://fr.wikipedia.org/wiki/LinkedIn
5;fr;Que pouvez-vous principalement partager sur le site web « Flickr », développé par Ludicorp ?;Des photos;Des vidéos;Des adresses;De la musique;Débutant;Sur « Flickr », un utilisateur d'un compte gratuit dispose d'un espace d'un téraoctet pour stocker des photos et des vidéos.;https://fr.wikipedia.org/wiki/Flickr
6;fr;Quelle célébrité de la télévision a pris le selfie le plus retweeté de l'histoire ?;Ellen DeGeneres;Kim Kardashian;Oprah Winfrey;Jenny McCarthy;Débutant;Ellen DeGeneres est une cousine éloignée de Catherine Middleton, duchesse de Cambridge et épouse de William.;https://fr.wikipedia.org/wiki/Ellen_DeGeneres
7;fr;Avec « Instagram », on peut bien évidemment prendre des photos, mais aussi réaliser...;Une vidéo;Une présentation;Un document texte;Une musique;Débutant;L'application et le service de partage « Instagram » ont été rachetés par la société « Facebook » en 2012 pour plus d'un milliard de dollars.;https://fr.wikipedia.org/wiki/Instagram
8;fr;Quelle application de « Twitter » héberge des vidéos de 6 secondes tournant en boucle ?;« Vine »;« SoundCloud »;« Instagram »;« Viber »;Débutant;Comme sur « Twitter », il est possible d'accompagner son « Vine » d'une petite description ainsi que des mots-clés et de hashtag.;https://fr.wikipedia.org/wiki/Vine
9;fr;À quel réseau social américain êtes-vous accro si vous n'arrêtez pas de « piner » ?;Pinterest;Tumblr;Google +;Facebook;Débutant;« Pinterest » propose à ses utilisateurs d'épingler dans différentes rubriques des images qui ont pu attirer leur attention.;https://fr.wikipedia.org/wiki/Pinterest
10;fr;Quel réseau social truste la première place des réseaux sociaux professionnels ?;« LinkedIn »;« Heeloo »;« Movim »;« Friendster »;Débutant;« LinkedIn » constitue aujourd'hui un moyen efficace pour construire, développer et enrichir son capital social.;https://fr.wikipedia.org/wiki/LinkedIn
11;fr;Quel site communautaire actif est la source de nombreux documents postés sur Internet ?;« Reddit »;« Delicious »;« Lurker »;« Twich »;Confirmé;Le site « Reddit » est fort d'une communauté se retrouvant autour d'une culture propre à l'histoire du site.;https://fr.wikipedia.org/wiki/Reddit
12;fr;Quel concurrent direct de « Snapchat » a été lancé par « Facebook » ?;« Slingshot »;« Private Messenger »;« Whisper »;« Facesnap »;Confirmé;La particularité de cette application est l'existence d'une limite de temps de visualisation du média envoyé à ses destinataires.;https://fr.wikipedia.org/wiki/Snapchat
13;fr;Fin 2014, combien d'utilisateurs comptait l'application « Instagram » depuis octobre 2010 ?;300 millions;200 millions;100 millions;400 millions;Confirmé;En août 2014, Instagram a lancé « Hyperlapse », une application vidéo permettant de réaliser des time-lapse.;https://fr.wikipedia.org/wiki/Instagram
14;fr;Quel était en 2014 le pourcentage de français inscrits sur les réseaux sociaux ?;80 %;65 %;50 %;37 %;Confirmé;La règle de 150 ou nombre de Dunbar affirme que la taille d'un réseau social originel est limitée à environ 150 membres.;https://fr.wikipedia.org/wiki/Réseau_social
15;fr;En quelle année a été fondé « Twitter », outil de microblogage aujourd'hui devenu « X » ?;2006;2004;2008;2002;Confirmé;« Twitter » a été créé à San Francisco au sein de la startup « Odeo » fondée par Noah Glass et Evan Williams.;https://fr.wikipedia.org/wiki/Twitter
16;fr;Quel média social permet d'indiquer où l'on se trouve et de recommander des sorties ?;« Foursquare »;« Viadeo »;« Piwie »;« Kaki »;Confirmé;L'aspect ludique de « Foursquare » vient du fait qu'il est possible à l'utilisateur de gagner des points et d'accumuler des badges.;https://fr.wikipedia.org/wiki/Foursquare
17;fr;Quelle agence de renseignement, équivalent de la DGSE, a un compte « Twitter » depuis 2014 ?;CIA;MI6;NSA;KGB;Confirmé;La CIA a influencé parfois de façon décisive l'histoire politique des États dans lesquels elle est intervenue.;https://fr.wikipedia.org/wiki/Central_Intelligence_Agency
18;fr;Qu'allez-vous échanger si une youtubeuse vous propose de faire un swap ?;Des cadeaux;Des messages;Des vidéos;Des blagues;Confirmé;La plupart des vidéos du site ou les chaînes YouTube peuvent être visualisées par tous les internautes.;https://fr.wikipedia.org/wiki/YouTube
19;fr;Combien de photos sont environ partagées chaque jour sur le réseau « Instagram » ?;55 millions;45 millions;35 millions;25 millions;Confirmé;La publicité est un enjeu important pour « Instagram » et plus encore pour « Facebook », propriétaire du réseau.;https://fr.wikipedia.org/wiki/Instagram
20;fr;Quelle plate-forme de microblogage accueille 300 millions de visiteurs uniques mensuels ?;Tumblr;Reddit;Tinder;Pinterest;Confirmé;L'inscription sur Tumblr est gratuite et ne nécessite qu'une adresse e-mail, un nom d'utilisateur et un mot de passe.;https://fr.wikipedia.org/wiki/Tumblr
21;fr;Quel réseau social cherche à s'adapter aux particularités culturelles de chaque pays ?;« Viadeo »;« Piwie »;« Kaki »;« Foursquare »;Expert;Pour ses membres, « Viadeo » est aussi un outil de gestion de réputation en ligne et de « personal branding ».;https://fr.wikipedia.org/wiki/Viadeo
22;fr;Pour combien de dollars « Facebook » a-t-il racheté l'application mobile « Whatsapp » ?;19 milliards;850 millions;220 millions;650 000;Expert;« Whatsapp » a été racheté par « Facebook » en février 2014 pour environ 19 milliards de dollars, dont 15 milliards en actions.;https://fr.wikipedia.org/wiki/WhatsApp
23;fr;Quel ancien réseau social made in France se revendiquait comme étant LE tchat business ?;« Piwie »;« Foursquare »;« Viadeo »;« XING »;Expert;« Piwie » mettait en relation tous ceux qui souhaitaient créer une entreprise avec ceux qui cherchaient un associé.;https://fr.wikipedia.org/wiki/Réseau_social
24;fr;En 2014, quel lieu très touristique a été le plus partagé sur « Instagram » ?;Disneyland;Le Taj Mahal;Le Louvre;Time Square;Expert;« Instagram » a subi de nombreuses critiques à cause de sa politique de censure, jugée disproportionnée.;https://fr.wikipedia.org/wiki/Instagram
25;fr;Quel ancien réseau social aujourd'hui disparu était orienté 100 % geek et jeux vidéo ?;« Kipi »;« Piwie »;« Foursquare »;« Viadeo »;Expert;De plus en plus de réseaux sociaux privatifs se créent sur le net, formant ainsi en quelque sorte des clubs « privés ».;https://fr.wikipedia.org/wiki/Réseau_social
26;fr;Quel réseau professionnel en ligne allemand revendique plusieurs millions de membres ?;« XING »;« Foursquare »;« Viadeo »;« Pinterest »;Expert;Les réseaux sociaux comme « Facebook » ou « Myspace » ne sont pas considérés comme des concurrents directs.;https://fr.wikipedia.org/wiki/XING
27;fr;Quelle application sociale est la plus populaire au Japon ?;« LINE »;« Emoji »;« Viber »;« Skype »;Expert;La vente de produits dérivés, tels que les autocollants, jeux, figurines et peluches, constitue une partie significative des revenus de LINE.;https://fr.wikipedia.org/wiki/LINE_(logiciel)
28;fr;Quel réseau social chinois récemment coté en bourse s'appelait autrefois « Xiaonei » ?;« Renren »;« Panguso »;« NetEase »;« Baidu »;Expert;« Xiaonei » a été créé en décembre 2005 par des étudiants de l'Université de Tsinghua, Wang Huiwen, Lai Binqiang et Tang Yang.;https://fr.wikipedia.org/wiki/Renren
29;fr;Quel service de mise en relation d'annuaires sociaux vient du cofondateur de « Napster » ?;« Plaxo »;« LinkedIn »;« Pinterest »;« Viadeo »;Expert;Après une perte brutale de notoriété entre 2007 et 2011, « Plaxo » a jeté l'éponge en 2011, fermant « Plaxo Pulse ».;https://fr.wikipedia.org/wiki/Plaxo
30;fr;Quel site Web de réseautage social russe a été racheté par un proche de Vladimir Poutine ?;« VK »;« Yammer »;« Plaxo »;« Soup »;Expert;À sa création, le nom du site ne devait faire aucune allusion à certaines catégories sociales d'utilisateurs.;https://fr.wikipedia.org/wiki/VKontakte
1;en;On the « Twitter » microblogging tool, how many characters maximum can a tweet contain ?;140;255;80;500;Débutant;« Twitter » was created on March 21, 2006 by Jack Dorsey, Evan Williams, Biz Stone and Noah Glass.;https://en.wikipedia.org/wiki/Twitter
2;en;Among these popular social networks, which experienced the strongest growth in 2014 ?;« Pinterest »;« SoundCloud »;« Facebook »;« LinkedIn »;Débutant;The name of the site is a portmanteau of the English words « pin » and « interest » meaning respectively to pin and interest.;https://en.wikipedia.org/wiki/Pinterest
3;en;Which American computer scientist and entrepreneur invented « Facebook » ?;Mark Zuckeberg;Larry Page;Steve Ballmer;Paul Allen;Débutant;Mark Zuckeberg is today the youngest billionaire in the world behind his comrade Dustin Moskovitz.;https://en.wikipedia.org/wiki/Facebook
4;en;Recently graduated, on which social network are you probably going to look for a job ?;« LinkedIn »;« Tinder »;« Twich »;« Reddit »;Débutant;The site claims more than 400 million members from 170 business sectors in more than 200 countries.;https://en.wikipedia.org/wiki/LinkedIn
5;en;What can you mainly share on the « Flickr » website, developed by Ludicorp ?;Pictures;Videos;Addresses;Music;Débutant;On « Flickr », a user with a free account has one terabyte of space to store photos and videos.;https://en.wikipedia.org/wiki/Flickr
6;en;Which TV celebrity has taken the most retweeted selfie in history ?;Ellen DeGeneres;Kim Kardashian;Oprah Winfrey;Jenny McCarthy;Débutant;Ellen DeGeneres is a distant cousin of Catherine Middleton, Duchess of Cambridge and wife of William.;https://en.wikipedia.org/wiki/Ellen_DeGeneres
7;en;With « Instagram », you can obviously take pictures, but also make...;A video;A presentation;A text document;Music;Débutant;The « Instagram » sharing application and service was acquired by the « Facebook » company in 2012 for more than $ 1 billion.;https://en.wikipedia.org/wiki/Instagram
8;en;Which « Twitter » application hosts 6-second looping videos ?;« Vine »;« SoundCloud »;« Instagram »;« Viber »;Débutant;As on « Twitter », it is possible to accompany your « Vine » with a small description as well as keywords and hashtag.;https://en.wikipedia.org/wiki/Vine (service)
9;en;Which American social network are you addicted to if you can't stop pining ?;Pinterest;Tumblr;Google +;Facebook;Débutant;« Pinterest » offers its users to pin in different sections images that may have caught their attention.;https://en.wikipedia.org/wiki/Pinterest
10;en;Which social network dominates the first place of professional social networks ?;« LinkedIn »;« Heeloo »;« Movim »;« Friendster »;Débutant;« LinkedIn » is today an effective way to build, develop and enrich your social capital.;https://en.wikipedia.org/wiki/LinkedIn
11;en;What very active community site is the source of many documents posted on the Internet ?;« Reddit »;« Delicious »;« Lurker »;« Twich »;Confirmé;The « Reddit » site has a strong community that comes together around a culture specific to the history of the site.;https://en.wikipedia.org/wiki/Reddit
12;en;Which direct competitor of « Snapchat » was launched by « Facebook » ?;« Slingshot »;« Private Messenger »;« Whisper »;« Facesnap »;Confirmé;The particularity of this application is the existence of a time limit for viewing the media sent to its recipients.;https://en.wikipedia.org/wiki/Snapchat
13;en;At the end of 2014, how many users had the « Instagram » application since October 2010 ?;300 million;200 million;100 million;400 million;Confirmé;In August 2014, Instagram launched « Hyperlapse », a video application for making time-lapses.;https://en.wikipedia.org/wiki/Instagram
14;en;In 2014, what was the percentage of French Internet users registered on social networks ?;80%;65%;50%;37%;Confirmé;Dunbar's rule of 150 or number states that the size of an original social network is limited to around 150 members.;
15;en;In what year was « Twitter », a microblogging tool managed by Twitter Inc, founded ?;2006;2004;2008;2002;Confirmé;« Twitter » was created in San Francisco within the startup « Odeo » founded by Noah Glass and Evan Williams.;https://en.wikipedia.org/wiki/Twitter
16;en;What social media allows you to indicate where you are and recommend outings ?;« Foursquare »;« Viadeo »;« Piwie »;« Khaki »;Confirmé;The fun aspect of « Foursquare » comes from the fact that it is possible for the user to earn points and accumulate badges.;https://en.wikipedia.org/wiki/Foursquare (company)
17;en;Which intelligence agency, equivalent to the DGSE, opened its « Twitter » account in 2014 ?;CIA;MI6;NSA;KGB;Confirmé;The CIA has sometimes decisively influenced the political history of the states in which it has intervened.;https://en.wikipedia.org/wiki/Central_Intelligence_Agency
18;en;What will you trade if a YouTuber offers to swap ?;Gifts;Messages;Videos;Jokes;Confirmé;Most of the videos on the site or YouTube channels can be viewed by anyone on the Internet.;https://en.wikipedia.org/wiki/YouTube
19;en;Approximately how many photos are shared on the « Instagram » network each day ?;55 million;45 million;35 million;25 million;Confirmé;Advertising is an important issue for « Instagram » and even more so for « Facebook », owner of the network.;https://en.wikipedia.org/wiki/Instagram
20;en;Which microblogging platform receives 300 million unique monthly visitors ?;Tumblr;Reddit;Tinder;Pinterest;Confirmé;Signing up on Tumblr is free and only requires an email address, username, and password.;https://en.wikipedia.org/wiki/Tumblr
21;en;Which social network seeks to adapt to the cultural particularities of each country ?;« Viadeo »;« Piwie »;« Kaki »;« Foursquare »;Expert;For its members, « Viadeo » is also an online reputation management and « personal branding » tool.;https://en.wikipedia.org/wiki/Viadeo
22;en;For how many dollars did « Facebook » buy the « Whatsapp » mobile application ?;19 billion;850 million;220 million;650,000;Expert;« Whatsapp » was acquired by « Facebook » in February 2014 for approximately $ 19 billion, including $ 15 billion in shares.;https://en.wikipedia.org/wiki/WhatsApp
23;en;What old social network made in France claimed to be THE business chat ?;« Piwie »;« Foursquare »;« Viadeo »;« XING »;Expert;« Piwie » put all those who wanted to start a business in touch with those who were looking for a partner.;
24;en;In 2014, which very touristy place was the most shared on « Instagram » ?;Disneyland;The Taj Mahal;The Louvre;Time Square;Expert;« Instagram » has suffered a lot of criticism because of its censorship policy, considered disproportionate.;https://en.wikipedia.org/wiki/Instagram
25;en;What old social network, now defunct, was 100% geek and video games oriented ?;« Kipi »;« Piwie »;« Foursquare »;« Viadeo »;Expert;More and more private social networks are being created on the net, thus forming, in a way, private clubs.;
26;en;Which German online professional network has several million members ?;« XING »;« Foursquare »;« Viadeo »;« Pinterest »;Expert;Social networks like « Facebook » or « Myspace » are not considered direct competitors.;
27;en;Which social app is the most popular in Japan ?;« LINE »;« Emoji »;« Viber »;« Skype »;Expert;The sale of merchandise, such as stickers, games, figurines and soft toys, constitutes a significant part of LINE's revenue.;https://en.wikipedia.org/wiki/Line_(software)
28;en;What recently listed Chinese social network was once called « Xiaonei » ?;« Renren »;« Panguso »;« NetEase »;« Baidu »;Expert;« Xiaonei » was established in December 2005 by students from Tsinghua University, Wang Huiwen, Lai Binqiang and Jacky.;https://en.wikipedia.org/wiki/Renren
29;en;What social directory matching service comes from the « Napster » co-founder ?;« Plaxo »;« LinkedIn »;« Pinterest »;« Viadeo »;Expert;After a sudden loss of notoriety between 2007 and 2011, « Plaxo » threw in the towel in 2011, shutting down « Plaxo Pulse ».;https://en.wikipedia.org/wiki/Plaxo
30;en;Which Russian social networking website was bought by someone close to Vladimir Putin ?;« VK »;« Yammer »;« Plaxo »;« Soup »;Expert;When it was created, the name of the site should not make any allusion to certain social categories of users.;https://en.wikipedia.org/wiki/VK (service)
1;de;Wie viele Zeichen kann ein Tweet im Microblogging-Tool « Twitter » maximal enthalten ?;140;255;80;500;Débutant;« Twitter » wurde am 21. März 2006 von Jack Dorsey, Evan Williams, Biz Stone und Noah Glass erstellt.;https://de.wikipedia.org/wiki/Twitter
2;de;Welche dieser beliebten sozialen Netzwerke verzeichneten 2014 das stärkste Wachstum ?;« Pinterest »;« SoundCloud »;« Facebook »;« LinkedIn »;Débutant;Der Name der Site ist ein Portmanteau der englischen Wörter « Pin » und « Interest », die jeweils Pin und Interest bedeuten.;https://de.wikipedia.org/wiki/Pinterest
3;de;Welcher amerikanische Informatiker und Unternehmer hat « Facebook » erfunden ?;Mark Zuckeberg;Larry Page;Steve Ballmer;Paul Allen;Débutant;Mark Zuckeberg ist heute der jüngste Milliardär der Welt hinter seinem Kameraden Dustin Moskovitz.;https://de.wikipedia.org/wiki/Facebook
4;de;Vor kurzem abgeschlossen, in welchem sozialen Netzwerk werden Sie wahrscheinlich nach einem Job suchen ?;« LinkedIn »;« Zunder »;« Twich »;« Reddit »;Débutant;Die Site beansprucht mehr als 400 Millionen Mitglieder aus 170 Geschäftsbereichen in mehr als 200 Ländern.;https://de.wikipedia.org/wiki/LinkedIn
5;de;Was können Sie hauptsächlich auf der von Ludicorp entwickelten « Flickr » Website teilen ?;Bilder;Videos;Adressen;Musik;Débutant;Auf « Flickr » verfügt ein Benutzer mit einem kostenlosen Konto über ein Terabyte Speicherplatz zum Speichern von Fotos und Videos.;https://de.wikipedia.org/wiki/Flickr
6;de;Welcher TV-Promi hat das am meisten retweetete Selfie in der Geschichte aufgenommen ?;Ellen DeGeneres;Kim Kardashian;Oprah Winfrey;Jenny McCarthy;Débutant;Ellen DeGeneres ist eine entfernte Cousine von Catherine Middleton, Herzogin von Cambridge und Ehefrau von William.;https://de.wikipedia.org/wiki/Ellen_DeGeneres
7;de;Mit « Instagram » können Sie natürlich Fotos machen, aber auch... machen;Ein Video;Eine Präsentation;Ein Textdokument;Musik;Débutant;Die « Instagram » Sharing-Anwendung und der Service « Facebook » wurden 2012 von der Firma « Facebook » für mehr als 1 Milliarde US-Dollar erworben.;https://de.wikipedia.org/wiki/Instagram
8;de;Welche « Twitter » -Anwendung hostet 6-Sekunden-Loop-Videos ?;« Vine »;« SoundCloud »;« Instagram »;« Viber »;Débutant;Wie bei « Twitter » ist es möglich, Ihre « Vine » mit einer kleinen Beschreibung sowie Schlüsselwörtern und Hashtags zu begleiten.;https://de.wikipedia.org/wiki/Vine (Videoportal)
9;de;Von welchem amerikanischen sozialen Netzwerk sind Sie süchtig, wenn Sie nicht aufhören können zu sehnen ?;Pinterest;Tumblr;Google +;Facebook;Débutant;« Pinterest » bietet seinen Benutzern an, Bilder in verschiedenen Abschnitten anzuheften, die ihre Aufmerksamkeit erregt haben könnten.;https://de.wikipedia.org/wiki/Pinterest
10;de;Welches soziale Netzwerk dominiert den ersten Platz professioneller sozialer Netzwerke ?;« LinkedIn »;« Heeloo »;« Movim »;« Friendster »;Débutant;« LinkedIn » ist heute ein effektiver Weg, um Ihr soziales Kapital aufzubauen, zu entwickeln und zu bereichern.;https://de.wikipedia.org/wiki/LinkedIn
11;de;Auf welcher sehr aktiven Community-Site werden viele Dokumente im Internet veröffentlicht ?;« Reddit »;« Lecker »;« Lurker »;« Twich »;Confirmé;Die « Reddit » -Site hat eine starke Community, die sich um eine Kultur dreht, die für die Geschichte der Site spezifisch ist.;https://de.wikipedia.org/wiki/Reddit
12;de;Welcher direkte Konkurrent von « Snapchat » wurde von « Facebook » gestartet ?;« Schleuder »;« Privater Messenger »;« Flüstern »;« Facesnap »;Confirmé;Die Besonderheit dieser Anwendung ist das Bestehen einer Frist für die Anzeige der an ihre Empfänger gesendeten Medien.;https://de.wikipedia.org/wiki/Snapchat
13;de;Wie viele Nutzer hatten Ende 2014 die Anwendung « Instagram » seit Oktober 2010 ?;300 Millionen;200 Millionen;100 Millionen;400 Millionen;Confirmé;Im August 2014 startete Instagram « Hyperlapse », eine Videoanwendung zum Erstellen von Zeitraffern.;https://de.wikipedia.org/wiki/Instagram
14;de;Wie viel Prozent der französischen Internetnutzer waren 2014 in sozialen Netzwerken registriert ?;80%;65%;50%;37%;Confirmé;Dunbars Regel von 150 oder Anzahl besagt, dass die Größe eines ursprünglichen sozialen Netzwerks auf etwa 150 Mitglieder begrenzt ist.;
15;de;In welchem Jahr wurde « Twitter », ein von Twitter Inc verwaltetes Microblogging-Tool, gegründet ?;2006;2004;2008;2002;Confirmé;« Twitter » wurde in San Francisco im Rahmen des von Noah Glass und Evan Williams gegründeten Startups « Odeo » erstellt.;https://de.wikipedia.org/wiki/Twitter
16;de;In welchen sozialen Medien können Sie angeben, wo Sie sich befinden, und Ausflüge empfehlen ?;« Foursquare »;« Viadeo »;« Piwie »;« Khaki »;Confirmé;Der unterhaltsame Aspekt von « Foursquare » ergibt sich aus der Tatsache, dass der Benutzer Punkte sammeln und Abzeichen sammeln kann.;https://de.wikipedia.org/wiki/Foursquare
17;de;Welcher Geheimdienst, der der DGSE entspricht, hat 2014 sein Konto « Twitter » eröffnet ?;CIA;MI6;NSA;KGB;Confirmé;Die CIA hat manchmal die politische Geschichte der Staaten, in die sie interveniert hat, entscheidend beeinflusst.;https://de.wikipedia.org/wiki/Central_Intelligence_Agency
18;de;Was werden Sie handeln, wenn ein YouTuber einen Tausch anbietet ?;Geschenke;Nachrichten;Videos;Witze;Confirmé;Die meisten Videos auf der Website oder auf YouTube-Kanälen können von jedem im Internet angesehen werden.;https://de.wikipedia.org/wiki/YouTube
19;de;Wie viele Fotos werden ungefähr pro Tag im « Instagram » -Netzwerk geteilt ?;55 Millionen;45 Millionen;35 Millionen;25 Millionen;Confirmé;Werbung ist ein wichtiges Thema für « Instagram » und vor allem für « Facebook », den Eigentümer des Netzwerks.;https://de.wikipedia.org/wiki/Instagram
20;de;Welche Microblogging-Plattform empfängt 300 Millionen Besucher pro Monat ?;Tumblr;Reddit;Zunder;Pinterest;Confirmé;Die Anmeldung bei Tumblr ist kostenlos und erfordert nur eine E-Mail-Adresse, einen Benutzernamen und ein Passwort.;https://de.wikipedia.org/wiki/Tumblr
21;de;Welches soziale Netzwerk möchte sich an die kulturellen Besonderheiten jedes Landes anpassen ?;« Viadeo »;« Piwie »;« Kaki »;« Foursquare »;Expert;Für seine Mitglieder ist « Viadeo » auch ein Online-Reputationsmanagement- und « Personal Branding » -Tool.;https://de.wikipedia.org/wiki/Viadeo
22;de;Für wie viele Dollar hat « Facebook » die mobile Anwendung « Whatsapp » gekauft ?;19 Milliarden;850 Millionen;220 Millionen;650.000;Expert;« Whatsapp » wurde im Februar 2014 von « Facebook » für ungefähr 19 Milliarden US-Dollar erworben, einschließlich 15 Milliarden US-Dollar in Aktien.;https://de.wikipedia.org/wiki/WhatsApp
23;de;Welches alte soziale Netzwerk, das in Frankreich hergestellt wurde, behauptete, DER Business-Chat zu sein ?;« Piwie »;« Foursquare »;« Viadeo »;« XING »;Expert;« Piwie » brachte alle, die ein Unternehmen gründen wollten, in Kontakt mit denen, die einen Partner suchten.;
24;de;Welcher sehr touristische Ort wurde 2014 auf « Instagram » am meisten geteilt ?;Disneyland;Das Taj Mahal;Der Louvre;Zeitquadrat;Expert;« Instagram » wurde aufgrund seiner als unverhältnismäßig angesehenen Zensurpolitik vielfach kritisiert.;https://de.wikipedia.org/wiki/Instagram
25;de;Welches alte soziale Netzwerk, das inzwischen nicht mehr existiert, war zu 100% auf Geeks und Videospiele ausgerichtet ?;« Kipi »;« Piwie »;« Foursquare »;« Viadeo »;Expert;Immer mehr private soziale Netzwerke werden im Internet aufgebaut und bilden so in gewisser Weise private Clubs.;
26;de;Welches deutsche Online-Netzwerk hat mehrere Millionen Mitglieder ?;« XING »;« Foursquare »;« Viadeo »;« Pinterest »;Expert;Soziale Netzwerke wie « Facebook » oder « Myspace » gelten nicht als direkte Konkurrenten.;
27;de;Welche Social App ist in Japan am beliebtesten ?;« LINE »;« Emoji »;« Viber »;« Skype »;Expert;Der Verkauf von Waren wie Aufklebern, Spielen, Figuren und Plüschtieren macht einen wesentlichen Teil des Umsatzes von LINE aus.;https://de.wikipedia.org/wiki/Line_(Instant_Messaging)
28;de;Welches kürzlich aufgeführte chinesische soziale Netzwerk hieß einst « Xiaonei » ?;« Renren »;« Panguso »;« NetEase »;« Baidu »;Expert;« Xiaonei » wurde im Dezember 2005 von Studenten der Tsinghua-Universität, Wang Huiwen, Lai Binqiang und Jacky gegründet.;https://de.wikipedia.org/wiki/Renren
29;de;Welcher Social Directory Matching Service kommt vom « Napster » Mitbegründer ?;« Plaxo »;« LinkedIn »;« Pinterest »;« Viadeo »;Expert;Nach einem plötzlichen Bekanntheitsverlust zwischen 2007 und 2011 warf « Plaxo » 2011 das Handtuch und schaltete « Plaxo Pulse » aus.;https://de.wikipedia.org/wiki/Plaxo
30;de;Welche russische Social-Networking-Website wurde von jemandem in der Nähe von Wladimir Putin gekauft ?;« VK »;« Yammer »;« Plaxo »;« Soup »;Expert;Bei der Erstellung sollte der Name der Website keine Anspielung auf bestimmte soziale Benutzerkategorien enthalten.;https://de.wikipedia.org/wiki/Vk.com
1;es;En la herramienta de microblogging de « Twitter », ¿cuántos caracteres como máximo puede contener un tweet ?;140;255;80;500;Débutant;« Twitter » fue creado el 21 de marzo de 2006 por Jack Dorsey, Evan Williams, Biz Stone y Noah Glass.;https://es.wikipedia.org/wiki/Twitter
2;es;Entre estas redes sociales populares, ¿cuál experimentó el mayor crecimiento en 2014 ?;« Pinterest »;« SoundCloud »;« Facebook »;« LinkedIn »;Débutant;El nombre del sitio es una combinación de las palabras en inglés « pin » e « interés » que significan, respectivamente, pin e interés.;https://es.wikipedia.org/wiki/Pinterest
3;es;¿Qué científico informático y empresario estadounidense inventó « Facebook » ?;Mark Zuckeberg;Larry Page;Steve Ballmer;Paul Allen;Débutant;Mark Zuckeberg es hoy el multimillonario más joven del mundo detrás de su camarada Dustin Moskovitz.;https://es.wikipedia.org/wiki/Facebook
4;es;Recién graduado, ¿en qué red social probablemente vas a buscar trabajo ?;« LinkedIn »;« Tinder »;« Twich »;« Reddit »;Débutant;El sitio cuenta con más de 400 millones de miembros de 170 sectores comerciales en más de 200 países.;https://es.wikipedia.org/wiki/LinkedIn
5;es;¿Qué puede compartir principalmente en el sitio web « Flickr », desarrollado por Ludicorp ?;Imágenes;Videos;Direcciones;Musica;Débutant;En « Flickr », un usuario con una cuenta gratuita tiene un terabyte de espacio para almacenar fotos y videos.;https://es.wikipedia.org/wiki/Flickr
6;es;¿Qué celebridad de la televisión se ha tomado la selfie más retuiteada en la historia ?;Ellen DeGeneres;Kim Kardashian;Oprah Winfrey;Jenny McCarthy;Débutant;Ellen DeGeneres es prima lejana de Catherine Middleton, duquesa de Cambridge y esposa de William.;https://es.wikipedia.org/wiki/Ellen_DeGeneres
7;es;Con « Instagram », obviamente puedes tomar fotos, pero también hacer...;Un video;Una presentación;Un documento de texto;Musica;Débutant;La aplicación y el servicio para compartir « Instagram » fueron adquiridos por la empresa « Facebook » en 2012 por más de mil millones de dólares.;https://es.wikipedia.org/wiki/Instagram
8;es;¿Qué aplicación de « Twitter » aloja videos en bucle de 6 segundos ?;« Vid »;« SoundCloud »;« Instagram »;« Viber »;Débutant;Al igual que en « Twitter », es posible acompañar su « Vine » con una pequeña descripción, así como palabras clave y hashtag.;https://es.wikipedia.org/wiki/Vine (aplicación)
9;es;¿A qué red social estadounidense eres adicto si no puedes dejar de suspirar ?;Pinterest;Tumblr;Google +;Facebook;Débutant;« Pinterest » ofrece a sus usuarios anclar en diferentes secciones imágenes que les hayan llamado la atención.;https://es.wikipedia.org/wiki/Pinterest
10;es;¿Qué red social domina el primer lugar de las redes sociales profesionales ?;« LinkedIn »;« Heeloo »;« Movim »;« Friendster »;Débutant;« LinkedIn » es hoy una forma eficaz de construir, desarrollar y enriquecer su capital social.;https://es.wikipedia.org/wiki/LinkedIn
11;es;¿Qué sitio comunitario tan activo es la fuente de muchos documentos publicados en Internet ?;« Reddit »;« Delicioso »;« Acechador »;« Twich »;Confirmé;El sitio de « Reddit » tiene una comunidad sólida que se reúne en torno a una cultura específica de la historia del sitio.;https://es.wikipedia.org/wiki/Reddit
12;es;¿Qué competidor directo de « Snapchat » fue lanzado por « Facebook » ?;« Tirachinas »;« Mensajero privado »;« Susurro »;« Facesnap »;Confirmé;La particularidad de esta aplicación es la existencia de un límite de tiempo para la visualización de los medios enviados a sus destinatarios.;https://es.wikipedia.org/wiki/Snapchat
13;es;A finales de 2014, ¿cuántos usuarios tenían la aplicación « Instagram » desde octubre de 2010 ?;300 millones;200 millones;100 millones;400 millones;Confirmé;En agosto de 2014, Instagram lanzó « Hyperlapse », una aplicación de video para hacer time-lapses.;https://es.wikipedia.org/wiki/Instagram
14;es;En 2014, ¿cuál fue el porcentaje de internautas franceses registrados en las redes sociales ?;80%;65%;50%;37%;Confirmé;La regla de Dunbar de 150 o número establece que el tamaño de una red social original está limitado a alrededor de 150 miembros.;
15;es;¿En qué año se fundó « Twitter », una herramienta de microblogging gestionada por Twitter Inc ?;2006;2004;2008;2002;Confirmé;« Twitter » fue creado en San Francisco dentro de la startup « Odeo » fundada por Noah Glass y Evan Williams.;https://es.wikipedia.org/wiki/Twitter
16;es;¿Qué redes sociales te permiten indicar dónde estás y recomendar salidas ?;« Cuadrangular »;« Viadeo »;« Piwie »;« Caqui »;Confirmé;El aspecto divertido de « Foursquare » proviene del hecho de que es posible que el usuario gane puntos y acumule insignias.;https://es.wikipedia.org/wiki/Foursquare
17;es;¿Qué agencia de inteligencia, equivalente a la DGSE, abrió su cuenta de « Twitter » en 2014 ?;CIA;MI6;NSA;KGB;Confirmé;En ocasiones, la CIA ha influido de manera decisiva en la historia política de los estados en los que ha intervenido.;https://es.wikipedia.org/wiki/Agencia_Central_de_Inteligencia
18;es;¿Qué vas a intercambiar si un YouTuber te ofrece intercambiar ?;Regalos;Mensajes;Videos;Bromas;Confirmé;La mayoría de los videos del sitio o de los canales de YouTube pueden ser vistos por cualquier persona en Internet.;https://es.wikipedia.org/wiki/YouTube
19;es;¿Aproximadamente cuántas fotos se comparten en la red « Instagram » cada día ?;55 millones;45 millones;35 millones;25 millones;Confirmé;La publicidad es un tema importante para « Instagram » y más aún para « Facebook », propietario de la red.;https://es.wikipedia.org/wiki/Instagram
20;es;¿Qué plataforma de microblogging recibe 300 millones de visitantes únicos mensuales ?;Tumblr;Reddit;Tinder;Pinterest;Confirmé;Registrarse en Tumblr es gratis y solo requiere una dirección de correo electrónico, nombre de usuario y contraseña.;https://es.wikipedia.org/wiki/Tumblr
21;es;¿Qué red social busca adaptarse a las particularidades culturales de cada país ?;« Viadeo »;« Piwie »;« Kaki »;« Foursquare »;Expert;Para sus miembros, « Viadeo » es también una herramienta de gestión de reputación online y « marca personal ».;https://es.wikipedia.org/wiki/Viadeo
22;es;¿Por cuántos dólares compró « Facebook » la aplicación móvil « Whatsapp » ?;19 mil millones;850 millones;220 millones;650,000;Expert;« Whatsapp » fue adquirida por « Facebook » en febrero de 2014 por aproximadamente $ 19 mil millones, incluidos $ 15 mil millones en acciones.;https://es.wikipedia.org/wiki/WhatsApp
23;es;¿Qué antigua red social fabricada en Francia decía ser EL chat de negocios ?;« Piwie »;« Cuadrangular »;« Viadeo »;« XING »;Expert;« Piwie » puso en contacto a todos aquellos que querían emprender un negocio con aquellos que buscaban un socio.;
24;es;En 2014, ¿qué lugar muy turístico fue el más compartido en « Instagram » ?;Disneyland;El Taj Mahal;El Louvre;Time Square;Expert;« Instagram » ha sufrido muchas críticas por su política de censura, considerada desproporcionada.;https://es.wikipedia.org/wiki/Instagram
25;es;¿Qué antigua red social, ahora extinta, estaba orientada al 100% a los geek y a los videojuegos ?;« Kipi »;« Piwie »;« Foursquare »;« Viadeo »;Expert;Cada vez se crean más redes sociales privadas en la red, formando así, en cierto modo, clubes privados.;
26;es;¿Qué red profesional en línea alemana tiene varios millones de miembros ?;« XING »;« Foursquare »;« Viadeo »;« Pinterest »;Expert;Las redes sociales como « Facebook » o « Myspace » no se consideran competidores directos.;
27;es;¿Qué aplicación social es la más popular en Japón ?;« LINE »;« Emoji »;« Viber »;« Skype »;Expert;La venta de mercadería, como pegatinas, juegos, figuritas y peluches, constituye una parte importante de los ingresos de LINE.;https://es.wikipedia.org/wiki/Line_(aplicación)
28;es;¿Qué red social china recientemente incluida en la lista se llamó una vez « Xiaonei » ?;« Renren »;« Panguso »;« NetEase »;« Baidu »;Expert;« Xiaonei » fue fundada en diciembre de 2005 por estudiantes de la Universidad de Tsinghua, Wang Huiwen, Lai Binqiang y Jacky.;https://es.wikipedia.org/wiki/Renren
29;es;¿Qué servicio de búsqueda de directorio social proviene del cofundador de « Napster » ?;« Plaxo »;« LinkedIn »;« Pinterest »;« Viadeo »;Expert;Después de una repentina pérdida de notoriedad entre 2007 y 2011, « Plaxo » tiró la toalla en 2011 y cerró « Plaxo Pulse ».;https://es.wikipedia.org/wiki/Plaxo
30;es;¿Qué sitio web de redes sociales de Rusia fue comprado por alguien cercano a Vladimir Putin ?;« VK »;« Yammer »;« Plaxo »;« Soup »;Expert;En el momento de su creación, el nombre del sitio no debe hacer alusión a determinadas categorías sociales de usuarios.;https://es.wikipedia.org/wiki/VK
1;it;Nello strumento di microblogging « Twitter », quanti caratteri può contenere un tweet al massimo ?;140;255;80;500;Débutant;« Twitter » è stato creato il 21 marzo 2006 da Jack Dorsey, Evan Williams, Biz Stone e Noah Glass.;https://it.wikipedia.org/wiki/Twitter
2;it;Tra questi popolari social network, quale ha registrato la crescita più forte nel 2014 ?;« Pinterest »;« SoundCloud »;« Facebook »;« LinkedIn »;Débutant;Il nome del sito è una combinazione delle parole inglesi « pin » e « interest » che significano rispettivamente pin e interest.;https://it.wikipedia.org/wiki/Pinterest
3;it;Quale scienziato informatico e imprenditore americano ha inventato « Facebook » ?;Mark Zuckeberg;Larry Page;Steve Ballmer;Paul Allen;Débutant;Mark Zuckeberg è oggi il più giovane miliardario al mondo dietro il suo compagno Dustin Moskovitz.;https://it.wikipedia.org/wiki/Facebook
4;it;Neolaureata, su quale social network probabilmente andrai a cercare lavoro ?;« LinkedIn »;« Tinder »;« Twich »;« Reddit »;Débutant;Il sito vanta oltre 400 milioni di membri da 170 settori di attività in più di 200 paesi.;https://it.wikipedia.org/wiki/LinkedIn
5;it;Cosa puoi condividere principalmente sul sito web « Flickr », sviluppato da Ludicorp ?;Immagini;Video;Indirizzi;Musica;Débutant;Su « Flickr », un utente con un account gratuito dispone di un terabyte di spazio per archiviare foto e video.;https://it.wikipedia.org/wiki/Flickr
6;it;Quale celebrità televisiva ha scattato il selfie più ritwittato della storia ?;Ellen DeGeneres;Kim Kardashian;Oprah Winfrey;Jenny McCarthy;Débutant;Ellen DeGeneres è una lontana cugina di Catherine Middleton, duchessa di Cambridge e moglie di William.;https://it.wikipedia.org/wiki/Ellen_DeGeneres
7;it;Con « Instagram » puoi ovviamente scattare foto, ma anche fare...;Un video;Una presentazione;Un documento di testo;Musica;Débutant;L'applicazione e il servizio di condivisione « Instagram » sono stati acquisiti dalla società « Facebook » nel 2012 per oltre 1 miliardo di dollari.;https://it.wikipedia.org/wiki/Instagram
8;it;Quale applicazione « Twitter » ospita video in loop di 6 secondi ?;« Vine »;« SoundCloud »;« Instagram »;« Viber »;Débutant;Come su « Twitter », è possibile accompagnare il tuo « Vine » con una piccola descrizione oltre a parole chiave e hashtag.;https://it.wikipedia.org/wiki/Vine (software)
9;it;Da quale social network americano sei dipendente se non riesci a smettere di struggerti ?;Pinterest;Tumblr;Google +;Facebook;Débutant;« Pinterest » offre ai suoi utenti di appuntare in diverse sezioni immagini che potrebbero aver catturato la loro attenzione.;https://it.wikipedia.org/wiki/Pinterest
10;it;Quale social network domina il primo posto dei social network professionali ?;« LinkedIn »;« Heeloo »;« Movim »;« Friendster »;Débutant;« LinkedIn » è oggi un modo efficace per costruire, sviluppare e arricchire il tuo capitale sociale.;https://it.wikipedia.org/wiki/LinkedIn
11;it;Quale sito di comunità molto attivo è la fonte di molti documenti pubblicati su Internet ?;« Reddit »;« Delizioso »;« Lurker »;« Twich »;Confirmé;Il sito « Reddit » ha una forte comunità che si riunisce attorno a una cultura specifica per la storia del sito.;https://it.wikipedia.org/wiki/Reddit
12;it;Quale concorrente diretto di « Snapchat » è stato lanciato da « Facebook » ?;« Fionda »;« Messenger privato »;« Whisper »;« Facesnap »;Confirmé;La particolarità di questa applicazione è l'esistenza di un limite di tempo per la visione dei media inviati ai suoi destinatari.;https://it.wikipedia.org/wiki/Snapchat
13;it;Alla fine del 2014, quanti utenti avevano l'applicazione « Instagram » da ottobre 2010 ?;300 milioni;200 milioni;100 milioni;400 milioni;Confirmé;Nell'agosto 2014, Instagram ha lanciato « Hyperlapse », un'applicazione video per creare time-lapse.;https://it.wikipedia.org/wiki/Instagram
14;it;Nel 2014, qual era la percentuale di utenti Internet francesi registrati sui social network ?;80%;65%;50%;37%;Confirmé;La regola del numero 150 di Dunbar afferma che la dimensione di un social network originale è limitata a circa 150 membri.;
15;it;In che anno è stato fondato « Twitter », uno strumento di microblogging gestito da Twitter Inc ?;2006;2004;2008;2002;Confirmé;« Twitter » è stato creato a San Francisco all'interno della startup « Odeo » fondata da Noah Glass ed Evan Williams.;https://it.wikipedia.org/wiki/Twitter
16;it;Quali social media ti consentono di indicare dove ti trovi e di consigliare le uscite ?;« Foursquare »;« Viadeo »;« Piwie »;« Cachi »;Confirmé;L'aspetto divertente di « Foursquare » deriva dal fatto che è possibile per l'utente guadagnare punti e accumulare badge.;https://it.wikipedia.org/wiki/Foursquare
17;it;Quale agenzia di intelligence, equivalente alla DGSE, ha aperto il suo account « Twitter » nel 2014 ?;CIA;MI6;NSA;KGB;Confirmé;La CIA ha talvolta influenzato in modo decisivo la storia politica degli stati in cui è intervenuta.;https://it.wikipedia.org/wiki/Central_Intelligence_Agency
18;it;Cosa scambierai se uno YouTuber si offre di scambiare ?;Regali;Messaggi;Video;Barzellette;Confirmé;La maggior parte dei video sul sito o sui canali YouTube possono essere visualizzati da chiunque su Internet.;https://it.wikipedia.org/wiki/YouTube
19;it;Quante foto vengono condivise approssimativamente sulla rete « Instagram » ogni giorno ?;55 milioni;45 milioni;35 milioni;25 milioni;Confirmé;La pubblicità è una questione importante per « Instagram » e ancora di più per « Facebook », proprietario della rete.;https://it.wikipedia.org/wiki/Instagram
20;it;Quale piattaforma di microblogging riceve 300 milioni di visitatori mensili unici ?;Tumblr;Reddit;Tinder;Pinterest;Confirmé;La registrazione su Tumblr è gratuita e richiede solo un indirizzo email, un nome utente e una password.;https://it.wikipedia.org/wiki/Tumblr
21;it;Quale social network cerca di adattarsi alle particolarità culturali di ogni paese ?;« Viadeo »;« Piwie »;« Kaki »;« Foursquare »;Expert;Per i suoi membri, « Viadeo » è anche uno strumento di gestione della reputazione online e di « personal branding ».;https://it.wikipedia.org/wiki/Viadeo
22;it;Per quanti dollari « Facebook » ha acquistato l'applicazione mobile « Whatsapp » ?;19 miliardi;850 milioni;220 milioni;650.000;Expert;« Whatsapp » è stata acquisita da « Facebook » nel febbraio 2014 per circa 19 miliardi di dollari, inclusi 15 miliardi di dollari in azioni.;https://it.wikipedia.org/wiki/WhatsApp
23;it;Quale vecchio social network made in France sosteneva di essere LA chat di lavoro ?;« Piwie »;« Foursquare »;« Viadeo »;« XING »;Expert;« Piwie » mette in contatto tutti coloro che volevano avviare un'impresa con coloro che cercavano un partner.;
24;it;Nel 2014, quale luogo molto turistico è stato il più condiviso su « Instagram » ?;Disneyland;Il Taj Mahal;Il Louvre;Time Square;Expert;« Instagram » ha subito molte critiche a causa della sua politica di censura, considerata sproporzionata.;https://it.wikipedia.org/wiki/Instagram
25;it;Quale vecchio social network, ora defunto, era orientato al 100% ai geek e ai videogiochi ?;« Kipi »;« Piwie »;« Foursquare »;« Viadeo »;Expert;Sempre più reti sociali private vengono create in rete, formando così, in un certo senso, club privati.;
26;it;Quale rete professionale online tedesca ha diversi milioni di membri ?;« XING »;« Foursquare »;« Viadeo »;« Pinterest »;Expert;I social network come « Facebook » o « Myspace » non sono considerati concorrenti diretti.;
27;it;Quale app social è la più popolare in Giappone ?;« LINE »;« Emoji »;« Viber »;« Skype »;Expert;La vendita di merci, come adesivi, giochi, statuette e peluche, costituisce una parte significativa delle entrate di LINE.;https://it.wikipedia.org/wiki/Line_(software)
28;it;Quale social network cinese recentemente elencato si chiamava « Xiaonei » ?;« Renren »;« Panguso »;« NetEase »;« Baidu »;Expert;« Xiaonei » è stata fondata nel dicembre 2005 da studenti dell'Università Tsinghua, Wang Huiwen, Lai Binqiang e Jacky.;https://it.wikipedia.org/wiki/Renren
29;it;Quale servizio di abbinamento di directory sociali proviene dal co-fondatore di « Napster » ?;« Plaxo »;« LinkedIn »;« Pinterest »;« Viadeo »;Expert;Dopo un'improvvisa perdita di notorietà tra il 2007 e il 2011, « Plaxo » ha gettato la spugna nel 2011, chiudendo « Plaxo Pulse ».;https://it.wikipedia.org/wiki/Plaxo
30;it;Quale sito web di social network russo è stato acquistato da qualcuno vicino a Vladimir Putin ?;« VK »;« Yammer »;« Plaxo »;« Soup »;Expert;Quando è stato creato, il nome del sito non deve fare allusione a determinate categorie sociali di utenti.;https://it.wikipedia.org/wiki/VK (rete sociale)
1;nl;Hoeveel tekens mag een tweet in de « Twitter » -microblogtool maximaal bevatten ?;140;255;80;500;Débutant;« Twitter » is gemaakt op 21 maart 2006 door Jack Dorsey, Evan Williams, Biz Stone en Noah Glass.;https://nl.wikipedia.org/wiki/Twitter
2;nl;Onder deze populaire sociale netwerken, die in 2014 de sterkste groei kenden ?;« Pinterest »;« SoundCloud »;« Facebook »;« LinkedIn »;Débutant;De naam van de site is een samenvoeging van de Engelse woorden « pin » en « interest » die respectievelijk pinnen en interesseren betekenen.;https://nl.wikipedia.org/wiki/Pinterest
3;nl;Welke Amerikaanse computerwetenschapper en ondernemer heeft « Facebook » uitgevonden ?;Mark Zuckeberg;Larry Page;Steve Ballmer;Paul Allen;Débutant;Mark Zuckeberg is vandaag de jongste miljardair ter wereld achter zijn kameraad Dustin Moskovitz.;https://nl.wikipedia.org/wiki/Facebook
4;nl;Pas afgestudeerd, op welk sociaal netwerk ga je waarschijnlijk op zoek naar een baan ?;« LinkedIn »;« Tinder »;« Twich »;« Reddit »;Débutant;De site claimt meer dan 400 miljoen leden uit 170 bedrijfssectoren in meer dan 200 landen.;https://nl.wikipedia.org/wiki/LinkedIn
5;nl;Wat kun je voornamelijk delen op de « Flickr » -website, ontwikkeld door Ludicorp ?;Afbeeldingen;Video's;Adressen;Muziek;Débutant;Op « Flickr » heeft een gebruiker met een gratis account één terabyte aan ruimte om foto's en video's op te slaan.;https://nl.wikipedia.org/wiki/Flickr
6;nl;Welke tv-beroemdheid heeft de meest geretweette selfie in de geschiedenis gemaakt ?;Ellen DeGeneres;Kim Kardashian;Oprah Winfrey;Jenny McCarthy;Débutant;Ellen DeGeneres is een verre neef van Catherine Middleton, hertogin van Cambridge en echtgenote van William.;https://nl.wikipedia.org/wiki/Ellen_DeGeneres
7;nl;Met « Instagram » kun je natuurlijk foto's maken, maar ook...;Een video;Een presentatie;Een tekstdocument;Muziek;Débutant;De toepassing en service voor het delen van « Instagram » werd in 2012 voor meer dan $ 1 miljard overgenomen door het bedrijf « Facebook ».;https://nl.wikipedia.org/wiki/Instagram
8;nl;Welke « Twitter » -toepassing host looping-video's van 6 seconden ?;« Vine »;« SoundCloud »;« Instagram »;« Viber »;Débutant;Net als op « Twitter » is het mogelijk om je « Vine » te voorzien van een korte beschrijving, trefwoorden en hashtag.;https://nl.wikipedia.org/wiki/Vine (app)
9;nl;Aan welk Amerikaans sociaal netwerk ben je verslaafd als je niet kunt stoppen met smachten ?;Pinterest;Tumblr;Google +;Facebook;Débutant;« Pinterest » biedt zijn gebruikers de mogelijkheid om in verschillende secties afbeeldingen vast te pinnen die mogelijk hun aandacht hebben getrokken.;https://nl.wikipedia.org/wiki/Pinterest
10;nl;Welk sociaal netwerk domineert de eerste plaats van professionele sociale netwerken ?;« LinkedIn »;« Heeloo »;« Movim »;« Friendster »;Débutant;« LinkedIn » is vandaag een effectieve manier om uw sociaal kapitaal op te bouwen, te ontwikkelen en te verrijken.;https://nl.wikipedia.org/wiki/LinkedIn
11;nl;Welke zeer actieve communitysite is de bron van veel documenten die op internet zijn geplaatst ?;« Reddit »;« Heerlijk »;« Lurker »;« Twich »;Confirmé;De « Reddit » -site heeft een sterke community die samenkomt rond een cultuur die specifiek is voor de geschiedenis van de site.;https://nl.wikipedia.org/wiki/Reddit
12;nl;Welke directe concurrent van « Snapchat » werd gelanceerd door « Facebook » ?;« Katapult »;« Privéboodschapper »;« Fluister »;« Facesnap »;Confirmé;Het bijzondere van deze applicatie is het bestaan van een tijdslimiet voor het bekijken van de media die naar de ontvangers zijn verzonden.;https://nl.wikipedia.org/wiki/Snapchat
13;nl;Hoeveel gebruikers hadden eind 2014 de « Instagram » -toepassing sinds oktober 2010 ?;300 miljoen;200 miljoen;100 miljoen;400 miljoen;Confirmé;In augustus 2014 lanceerde Instagram « Hyperlapse », een videotoepassing voor het maken van time-lapses.;https://nl.wikipedia.org/wiki/Instagram
14;nl;Wat was in 2014 het percentage Franse internetgebruikers dat op sociale netwerken was geregistreerd;80%;65%;50%;37%;Confirmé;Dunbar's regel van 150 of aantal stelt dat de grootte van een origineel sociaal netwerk beperkt is tot ongeveer 150 leden.;
15;nl;In welk jaar werd « Twitter », een microblogtool beheerd door Twitter Inc, opgericht ?;2006;2004;2008;2002;Confirmé;« Twitter » is gemaakt in San Francisco binnen de startup « Odeo » opgericht door Noah Glass en Evan Williams.;https://nl.wikipedia.org/wiki/Twitter
16;nl;Met welke social media kun je aangeven waar je bent en uitjes aanbevelen ?;« Foursquare »;« Viadeo »;« Piwie »;« Kaki »;Confirmé;Het leuke van « Foursquare » komt voort uit het feit dat het voor de gebruiker mogelijk is om punten te verdienen en badges te verzamelen.;https://nl.wikipedia.org/wiki/Foursquare
17;nl;Welke inlichtingendienst, gelijk aan de ADSE, heeft in 2014 zijn « Twitter » -account geopend ?;CIA;MI6;NSA;KGB;Confirmé;De CIA heeft soms een beslissende invloed gehad op de politieke geschiedenis van de staten waarin zij is tussengekomen.;https://nl.wikipedia.org/wiki/Central_Intelligence_Agency
18;nl;Wat ga je verhandelen als een YouTuber aanbiedt om te ruilen ?;Geschenken;Berichten;Video's;Grappen;Confirmé;De meeste video's op de site of YouTube-kanalen kunnen door iedereen op internet worden bekeken.;https://nl.wikipedia.org/wiki/YouTube
19;nl;Hoeveel foto's worden er elke dag ongeveer gedeeld op het « Instagram » -netwerk ?;55 miljoen;45 miljoen;35 miljoen;25 miljoen;Confirmé;Adverteren is een belangrijke kwestie voor « Instagram » en nog meer voor « Facebook », de eigenaar van het netwerk.;https://nl.wikipedia.org/wiki/Instagram
20;nl;Welk microblogplatform ontvangt maandelijks 300 miljoen unieke bezoekers ?;Tumblr;Reddit;Tinder;Pinterest;Confirmé;Aanmelden op Tumblr is gratis en vereist alleen een e-mailadres, gebruikersnaam en wachtwoord.;https://nl.wikipedia.org/wiki/Tumblr
21;nl;Welk sociaal netwerk probeert zich aan te passen aan de culturele bijzonderheden van elk land ?;« Viadeo »;« Piwie »;« Kaki »;« Foursquare »;Expert;Voor haar leden is « Viadeo » ook een tool voor online reputatiemanagement en « personal branding ».;
22;nl;Voor hoeveel dollar heeft « Facebook » de mobiele applicatie « Whatsapp » gekocht ?;19 miljard;850 miljoen;220 miljoen;650.000;Expert;« Whatsapp » werd in februari 2014 overgenomen door « Facebook » voor ongeveer $ 19 miljard, inclusief $ 15 miljard aan aandelen.;https://nl.wikipedia.org/wiki/WhatsApp
23;nl;Welk oud sociaal netwerk uit Frankrijk beweerde DE zakelijke chat te zijn ?;« Piwie »;« Foursquare »;« Viadeo »;« XING »;Expert;« Piwie » bracht iedereen die een bedrijf wilde starten in contact met degenen die op zoek waren naar een partner.;
24;nl;Welke zeer toeristische plaats werd in 2014 het meest gedeeld op « Instagram » ?;Disneyland;De Taj Mahal;Het Louvre;Time Square;Expert;« Instagram » heeft veel kritiek gekregen vanwege het censuurbeleid dat als onevenredig wordt beschouwd.;https://nl.wikipedia.org/wiki/Instagram
25;nl;Welk oud sociaal netwerk, nu opgeheven, was 100% geek- en videogames georiënteerd ?;« Kipi »;« Piwie »;« Foursquare »;« Viadeo »;Expert;Er worden steeds meer particuliere sociale netwerken op het net gecreëerd, waardoor in zekere zin privéclubs worden gevormd.;
26;nl;Welk Duits professioneel online netwerk heeft miljoenen leden ?;« XING »;« Foursquare »;« Viadeo »;« Pinterest »;Expert;Sociale netwerken zoals « Facebook » of « Myspace » worden niet als directe concurrenten beschouwd.;
27;nl;Welke sociale app is het populairst in Japan ?;« LINE »;« Emoji »;« Viber »;« Skype »;Expert;De verkoop van handelswaar, zoals stickers, spelletjes, beeldjes en knuffels, vormt een aanzienlijk deel van de omzet van LINE.;https://nl.wikipedia.org/wiki/Line_(software)
28;nl;Welk recentelijk op de lijst geplaatste Chinese sociale netwerk heette ooit « Xiaonei »;« Renren »;« Panguso »;« NetEase »;« Baidu »;Expert;« Xiaonei » werd in december 2005 opgericht door studenten van Tsinghua University, Wang Huiwen, Lai Binqiang en Jacky.;https://nl.wikipedia.org/wiki/Renren
29;nl;Welke service voor het matchen van sociale mappen is afkomstig van de mede-oprichter van « Napster » ?;« Plaxo »;« LinkedIn »;« Pinterest »;« Viadeo »;Expert;Na een plotseling verlies van bekendheid tussen 2007 en 2011, gooide « Plaxo » in 2011 de handdoek in de ring en sloot « Plaxo Pulse » af.;https://nl.wikipedia.org/wiki/Plaxo
30;nl;Welke Russische sociale netwerkwebsite is gekocht door iemand die dicht bij Vladimir Poetin staat ?;« VK »;« Yammer »;« Plaxo »;« Soup »;Expert;Toen het werd gemaakt, zou de naam van de site geen enkele toespeling moeten maken op bepaalde sociale categorieën gebruikers.;https://nl.wikipedia.org/wiki/VK (sociaal netwerk)
