1;fr;Quel titre inférieur à celui de vicomte est supérieur à celui de chevalier ?;Baron;Comte;Consort;Lord;Débutant;En Belgique, le titre de baron, accordé par le Roi, est supérieur à celui de chevalier et inférieur à celui de vicomte.;https://fr.wikipedia.org/wiki/Baron_(noblesse)
2;fr;Quel titre était attribué à sa naissance au fils aîné du roi de France régnant ?;Dauphin;Requin;Baleine;Orque;Débutant;Dauphin fut à l'origine le surnom, puis le titre, des seigneurs du Dauphiné de Viennois, comtes d'Albon-Viennois.;https://fr.wikipedia.org/wiki/Dauphin_(titre)
3;fr;Dans le monde musulman, qui est celui qui donne des ordres dans un émirat ?;Émir;Vizir;Sultan;Paladin;Débutant;Le mot « émir » peut signifier « prince » pour une personne régnant sur un territoire, ou « général » pour un commandant d'armée.;https://fr.wikipedia.org/wiki/Émir
4;fr;Quel titre monarchique est porté par le souverain d'un empire ?;Empereur;Pharaon;Chancelier;Sultan;Débutant;Empereur est une déformation du titre d'imperator que portaient les généraux romains victorieux acclamés par leurs troupes.;https://fr.wikipedia.org/wiki/Empereur
5;fr;Quel terme a servi à désigner les rois et reines de l'Égypte antique ?;Pharaon;Émir;Khan;Pacha;Débutant;Les noms de 345 pharaons nous sont parvenus grâce à de multiples attestations, dont des listes royales compilées par les scribes.;https://fr.wikipedia.org/wiki/Pharaon
6;fr;Quel est le titre de ceux qui possèdent des terres qui ont le titre de principauté ?;Prince;Chancelier;Roi;Duc;Débutant;Il existe trois territoires ayant le rang de principauté qui confèrent à leur possesseur le titre de prince : Andorre, Monaco et Liechtenstein.;https://fr.wikipedia.org/wiki/Prince_(dignité)
7;fr;En Europe, qui est désigné de manière héréditaire dans une dynastie ?;Roi;Pape;Empereur;Baron;Débutant;Quand un roi en titre est hors d'état d'exercer (jeune âge, par exemple), le pouvoir temporel peut être exercé par un régent.;https://fr.wikipedia.org/wiki/Roi
8;fr;Quel titre officiel est décerné au chef du gouvernement allemand ?;Chancelier;Chambellan;Recteur;Gouverneur;Débutant;Dans « Star Wars : La Menace fantôme » (1999), le sénateur Palpatine devient le chancelier suprême de la République galactique.;https://fr.wikipedia.org/wiki/Chancelier
9;fr;Quel évêque de Rome est également le chef de l'Église catholique ?;Pape;Empereur;Pharaon;Émir;Débutant;L'État de la Cité du Vatican, micro-État totalement enclavé dans la ville de Rome en Italie, est le plus petit pays indépendant au monde.;https://fr.wikipedia.org/wiki/Pape
10;fr;Quel titre se situe dans la continuité du dictateur romain Jules César ?;César;Empereur;Vizir;Consort;Débutant;Le premier à porter ce cognomen dont l'histoire a gardé la trace est un citoyen romain qui fut préteur en 208 avant Jésus-Christ.;https://fr.wikipedia.org/wiki/César_(titre)
11;fr;Quel titre signifie dirigeant ou souverain en mongol et en turc ?;Khan;Pacha;Sultan;Dalaï-lama;Confirmé;Popularisé par Gengis Khan, fondateur de l'Empire mongol, le titre de khan était pourtant déjà utilisé avant l'empire mongol.;https://fr.wikipedia.org/wiki/Khan
12;fr;En Asie, quel titre porte le suzerain de plusieurs souverains ?;Maharajah;Vizir;Pacha;Sultan;Confirmé;En Indonésie, le terme générique de raja est fréquemment utilisé pour désigner un chef de maison royale ou de maison princière.;https://fr.wikipedia.org/wiki/Raja
13;fr;Quel titre honorifique signifie « seigneur » en langue anglaise ?;Lord;Marquis;Chambellan;Duc;Confirmé;Il est notamment utilisé pour désigner un membre de la Chambre des lords ou de la chambre haute du Parlement du Royaume-Uni.;https://fr.wikipedia.org/wiki/Lord
14;fr;Au Maroc, quel titre de haut rang était accordé aux gouverneurs des provinces ?;Pacha;Pharaon;Sultan;Émir;Confirmé;Dans les États chrétiens tributaires du Sultan ottoman, l'équivalent d'un pacha est hospodar (souverain ou seigneur).;https://fr.wikipedia.org/wiki/Pacha_(titre)
15;fr;Quel titre est porté par des monarques musulmans depuis l'an 1000 environ ?;Sultan;Maharajah;Khan;Prince;Confirmé;La première sultane qui gouverna en son propre nom est probablement la sultane Razia (1236-1240) du sultanat de Delhi.;https://fr.wikipedia.org/wiki/Sultan
16;fr;Quel grade militaire d'officier subalterne signifie littéralement « qui tient lieu de » ?;Lieutenant;Colonel;Amiral;Commandeur;Confirmé;Dans la plupart des armées existent aussi des grades de sous-lieutenant, de lieutenant-colonel et de lieutenant général.;https://fr.wikipedia.org/wiki/Lieutenant_(grade_militaire)
17;fr;Quel titre fut porté par les empereurs romains jusqu'au début du VIIe siècle ?;Auguste;Recteur;Consort;Chancelier;Confirmé;Octave fut subséquemment connu sous le nom d'Auguste, puis ce titre fut utilisé par presque tous les empereurs romains qui suivirent.;https://fr.wikipedia.org/wiki/Auguste_(titre)
18;fr;Quel grade d'officier supérieur est le plus élevé dans de nombreuses armées ?;Colonel;Amiral;Capitaine;Lieutenant;Confirmé;Ce grade indique, différemment en fonction de l'organisation de chaque armée, l'aptitude à exercer un commandement important.;https://fr.wikipedia.org/wiki/Colonel
19;fr;Quelle est la plus importante lignée dans le bouddhisme tibétain ?;Dalaï-lama;Vizir;Chambellan;Maharajah;Confirmé;L'exode tibétain de 1959 verra 100 000 Tibétains suivre le dalaï-lama dans un exil en Inde où il crée le gouvernement tibétain en exil.;https://fr.wikipedia.org/wiki/Dalaï-lama
20;fr;Dans l'Égypte antique, quel terme désigne le second personnage après le pharaon ?;Vizir;Paladin;Sultan;Pacha;Confirmé;Iznogoud, héros de la BD de Goscinny et Tabary, est un célèbre vizir de fiction, dont le but est de devenir calife à la place du calife.;https://fr.wikipedia.org/wiki/Vizir
21;fr;Quel gentilhomme est chargé du service de la chambre d'un monarque ?;Chambellan;Auguste;Lord;Émir;Expert;Le grand chambellan de France était l'un des grands officiers de la couronne de France pendant l'Ancien Régime.;https://fr.wikipedia.org/wiki/Chambellan
22;fr;Dans la Grèce antique, quel dirigeant politique était chargé de l'administration ?;Archonte;Recteur;Consort;Khan;Expert;Chargé de la juridiction publique, il était le tuteur des veuves et des orphelins, surveillait les litiges et s'occupait aussi du théâtre.;https://fr.wikipedia.org/wiki/Archonte
23;fr;Dans la religion catholique, quel clerc a la responsabilité d'une basilique ?;Recteur;Maharajah;Chancelier;Paladin;Expert;Dans certaines régions, c'est le titre usuel donné au curé d'une paroisse ou à un laïc responsable d'une confrérie.;https://fr.wikipedia.org/wiki/Recteur_(clergé)
24;fr;Quel surnom est donné aux personnalités puissantes de la finance ?;Magnat;Gouverneur;Recteur;Chambellan;Expert;Le terme magnat correspond de nos jours un peu plus à l'expression oligarque qui s'attache parfois aux milliardaires d'origine russe.;https://fr.wikipedia.org/wiki/Magnat_(titre)
25;fr;Quel qualificatif est donné à l'époux ou l'épouse du chef d'État dans les monarchies ?;Consort;Archonte;Lord;Marquis;Expert;Consort est un terme juridique ancien, désignant la communauté de biens ou de sort qui existe entre deux personnes.;https://fr.wikipedia.org/wiki/Consort_(monarchie)
26;fr;Quel terme s'applique à un chevalier ayant atteint l'un des plus hauts grades ?;Paladin;Auguste;Sultan;Khan;Expert;Aujourd'hui, couramment employé pour sa connotation d'héroïsme et d'inflexibilité, on retrouve l'archétype décliné de différentes façons.;https://fr.wikipedia.org/wiki/Paladin
27;fr;Quel titre de grand noble scandinave se situe au-dessous du rang de roi ?;Jarl;Joupan;Knèze;Nizam;Expert;En Normandie, le chef viking Rollon le Marcheur (911-927) et ses successeurs portèrent le titre de jarl des Normands de la Seine.;https://fr.wikipedia.org/wiki/Jarl
28;fr;Quel titre, aboli à la Révolution française, fut rétabli en 1806 ?;Duc;Archonte;Gouverneur;Prince;Expert;Sous l'ancien régime, on désigna, à partir du XVIe siècle, sous le titre de Monsieur le Duc, le fils aîné du prince de Condé.;https://fr.wikipedia.org/wiki/Duc
29;fr;En Slovénie moderne, quel terme désigne les maires des communes ?;Joupan;Jarl;Nizam;Knèze;Expert;Un joupan désigne en français un hobereau, chef de certaines collectivités, territoriales ou non, en Europe centrale et balkanique.;https://fr.wikipedia.org/wiki/Joupan
30;fr;Quel titre peut être attribué à un dirigeant d'une une institution ou d'une banque ?;Gouverneur;Magnat;Consort;Recteur;Expert;Dans le domaine de l'enseignement, un gouverneur est chargé de l'éducation d'un prince ou de jeunes enfants de grande famille.;https://fr.wikipedia.org/wiki/Gouverneur
1;en;What title lower than Viscount is higher than Knight ?;Baron;County;Consort;Lord;Débutant;In Belgium, the title of baron, granted by the King, is superior to that of knight and inferior to that of viscount.;https://en.wikipedia.org/wiki/Baron
2;en;What title was given at birth to the eldest son of the reigning King of France ?;Dolphin;Squale;Wale;Orca;Débutant;Dauphin was originally the nickname, then the title, of the lords of Dauphiné de Viennois, counts of Albon-Viennois.;https://en.wikipedia.org/wiki/Dauphin_of_France
3;en;In the Muslim world, who is the one who gives orders in an emirate ?;Emir;Vizier;Sultan;Paladin;Débutant;The word emir can mean prince for a person ruling over a territory, or general for an army commander.;
4;en;What monarchical title is carried by the ruler of an empire ?;Emperor;Pharaoh;Chancellor;sultan;Débutant;Emperor is a distortion of the title of imperator worn by victorious Roman generals acclaimed by their troops.;https://en.wikipedia.org/wiki/Emperor
5;en;What term was used to designate the kings and queens of ancient Egypt ?;Pharaoh;Emir;Khan;Pasha;Débutant;The names of 345 pharaohs have come down to us thanks to multiple attestations, including royal lists compiled by scribes.;https://en.wikipedia.org/wiki/Pharaoh
6;en;What is the title of those who own land that has the title of principality ?;Prince;Chancellor;King;Duke;Débutant;There are three territories with the rank of principality which confer on their possessor the title of prince : Andorra, Monaco and Liechtenstein.;
7;en;In Europe, who is designated hereditarily in a dynasty ?;King;Pope;Emperor;Baron;Débutant;When a titular king is unable to exercise (young age, for example), the temporal power can be exercised by a regent.;https://en.wikipedia.org/wiki/King
8;en;What official title is given to the head of the German government ?;Chancelor;Chamberlain;Rector;Governor;Débutant;In « Star Wars: The Phantom Menace » (1999), Senator Palpatine becomes Supreme Chancellor of the Galactic Republic.;https://en.wikipedia.org/wiki/Chancellor
9;en;Which bishop of Rome is also the head of the Catholic Church ?;Pope;Emperor;Pharaoh;Emir;Débutant;The Vatican City State, a totally landlocked microstate within the city of Rome in Italy, is the smallest independent country in the world.;https://en.wikipedia.org/wiki/Pope
10;en;Which title is a continuation of Roman dictator Julius Caesar ?;Caesar;Emperor;Vizier;Consort;Débutant;The first to carry this cognomen whose history has kept track is a Roman citizen who was praetor in 208 BC.;
11;en;What title means ruler or ruler in Mongolian and Turkish ?;Khan;Pasha;Sultan;Dalai Lama;Confirmé;Popularized by Genghis Khan, founder of the Mongol Empire, the title of khan was already used before the Mongol Empire.;https://en.wikipedia.org/wiki/Khan (title)
12;en;In Asia, what title bears the suzerain of several sovereigns ?;Maharajah;Vizir;Pascha;Sultan;Confirmé;In Indonesia, the generic term raja is frequently used to designate a head of a royal household or a princely household.;https://en.wikipedia.org/wiki/Raja
13;en;What honorary title does « seigneur » mean in the English language ?;Lord;Marquis;Chamberlain;Duke;Confirmé;It is notably used to designate a member of the House of Lords or the upper house of the Parliament of the United Kingdom.;https://en.wikipedia.org/wiki/Lord (disambiguation)
14;en;In Morocco, what high-ranking title was granted to the governors of the provinces ?;Pascha;Pharaoh;Sultan;Emir;Confirmé;In Christian states tributary to the Ottoman Sultan, the equivalent of a pasha is hospodar (ruler or lord).;https://en.wikipedia.org/wiki/Pasha
15;en;What title has been held by Muslim monarchs since around the year 1000 ?;Sultan;Maharajah;Khan;Prince;Confirmé;The first Sultana to rule in her own name was probably Sultana Razia (1236-1240) of the Delhi Sultanate.;https://en.wikipedia.org/wiki/Sultan
16;en;What military rank of junior officer literally stands in for ?;Lieutenant;Colonel;Admiral;Commander;Confirmé;In most armies there are also ranks of second lieutenant, lieutenant colonel and lieutenant general.;https://en.wikipedia.org/wiki/Lieutenant
17;en;What title was held by Roman emperors until the beginning of the 7th century ?;August;Rector;Consort;Chancellor;Confirmé;Octavian was subsequently known as Augustus, and this title was used by almost all subsequent Roman emperors.;https://en.wikipedia.org/wiki/Augustus_(title)
18;en;Which senior officer rank is the highest in many armies ?;Colonel;Admiral;Captain;Lieutenant;Confirmé;This rank indicates, differently according to the organization of each army, the aptitude to exert an important command.;https://en.wikipedia.org/wiki/Colonel
19;en;Quelle est la plus importante lignée dans le bouddhisme tibétain ?;Dalai Lama;Vizir;Chamberlain;Maharajah;Confirmé;The 1959 Tibetan Exodus will see 100,000 Tibetans follow the Dalai Lama into exile in India where he creates the Tibetan government in exile.;
20;en;In ancient Egypt, what term designates the second character after the pharaoh ?;Vizir;Paladin;Sultan;Pascha;Confirmé;Iznogoud, hero of Goscinny and Tabary comics, is a famous fictional vizier, whose goal is to become caliph instead of the caliph.;https://en.wikipedia.org/wiki/Vizier
21;en;What gentleman is in charge of the room service of a monarch ?;Chamberlain;August;Lord;Emir;Expert;The Grand Chamberlain of France was one of the great officers of the crown of France during the Ancien Régime.;https://en.wikipedia.org/wiki/Chamberlain (office)
22;en;In ancient Greece, which political leader was in charge of administration ?;Archon;Rector;Consort;Khan;Expert;In charge of public jurisdiction, he was the guardian of widows and orphans, supervised litigation and also took care of the theater.;https://en.wikipedia.org/wiki/Archon
23;en;In the Catholic religion, which cleric is responsible for a basilica ?;Rector;Maharajah;Chancelor;Paladin;Expert;In some regions, it is the usual title given to the priest of a parish or to a lay person in charge of a brotherhood.;
24;en;What nickname is given to powerful figures in finance ?;Magnate;Governor;Rector;Chamberlain;Expert;The term tycoon nowadays corresponds a little more to the expression oligarch which sometimes attaches to billionaires of Russian origin.;https://en.wikipedia.org/wiki/Magnate
25;en;What qualification is given to the husband or wife of the head of state in monarchies ?;Consort;Archon;Lord;Marquis;Expert;Consort is an old legal term, designating the community of property or fate that exists between two people.;https://en.wikipedia.org/wiki/Royal_consort
26;en;What term applies to a knight who has reached one of the highest ranks ?;Paladin;August;Sultan;Khan;Expert;Today, commonly used for its connotation of heroism and inflexibility, we find the archetype declined in different ways.;https://en.wikipedia.org/wiki/Paladin
27;en;What title of great Scandinavian nobleman is below the rank of king ?;Jarl;Joupan;Kneze;Nizam;Expert;In Normandy, the Viking leader Rollon le Walker (911-927) and his successors bore the title of Jarl of the Normans of the Seine.;https://en.wikipedia.org/wiki/Jarl
28;en;Which title, abolished during the French Revolution, was restored in 1806 ?;Duke;Archon;Governor;Prince;Expert;Under the old regime, from the 16th century onwards, under the title of Monsieur le Duc, the eldest son of the Prince of Condé was designated.;https://en.wikipedia.org/wiki/Duke
29;en;In modern Slovenia, what is the term for mayors of municipalities ?;Joupan;Jarl;Nizam;Kneze;Expert;A joupan designates in French a squire, head of certain communities, territorial or not, in central and Balkan Europe.;https://en.wikipedia.org/wiki/Župan
30;en;What title can be attributed to an officer of an institution or a bank ?;Governor;Magnat;Consort;Rector;Expert;In the field of education, a governor is responsible for the education of a prince or young children from large families.;https://en.wikipedia.org/wiki/Governor
1;de;Welcher Titel niedriger als Viscount ist höher als Knight ?;Barone;Zählen;Gemahl;Herr;Débutant;In Belgien ist der vom König verliehene Titel eines Barons dem eines Ritters überlegen und dem eines Viscounts untergeordnet.;https://de.wikipedia.org/wiki/Baron
2;de;Welchen Titel erhielt der älteste Sohn des amtierenden Königs von Frankreich bei der Geburt ?;Delphin;Hai;Wal;Ork;Débutant;Dauphin war ursprünglich der Spitzname und dann der Titel der Herren von Dauphiné de Viennois, Grafen von Albon-Viennois.;https://de.wikipedia.org/wiki/Dauphin_(Adel)
3;de;Wer ist in der muslimischen Welt derjenige, der in einem Emirat Befehle erteilt ?;Emir;Wesir;Sultan;Paladin;Débutant;Das Wort Emir kann Prinz für eine Person bedeuten, die über ein Gebiet herrscht, oder General für einen Heerführer.;
4;de;Welchen monarchischen Titel trägt der Herrscher eines Reiches ?;Kaiser;Pharao;Kanzler;Sultan;Débutant;Kaiser ist eine Verfälschung des Titels Imperator, den siegreiche römische Generäle trugen und die von ihren Truppen gefeiert wurden.;https://de.wikipedia.org/wiki/Kaiser
5;de;Mit welchem Begriff wurden die Könige und Königinnen des alten Ägypten bezeichnet ?;Pharao;Emir;Khan;Pascha;Débutant;Die Namen von 345 Pharaonen sind dank zahlreicher Zeugnisse, darunter auch von Schreibern zusammengestellte Königslisten, überliefert.;https://de.wikipedia.org/wiki/Pharao
6;de;Welchen Titel haben diejenigen, die Land besitzen, das den Titel eines Fürstentums trägt ?;Prinz;Kanzler;König;Herzog;Débutant;Es gibt drei Territorien mit dem Rang eines Fürstentums, die ihrem Besitzer den Fürstentitel verleihen : Andorra, Monaco und Liechtenstein.;
7;de;Wer wird in Europa in einer Dynastie erblich bezeichnet ?;König;Papst;Kaiser;Barone;Débutant;Wenn ein Titularkönig nicht in der Lage ist, die Macht auszuüben (z. B. in jungen Jahren), kann die weltliche Macht von einem Regenten ausgeübt werden.;https://de.wikipedia.org/wiki/König
8;de;Welchen offiziellen Titel trägt der Chef der deutschen Regierung ?;Kanzler;Chamberlain;Rektor;Gouverneur;Débutant;In « Star Wars: The Phantom Menace » (1999) wird Senator Palpatine Oberster Kanzler der Galaktischen Republik.;https://de.wikipedia.org/wiki/Kanzler
9;de;Welcher Bischof von Rom ist auch Oberhaupt der katholischen Kirche ?;Papst;Kaiser;Pharao;Emir;Débutant;Der Staat Vatikanstadt, ein vollständig umschlossener Mikrostaat innerhalb der Stadt Rom in Italien, ist der kleinste unabhängige Staat der Welt.;https://de.wikipedia.org/wiki/Papst
10;de;Welcher Titel ist eine Fortsetzung des römischen Diktators Julius Cäsar ?;Cäsar;Kaiser;Wesir;Gemahl;Débutant;Der erste Träger dieses geschichtsträchtigen Beinamens ist ein römischer Bürger, der 208 v. Chr. Prätor war.;
11;de;Welcher Titel bedeutet Herrscher oder Herrscher auf Mongolisch und Türkisch ?;Khan;Pascha;Sultan;Dalai Lama;Confirmé;Der Titel Khan wurde von Dschingis Khan, dem Gründer des Mongolenreichs, populär gemacht und bereits vor dem Mongolenreich verwendet.;https://de.wikipedia.org/wiki/Khan
12;de;Welchen Titel trägt in Asien der Oberbefehlshaber mehrerer Herrscher ?;Maharadscha;Wesir;Pascha;Sultan;Confirmé;In Indonesien wird der Oberbegriff Raja häufig zur Bezeichnung eines Oberhauptes eines königlichen Haushalts oder eines Fürstenhaushalts verwendet.;https://de.wikipedia.org/wiki/Raja
13;de;Welchen Ehrentitel bedeutet « seigneur » in der englischen Sprache ?;Herr;Marquess;Chamberlain;Herzog;Confirmé;Es wird insbesondere zur Bezeichnung eines Mitglieds des House of Lords oder des Oberhauses des Parlaments des Vereinigten Königreichs verwendet.;https://de.wikipedia.org/wiki/Lord (Begriffsklärung)
14;de;Welcher hochrangige Titel wurde in Marokko den Gouverneuren der Provinzen verliehen ?;Pascha;Pharao;Sultan;Emir;Confirmé;In christlichen Staaten, die dem osmanischen Sultan tributpflichtig sind, ist das Äquivalent eines Paschas hospodar (Herrscher oder Herr).;https://de.wikipedia.org/wiki/Pascha_(Titel)
15;de;Welchen Titel tragen muslimische Monarchen seit etwa dem Jahr 1000 ?;Sultan;Maharadscha;Khan;Prinz;Confirmé;Die erste Sultanin, die in ihrem eigenen Namen regierte, war wahrscheinlich Sultanin Razia (1236–1240) aus dem Sultanat Delhi.;https://de.wikipedia.org/wiki/Sultan
16;de;Welcher militärische Rang eines Junioroffiziers steht im wahrsten Sinne des Wortes ?;Leutnant;Oberst;Admiral;Kommandant;Confirmé;In den meisten Armeen gibt es auch die Dienstgrade Leutnant, Oberstleutnant und Generalleutnant.;
17;de;Welchen Titel trugen römische Kaiser bis zum Beginn des 7. Jahrhunderts ?;Augustus;Rektor;Gemahl;Kanzler;Confirmé;Octavian wurde später als Augustus bekannt und dieser Titel wurde von fast allen nachfolgenden römischen Kaisern verwendet.;https://de.wikipedia.org/wiki/Augustus_(Titel)
18;de;Welcher höhere Offiziersrang ist in vielen Armeen der höchste ?;Oberst;Admiral;Kapitän;Leutnant;Confirmé;Dieser Rang weist je nach Organisation der einzelnen Armeen auf die Fähigkeit hin, ein wichtiges Kommando auszuüben.;https://de.wikipedia.org/wiki/Oberst
19;de;Was ist die wichtigste Linie im tibetischen Buddhismus ?;Dalai Lama;Wesir;Chamberlain;Maharadscha;Confirmé;Beim tibetischen Exodus im Jahr 1959 folgen 100.000 Tibeter dem Dalai Lama ins Exil nach Indien, wo er die tibetische Exilregierung aufbaut.;
20;de;Welcher Begriff bezeichnet im alten Ägypten die zweite Figur nach dem Pharao ?;Wesir;Paladin;Sultan;Pascha;Confirmé;Iznogoud, Held der Goscinny- und Tabary-Comics, ist ein berühmter fiktiver Wesir, dessen Ziel es ist, Kalif zu werden, anstatt selbst ein Kalif zu werden.;https://de.wikipedia.org/wiki/Wesir
21;de;Welcher Herr ist für den Zimmerservice eines Monarchen verantwortlich ?;Chamberlain;Augustus;Herr;Emir;Expert;Der Großkämmerer von Frankreich war einer der großen Offiziere der französischen Krone während des Ancien Régime.;https://de.wikipedia.org/wiki/Kammerherr
22;de;Welcher politische Führer war im antiken Griechenland für die Verwaltung zuständig ?;Archon;Rektor;Gemahl;Khan;Expert;Er war für die öffentliche Gerichtsbarkeit zuständig, war Vormund der Witwen und Waisen, überwachte Rechtsstreitigkeiten und kümmerte sich auch um das Theater.;https://de.wikipedia.org/wiki/Archon (Amt)
23;de;Welcher Geistliche ist in der katholischen Religion für eine Basilika verantwortlich ?;Rektor;Maharadscha;Kanzler;Paladin;Expert;In einigen Regionen ist es der übliche Titel, der dem Priester einer Pfarrei oder einem Laien, der eine Bruderschaft leitet, verliehen wird.;
24;de;Welchen Spitznamen erhalten mächtige Persönlichkeiten im Finanzwesen ?;Tycoon;Gouverneur;Rektor;Chamberlain;Expert;Der Begriff Magnat entspricht heutzutage eher dem Ausdruck Oligarch, der manchmal für Milliardäre russischer Herkunft verwendet wird.;https://de.wikipedia.org/wiki/Magnat
25;de;Welche Qualifikation wird dem Ehemann oder der Ehefrau des Staatsoberhauptes in Monarchien zuerkannt ?;Gemahl;Archon;Herr;Marquess;Expert;Consort ist ein alter juristischer Begriff und bezeichnet die Güter- oder Schicksalsgemeinschaft, die zwischen zwei Menschen besteht.;https://de.wikipedia.org/wiki/Royal_Consort
26;de;Welche Bezeichnung gilt für einen Ritter, der einen der höchsten Ränge erreicht hat ?;Paladin;Augustus;Sultan;Khan;Expert;Heutzutage wird der Archetyp häufig wegen seiner Konnotation von Heldentum und Unflexibilität verwendet, aber wir finden, dass er auf unterschiedliche Weise abgelehnt wird.;https://de.wikipedia.org/wiki/Paladin
27;de;Welcher Titel eines großen skandinavischen Adligen liegt unter dem Rang eines Königs ?;Jarl;Joupan;Knie;nizam;Expert;In der Normandie trugen der Wikingerführer Rollon le Walker (911-927) und seine Nachfolger den Titel Jarl der Normannen der Seine.;https://de.wikipedia.org/wiki/Jarl
28;de;Welcher während der Französischen Revolution abgeschaffte Titel wurde 1806 wiederhergestellt ?;Herzog;Archon;Gouverneur;Prinz;Expert;Unter dem alten Regime wurde ab dem 16. Jahrhundert unter dem Titel Monsieur le Duc der älteste Sohn des Prinzen von Condé bezeichnet.;https://de.wikipedia.org/wiki/Herzog
29;de;Wie lautet im modernen Slowenien die Bezeichnung für Bürgermeister von Gemeinden ?;Joupan;Jarl;nizam;Knie;Expert;Ein Joupan bezeichnet auf Französisch einen Gutsherrn, Oberhaupt bestimmter Territorialgemeinden oder nicht, in Mittel- und Balkaneuropa.;https://de.wikipedia.org/wiki/Gespan
30;de;Welcher Titel kann einem Beamten einer Institution oder einer Bank verliehen werden ?;Gouverneur;Tycoon;Gemahl;Rektor;Expert;Im Bildungsbereich ist ein Gouverneur für die Ausbildung eines Prinzen oder kleiner Kinder aus kinderreichen Familien verantwortlich.;https://de.wikipedia.org/wiki/Gouverneur
1;es;¿Qué título inferior al de vizconde es superior al de caballero ?;barones;Contar;consorte;Señor;Débutant;En Bélgica, el título de barón, otorgado por el Rey, es superior al de caballero e inferior al de vizconde.;https://es.wikipedia.org/wiki/Barón
2;es;¿Qué título se le dio al nacer al hijo mayor del rey reinante de Francia ?;delfín;tiburón;ballena;Orco;Débutant;Dauphin fue originalmente el apodo, luego el título, de los señores de Dauphiné de Viennois, condes de Albon-Viennois.;https://es.wikipedia.org/wiki/Delfín_(título)
3;es;En el mundo musulmán, ¿quién es el que da órdenes en un emirato ?;Emir;Visir;sultán;paladín;Débutant;La palabra emir puede significar príncipe para una persona que gobierna un territorio, o general para un comandante del ejército.;
4;es;¿Qué título monárquico lleva el gobernante de un imperio ?;Emperador;Faraón;Canciller;sultán;Débutant;Emperador es una distorsión del título de imperator que llevaban los generales romanos victoriosos aclamados por sus tropas.;https://es.wikipedia.org/wiki/Emperador
5;es;¿Qué término se usaba para designar a los reyes y reinas del antiguo Egipto ?;Faraón;Emir;kan;Pasha;Débutant;Los nombres de 345 faraones nos han llegado gracias a múltiples testimonios, incluidas listas reales compiladas por escribas.;https://es.wikipedia.org/wiki/Faraón
6;es;¿Cuál es el título de los que poseen tierra que tiene el título de principado ?;Príncipe;Canciller;Rey;Duque;Débutant;Hay tres territorios con rango de principado que confieren a su poseedor el título de príncipe : Andorra, Mónaco y Liechtenstein.;
7;es;En Europa, ¿quién es designado hereditariamente en una dinastía ?;Rey;Papa;Emperador;barones;Débutant;Cuando un rey titular no puede ejercer (edad joven, por ejemplo), el poder temporal puede ser ejercido por un regente.;https://es.wikipedia.org/wiki/Rey
8;es;¿Qué título oficial se le da al jefe del gobierno alemán ?;Canciller;chambelán;rector;Gobernador;Débutant;En « Star Wars: The Phantom Menace » (1999), el Senador Palpatine se convierte en Canciller Supremo de la República Galáctica.;https://es.wikipedia.org/wiki/Canciller
9;es;¿Qué obispo de Roma es también la cabeza de la Iglesia Católica ?;Papa;Emperador;Faraón;Emir;Débutant;El Estado de la Ciudad del Vaticano, un microestado sin salida al mar dentro de la ciudad de Roma en Italia, es el país independiente más pequeño del mundo.;https://es.wikipedia.org/wiki/Papa
10;es;¿Qué título es una continuación del dictador romano Julio César ?;César;Emperador;Visir;consorte;Débutant;El primero en portar este apodo del que se tiene constancia histórica es un ciudadano romano que fue pretor en el año 208 a.;
11;es;¿Qué título significa gobernante o gobernante en mongol y turco ?;kan;Pasha;sultán;Dalái Lama;Confirmé;Popularizado por Genghis Khan, fundador del Imperio Mongol, el título de khan ya se usaba antes del Imperio Mongol.;https://es.wikipedia.org/wiki/Kan
12;es;En Asia, ¿qué título lleva el soberano de varios soberanos ?;maharajá;Visir;Pasha;sultán;Confirmé;En Indonesia, el término genérico raja se usa con frecuencia para designar a un cabeza de familia real o principesca.;https://es.wikipedia.org/wiki/Rajá
13;es;¿Qué título honorífico significa « seigneur » en inglés ?;Señor;marqués;chambelán;Duque;Confirmé;Se utiliza en particular para designar a un miembro de la Cámara de los Lores o de la cámara alta del Parlamento del Reino Unido.;https://es.wikipedia.org/wiki/Lord (desambiguación)
14;es;En Marruecos, ¿qué título de alto rango se otorgaba a los gobernadores de las provincias ?;Pasha;Faraón;sultán;Emir;Confirmé;En los estados cristianos tributarios del sultán otomano, el equivalente de un pasha es hospodar (gobernante o señor).;https://es.wikipedia.org/wiki/Bajá
15;es;¿Qué título han ostentado los monarcas musulmanes desde alrededor del año 1000 ?;sultán;maharajá;kan;Príncipe;Confirmé;La primera Sultana en gobernar en su propio nombre fue probablemente Sultana Razia (1236-1240) del Sultanato de Delhi.;https://es.wikipedia.org/wiki/Sultán
16;es;¿Qué rango militar de oficial subalterno representa literalmente ?;teniente;coronel;Almirante;Comandante;Confirmé;En la mayoría de los ejércitos también hay rangos de segundo teniente, teniente coronel y teniente general.;https://es.wikipedia.org/wiki/Teniente
17;es;¿Qué título tenían los emperadores romanos hasta principios del siglo VII ?;Augusto;rector;consorte;Canciller;Confirmé;Posteriormente, Octavio fue conocido como Augusto, y este título fue utilizado por casi todos los emperadores romanos posteriores.;https://es.wikipedia.org/wiki/Augusto_(título)
18;es;¿Qué rango de oficial superior es el más alto en muchos ejércitos ?;coronel;Almirante;Capitán;teniente;Confirmé;Este rango indica, de forma distinta según la organización de cada ejército, la aptitud para ejercer un mando importante.;https://es.wikipedia.org/wiki/Coronel
19;es;¿Cuál es el linaje más importante en el budismo tibetano ?;Dalái Lama;Visir;chambelán;maharajá;Confirmé;El éxodo tibetano de 1959 verá a 100.000 tibetanos seguir al Dalai Lama al exilio en la India, donde crea el gobierno tibetano en el exilio.;
20;es;En el antiguo Egipto, ¿qué término designa al segundo personaje después del faraón ?;Visir;paladín;sultán;Pasha;Confirmé;Iznogoud, héroe de los cómics de Goscinny y Tabary, es un famoso visir ficticio, cuyo objetivo es convertirse en califa en lugar de califa.;https://es.wikipedia.org/wiki/Visir
21;es;¿Qué señor está a cargo del servicio de habitaciones de un monarca ?;chambelán;Augusto;Señor;Emir;Expert;El Gran Chambelán de Francia fue uno de los grandes oficiales de la corona de Francia durante el Antiguo Régimen.;https://es.wikipedia.org/wiki/Chambelán
22;es;En la antigua Grecia, ¿qué líder político estaba a cargo de la administración ?;Arconte;rector;consorte;kan;Expert;Encargado de la jurisdicción pública, fue guardián de viudas y huérfanos, supervisó litigios y también se ocupó del teatro.;https://es.wikipedia.org/wiki/Arconte
23;es;En la religión católica, ¿qué clérigo es el responsable de una basílica ?;rector;maharajá;Canciller;paladín;Expert;En algunas regiones, es el título habitual que se le da al sacerdote de una parroquia oa un laico a cargo de una hermandad.;
24;es;¿Qué apodo se les da a las figuras poderosas de las finanzas ?;magnate;Gobernador;rector;chambelán;Expert;El término magnate hoy en día corresponde un poco más a la expresión oligarca que a veces se atribuye a los multimillonarios de origen ruso.;https://es.wikipedia.org/wiki/Magnate_(alta_nobleza)
25;es;¿Qué calificación se otorga al esposo o esposa del jefe de estado en las monarquías ?;consorte;Arconte;Señor;marqués;Expert;Consorte es un término legal antiguo, que designa la comunidad de bienes o destino que existe entre dos personas.;https://es.wikipedia.org/wiki/Consorte
26;es;¿Qué término se aplica a un caballero que ha alcanzado uno de los rangos más altos ?;paladín;Augusto;sultán;kan;Expert;Hoy, comúnmente usado por su connotación de heroísmo e inflexibilidad, encontramos que el arquetipo se declina de diferentes maneras.;https://es.wikipedia.org/wiki/Paladín
27;es;¿Qué título de gran noble escandinavo está por debajo del rango de rey ?;Jarl;Joupán;Kneze;nizam;Expert;En Normandía, el líder vikingo Rollon le Walker (911-927) y sus sucesores llevaron el título de Jarl de los normandos del Sena.;https://es.wikipedia.org/wiki/Jarl
28;es;¿Qué título, abolido durante la Revolución Francesa, fue restaurado en 1806 ?;duque;Arconte;Gobernador;Príncipe;Expert;Bajo el antiguo régimen, a partir del siglo XVI, bajo el título de Monsieur le Duc, se designaba al hijo mayor del Príncipe de Condé.;https://es.wikipedia.org/wiki/Duque
29;es;En la Eslovenia moderna, ¿cuál es el término para alcaldes de municipios ?;Joupán;Jarl;nizam;Kneze;Expert;Un joupan designa en francés a un escudero, cabeza de ciertas comunidades, territoriales o no, en Europa central y balcánica.;
30;es;¿Qué título se le puede atribuir a un funcionario de una institución o de un banco ?;Gobernador;magnate;consorte;rector;Expert;En el campo de la educación, un gobernador es responsable de la educación de un príncipe o niños pequeños de familias numerosas.;https://es.wikipedia.org/wiki/Gobernador
1;it;Quale titolo inferiore a Visconte è superiore a Cavaliere ?;baroni;Conte;Consorte;Signore;Débutant;In Belgio il titolo di barone, concesso dal re, è superiore a quello di cavaliere e inferiore a quello di visconte.;https://it.wikipedia.org/wiki/Barone
2;it;Quale titolo è stato dato alla nascita al figlio maggiore del re regnante di Francia ?;delfino;Squalo;balena;Orco;Débutant;Dauphin era originariamente il soprannome, poi il titolo, dei signori di Dauphiné de Viennois, conti di Albon-Viennois.;https://it.wikipedia.org/wiki/Delfino_(onorificenza)
3;it;Nel mondo musulmano, chi è che dà ordini in un emirato ?;Emiro;Visir;sultano;paladino;Débutant;La parola emiro può significare principe per una persona che governa un territorio o generale per un comandante dell'esercito.;
4;it;Quale titolo monarchico è portato dal sovrano di un impero ?;Imperatore;Faraone;Cancelliere;sultano;Débutant;L'imperatore è una distorsione del titolo di imperator indossato dai generali romani vittoriosi acclamati dalle loro truppe.;https://it.wikipedia.org/wiki/Imperatore
5;it;Quale termine veniva usato per designare i re e le regine dell'antico Egitto ?;Faraone;Emiro;khan;Pascià;Débutant;I nomi di 345 faraoni ci sono pervenuti grazie a molteplici attestazioni, comprese liste reali compilate da amanuensi.;https://it.wikipedia.org/wiki/Faraone
6;it;Qual è il titolo di chi possiede una terra che ha titolo di principato ?;Principe;Cancelliere;Re;Duca;Débutant;Esistono tre territori con rango di principato che conferiscono al loro possessore il titolo di principe : Andorra, Monaco e Liechtenstein.;
7;it;In Europa, chi è designato ereditariamente in una dinastia ?;Re;Papa;Imperatore;baroni;Débutant;Quando un re titolare non è in grado di esercitare (la giovane età, ad esempio), il potere temporale può essere esercitato da un reggente.;https://it.wikipedia.org/wiki/Re
8;it;Quale titolo ufficiale viene dato al capo del governo tedesco ?;Cancelliere;Ciambellano;Rettore;Governatore;Débutant;In « Star Wars: The Phantom Menace » (1999), il Senatore Palpatine diventa Cancelliere Supremo della Repubblica Galattica.;https://it.wikipedia.org/wiki/Cancelliere
9;it;Quale vescovo di Roma è anche il capo della Chiesa cattolica ?;Papa;Imperatore;Faraone;Emiro;Débutant;Lo Stato della Città del Vaticano, un microstato totalmente senza sbocco sul mare all'interno della città di Roma in Italia, è il più piccolo stato indipendente del mondo.;https://it.wikipedia.org/wiki/Papa
10;it;Quale titolo è una continuazione del dittatore romano Giulio Cesare ?;Cesare;Imperatore;Visir;Consorte;Débutant;Il primo a portare questo cognomen di cui la storia ha tenuto traccia è un cittadino romano pretore nel 208 a.;
11;it;Quale titolo significa sovrano o sovrano in mongolo e turco ?;khan;Pascià;sultano;Dalai Lama;Confirmé;Reso popolare da Gengis Khan, fondatore dell'Impero Mongolo, il titolo di khan era già usato prima dell'Impero Mongolo.;https://it.wikipedia.org/wiki/Khan
12;it;In Asia, quale titolo porta il sovrano di più sovrani ?;maragià;Visir;Pascià;sultano;Confirmé;In Indonesia, il termine generico raja è spesso usato per designare un capo di una famiglia reale o di una famiglia principesca.;https://it.wikipedia.org/wiki/Raja
13;it;Quale titolo onorifico significa « seigneur » in lingua inglese ?;Signore;Marchese;Ciambellano;Duca;Confirmé;È in particolare utilizzato per designare un membro della Camera dei Lord o della camera alta del Parlamento del Regno Unito.;https://it.wikipedia.org/wiki/Lord (disambigua)
14;it;In Marocco, quale titolo di alto rango era concesso ai governatori delle province ?;Pascià;Faraone;sultano;Emiro;Confirmé;Negli stati cristiani tributari del sultano ottomano, l'equivalente di un pascià è hospodar (sovrano o signore).;https://it.wikipedia.org/wiki/Pascià
15;it;Quale titolo è stato detenuto dai monarchi musulmani dall'anno 1000 circa ?;sultano;maragià;khan;Principe;Confirmé;La prima Sultana a governare in proprio nome fu probabilmente Sultana Razia (1236-1240) del Sultanato di Delhi.;https://it.wikipedia.org/wiki/Sultano
16;it;Quale grado militare di giovane ufficiale rappresenta letteralmente ?;Tenente;Colonnello;Ammiraglio;Comandante;Confirmé;Nella maggior parte degli eserciti ci sono anche gradi di sottotenente, tenente colonnello e tenente generale.;https://it.wikipedia.org/wiki/Tenente
17;it;Quale titolo era detenuto dagli imperatori romani fino all'inizio del VII secolo ?;Augusto;Rettore;Consorte;Cancelliere;Confirmé;Ottaviano fu successivamente conosciuto come Augusto, e questo titolo fu usato da quasi tutti i successivi imperatori romani.;https://it.wikipedia.org/wiki/Augusto_(titolo)
18;it;Quale grado di alto ufficiale è il più alto in molti eserciti ?;Colonnello;Ammiraglio;Capitano;Tenente;Confirmé;Questo grado indica, diversamente a seconda dell'organizzazione di ciascun esercito, l'attitudine ad esercitare un comando importante.;https://it.wikipedia.org/wiki/Colonnello
19;it;Qual è il lignaggio più importante nel buddismo tibetano ?;Dalai Lama;Visir;Ciambellano;maragià;Confirmé;L'esodo tibetano del 1959 vedrà 100.000 tibetani seguire il Dalai Lama in esilio in India, dove creerà il governo tibetano in esilio.;
20;it;Nell'antico Egitto, quale termine designava il secondo personaggio dopo il faraone ?;Visir;paladino;sultano;Pascià;Confirmé;Iznogoud, eroe dei fumetti di Goscinny e Tabary, è un famoso visir immaginario, il cui obiettivo è diventare califfo anziché califfo.;https://it.wikipedia.org/wiki/Visir
21;it;Quale signore si occupa del servizio in camera di un monarca ?;Ciambellano;Augusto;Signore;Emiro;Expert;Il Gran Ciambellano di Francia fu uno dei grandi ufficiali della corona di Francia durante l'Ancien Régime.;https://it.wikipedia.org/wiki/Ciambellano
22;it;Nell'antica Grecia, quale leader politico era responsabile dell'amministrazione ?;Arconte;Rettore;Consorte;khan;Expert;Preposto alla pubblica giurisdizione, fu custode delle vedove e degli orfani, sovrintese ai contenziosi e si occupò anche del teatro.;https://it.wikipedia.org/wiki/Arconte
23;it;Nella religione cattolica, quale chierico è responsabile di una basilica ?;Rettore;maragià;Cancelliere;paladino;Expert;In alcune regioni è il titolo abituale dato al parroco di una parrocchia oa un laico responsabile di una confraternita.;
24;it;Quale soprannome viene dato ai potenti della finanza ?;magnate;Governatore;Rettore;Ciambellano;Expert;Il termine magnate oggi corrisponde un po' di più all'espressione oligarca che a volte si attribuisce ai miliardari di origine russa.;https://it.wikipedia.org/wiki/Magnate
25;it;Quale qualifica viene data al marito o alla moglie del capo di stato nelle monarchie ?;Consorte;Arconte;Signore;Marchese;Expert;Consorte è un vecchio termine legale, che designa la comunione dei beni o del destino che esiste tra due persone.;
26;it;Quale termine si applica a un cavaliere che ha raggiunto uno dei ranghi più alti ?;paladino;Augusto;sultano;khan;Expert;Oggi, comunemente usato per la sua connotazione di eroismo e inflessibilità, troviamo l'archetipo declinato in modi diversi.;https://it.wikipedia.org/wiki/Paladino
27;it;Quale titolo di grande nobile scandinavo è inferiore al rango di re ?;Jarl;Joupan;Kneze;nizam;Expert;In Normandia, il capo vichingo Rollon le Walker (911-927) ei suoi successori portavano il titolo di Jarl dei Normanni della Senna.;https://it.wikipedia.org/wiki/Jarl
28;it;Quale titolo, abolito durante la Rivoluzione francese, fu ripristinato nel 1806 ?;Duca;Arconte;Governatore;Principe;Expert;Sotto l'antico regime, dal XVI secolo in poi, con il titolo di Monsieur le Duc, veniva designato il primogenito del Principe di Condé.;https://it.wikipedia.org/wiki/Duca
29;it;Nella Slovenia moderna, qual è il termine per i sindaci dei comuni ?;Joupan;Jarl;nizam;Kneze;Expert;Un joupan designa in francese uno scudiero, capo di alcune comunità, territoriali e non, dell'Europa centrale e balcanica.;https://it.wikipedia.org/wiki/Zupano
30;it;Quale titolo può essere attribuito a un funzionario di un istituto o di una banca ?;Governatore;magnate;Consorte;Rettore;Expert;Nel campo dell'istruzione, un governatore è responsabile dell'educazione di un principe o di bambini piccoli di famiglie numerose.;https://it.wikipedia.org/wiki/Governatore
1;nl;Welke titel lager dan Burggraaf is hoger dan Ridder ?;baronnen;Tel;partner;Heer;Débutant;In België is de titel van baron, toegekend door de koning, hoger dan die van ridder en lager dan die van burggraaf.;https://nl.wikipedia.org/wiki/Baron_(titel)
2;nl;Welke titel kreeg de oudste zoon van de regerende koning van Frankrijk bij de geboorte ?;dolfijn;Haai;walvis;Ork;Débutant;Dauphin was oorspronkelijk de bijnaam, daarna de titel, van de heren van Dauphiné de Viennois, graven van Albon-Viennois.;https://nl.wikipedia.org/wiki/Dauphin_(kroonprins)
3;nl;Wie is in de moslimwereld degene die bevelen geeft in een emiraat ?;Emir;Vizier;sultan;paladijn;Débutant;Het woord emir kan prins betekenen voor een persoon die over een gebied heerst, of generaal voor een legeraanvoerder.;
4;nl;Welke monarchale titel wordt gedragen door de heerser van een rijk ?;Keizer;Farao;Kanselier;sultan;Débutant;Keizer is een verdraaiing van de titel van imperator die wordt gedragen door zegevierende Romeinse generaals die door hun troepen worden toegejuicht.;https://nl.wikipedia.org/wiki/Keizer
5;nl;Welke term werd gebruikt om de koningen en koninginnen van het oude Egypte aan te duiden ?;Farao;Emir;khan;Pasja;Débutant;De namen van 345 farao's zijn tot ons gekomen dankzij meerdere attesten, waaronder koninklijke lijsten samengesteld door schriftgeleerden.;https://nl.wikipedia.org/wiki/Farao
6;nl;Wat is de titel van degenen die land bezitten dat de titel van vorstendom heeft ?;Prins;Kanselier;Koning;hertog;Débutant;Er zijn drie gebieden met de rang van vorstendom die hun bezitter de titel van prins verlenen : Andorra, Monaco en Liechtenstein.;
7;nl;Wie wordt in Europa erfelijk aangewezen in een dynastie ?;Koning;paus;Keizer;baronnen;Débutant;Wanneer een titulaire koning niet kan uitoefenen (bijvoorbeeld op jonge leeftijd), kan de tijdelijke macht worden uitgeoefend door een regent.;https://nl.wikipedia.org/wiki/Koning (titel)
8;nl;Welke officiële titel wordt gegeven aan het hoofd van de Duitse regering ?;Kanselier;Kamerheer;rector;Gouverneur;Débutant;In « Star Wars: The Phantom Menace » (1999) wordt senator Palpatine Supreme Chancellor of the Galactic Republic.;https://nl.wikipedia.org/wiki/Kanselier (historisch)
9;nl;Welke bisschop van Rome is ook het hoofd van de katholieke kerk ?;paus;Keizer;Farao;Emir;Débutant;Vaticaanstad, een volledig door land omgeven microstaat binnen de stad Rome in Italië, is het kleinste onafhankelijke land ter wereld.;https://nl.wikipedia.org/wiki/Paus
10;nl;Welke titel is een voortzetting van de Romeinse dictator Julius Caesar ?;caesar;Keizer;Vizier;partner;Débutant;De eerste die deze bijnaam droeg wiens geschiedenis is bijgehouden, is een Romeins staatsburger die praetor was in 208 voor Christus.;
11;nl;Welke titel betekent heerser of heerser in het Mongools en Turks ?;khan;Pasja;sultan;Dalai Lama;Confirmé;Gepopulariseerd door Genghis Khan, stichter van het Mongoolse rijk, werd de titel khan al gebruikt vóór het Mongoolse rijk.;https://nl.wikipedia.org/wiki/Kan (titel)
12;nl;Welke titel draagt in Azië de suzerein van verschillende vorsten ?;maharadja;Vizier;Pasja;sultan;Confirmé;In Indonesië wordt de generieke term raja vaak gebruikt om een hoofd van een koninklijke huishouding of een prinselijke huishouding aan te duiden.;https://nl.wikipedia.org/wiki/Radja (titel)
13;nl;Welke eretitel betekent « seigneur » in de Engelse taal ?;Heer;Markies;Kamerheer;hertog;Confirmé;Het wordt met name gebruikt om een lid van het House of Lords of het hogerhuis van het parlement van het Verenigd Koninkrijk aan te duiden.;https://nl.wikipedia.org/wiki/Lord
14;nl;Welke hoge titel werd in Marokko verleend aan de gouverneurs van de provincies ?;Pasja;Farao;sultan;Emir;Confirmé;In christelijke staten die schatplichtig zijn aan de Ottomaanse sultan, is het equivalent van een pasja hospodar (heerser of heer).;https://nl.wikipedia.org/wiki/Pasja_(titel)
15;nl;Welke titel hebben moslimmonarchen sinds ongeveer het jaar 1000 ?;sultan;maharadja;khan;Prins;Confirmé;De eerste Sultana die in haar eigen naam regeerde, was waarschijnlijk Sultana Razia (1236-1240) van het sultanaat van Delhi.;https://nl.wikipedia.org/wiki/Sultan (rang)
16;nl;Welke militaire rang van junior officier staat letterlijk voor ?;Luitenant;Kolonel;Admiraal;Commandant;Confirmé;In de meeste legers zijn er ook rangen van tweede luitenant, luitenant-kolonel en luitenant-generaal.;https://nl.wikipedia.org/wiki/Luitenant
17;nl;Welke titel hadden de Romeinse keizers tot het begin van de 7e eeuw ?;August;rector;partner;Kanselier;Confirmé;Octavianus werd later bekend als Augustus, en deze titel werd gebruikt door bijna alle volgende Romeinse keizers.;https://nl.wikipedia.org/wiki/Augustus_(titel)
18;nl;Welke hogere officiersrang is de hoogste in veel legers ?;Kolonel;Admiraal;Kapitein;Luitenant;Confirmé;Deze rang geeft, afhankelijk van de organisatie van elk leger, de geschiktheid aan om een belangrijk bevel uit te oefenen.;https://nl.wikipedia.org/wiki/Kolonel
19;nl;Wat is de belangrijkste lijn in het Tibetaans boeddhisme ?;Dalai Lama;Vizier;Kamerheer;maharadja;Confirmé;Tijdens de Tibetaanse Exodus in 1959 volgen 100.000 Tibetanen de Dalai Lama in ballingschap in India, waar hij de Tibetaanse regering in ballingschap creëert.;
20;nl;Welke term duidt in het oude Egypte het tweede karakter na de farao aan ?;Vizier;paladijn;sultan;Pasja;Confirmé;Iznogoud, held van de strips van Goscinny en Tabary, is een beroemde fictieve vizier, wiens doel het is om kalief te worden in plaats van de kalief.;https://nl.wikipedia.org/wiki/Vizier (functie)
21;nl;Welke meneer heeft de leiding over de roomservice van een monarch ?;Kamerheer;August;Heer;Emir;Expert;De Grand Chamberlain van Frankrijk was een van de grote officieren van de kroon van Frankrijk tijdens het Ancien Régime.;https://nl.wikipedia.org/wiki/Kamerheer
22;nl;Welke politieke leider had in het oude Griekenland de leiding over de administratie ?;Archon;rector;partner;khan;Expert;Hij was verantwoordelijk voor de openbare rechtspraak, was de voogd van weduwen en wezen, hield toezicht op rechtszaken en zorgde ook voor het theater.;https://nl.wikipedia.org/wiki/Archont (ambt)
23;nl;Welke geestelijke is in de katholieke religie verantwoordelijk voor een basiliek ?;rector;maharadja;Kanselier;paladijn;Expert;In sommige regio's is het de gebruikelijke titel die wordt gegeven aan de priester van een parochie of aan een leek die de leiding heeft over een broederschap.;
24;nl;Welke bijnaam wordt gegeven aan machtige figuren in de financiële wereld ?;magnaat;Gouverneur;rector;Kamerheer;Expert;De term magnaat komt tegenwoordig iets meer overeen met de uitdrukking oligarch die soms wordt gehecht aan miljardairs van Russische afkomst.;https://nl.wikipedia.org/wiki/Magnaat_(titel)
25;nl;Welke kwalificatie wordt gegeven aan de echtgenoot of echtgenote van het staatshoofd in monarchieën ?;partner;Archon;Heer;Markies;Expert;Consort is een oude juridische term die de gemeenschap van goederen of het lot tussen twee mensen aanduidt.;
26;nl;Welke term is van toepassing op een ridder die een van de hoogste rangen heeft bereikt ?;paladijn;August;sultan;khan;Expert;Tegenwoordig, vaak gebruikt vanwege de connotatie van heldhaftigheid en onbuigzaamheid, zien we dat het archetype op verschillende manieren achteruitgaat.;https://nl.wikipedia.org/wiki/Paladijn
27;nl;Welke titel van grote Scandinavische edelman staat onder de rang van koning ?;Jarl;Joupan;Kneus;nizam;Expert;In Normandië droegen de Vikingleider Rollon le Walker (911-927) en zijn opvolgers de titel van Jarl van de Noormannen van de Seine.;
28;nl;Welke titel, afgeschaft tijdens de Franse Revolutie, werd in 1806 hersteld ?;hertog;Archon;Gouverneur;Prins;Expert;Onder het oude regime, vanaf de 16e eeuw, werd onder de titel Monsieur le Duc de oudste zoon van de prins van Condé aangewezen.;https://nl.wikipedia.org/wiki/Hertog
29;nl;Wat is in het moderne Slovenië de term voor burgemeesters van gemeenten ?;Joupan;Jarl;nizam;Kneus;Expert;Een joupan duidt in het Frans een schildknaap aan, hoofd van bepaalde gemeenschappen, territoriaal of niet, in Midden- en Balkan-Europa.;https://nl.wikipedia.org/wiki/Župan
30;nl;Welke titel kan worden toegekend aan een functionaris van een instelling of een bank ?;Gouverneur;magnaat;partner;rector;Expert;Op het gebied van onderwijs is een gouverneur verantwoordelijk voor de opvoeding van een prins of jonge kinderen uit grote gezinnen.;https://nl.wikipedia.org/wiki/Gouverneur
