1;fr;Dans la plupart des oeuvres, comment fait-on pour venir à bout d'un zombie ?;Viser la tête;Le brûler;L'étouffer;Le nourrir;Débutant;Bien que la pandémie virale soit fréquemment utilisée, il n'existe aucune règle concernant l'apparition du phénomène des zombies.;https://fr.wikipedia.org/wiki/Zombie
2;fr;Avec quelle arme Michonne se bat-t-elle dans « The Walking Dead » ?;Katana;Machette;Hache;Arbalète;Débutant;Michonne a tué le huitième plus grand nombre de personnages vivants avec un total minimum de quarante-trois victimes.;https://fr.wikipedia.org/wiki/Michonne
3;fr;Quelle société de recherches a mis au point le virus T dans « Resident Evil » ?;Umbrella;Aperture Science;Vault-Tec;Biotechnica;Débutant;Umbrella est créée en 1968 par les trois découvreurs du virus Progenitor : Oswell E. Spencer, James Marcus, et Edward Ashford.;https://fr.wikipedia.org/wiki/Umbrella_Corporation
4;fr;Quel chanteur pop s'est illustré à danser aux cotés de zombies dans un clip culte ?;Michael Jackson;David Bowie;Justin Timberlake;The Weekend;Débutant;« Thriller » est un clip vidéo de la chanson « Thriller » de Michael Jackson, réalisé par John Landis et écrit par Landis et Michael Jackson.;https://fr.wikipedia.org/wiki/Thriller_(clip_de_Michael_Jackson)
5;fr;Dans quel type de bâtiment les héros du film « L'Armée des morts » se barricadent-ils ?;Centre commercial;Église;Bar;Ferme;Débutant;Dans le film original de Romero, les zombies se déplacent très lentement et sont plus menaçants quand ils sont en grands groupes.;https://fr.wikipedia.org/wiki/L'Armée_des_morts
6;fr;Dans « The Walking Dead » (comics et série), dans quel lieu Rick se réveille-t-il ?;Hôpital;Commissariat;Hôtel;Caserne;Débutant;La série raconte l'histoire d'un groupe de survivants mené par Rick Grimes qui tente de survivre dans un monde post-apocalyptique.;https://fr.wikipedia.org/wiki/The_Walking_Dead_(série_télévisée)
7;fr;Le zombie était avant tout une figure folklorique provenant de quel pays ?;Haïti;France;Sénégal;Japon;Débutant;Le zombie (ou zombi) trouve ses origines dans la culture haïtienne et sert également à qualifier les victimes de sortilèges vaudous.;https://fr.wikipedia.org/wiki/Zombie
8;fr;Dans quel pays se situe l'action du film « REC », sorti en 2007 ?;Espagne;Portugal;France;Angleterre;Débutant;L'idée à la genèse du film fut de placer le spectateur au centre de l'histoire et de relier l'horreur au documentaire (found footage).;https://fr.wikipedia.org/wiki/Rec_(film)
9;fr;Quel groupe irlandais a utilisé le mot zombie comme titre d'une chanson ?;The Cranberries;U2;Celtic Woman;The Script;Débutant;The Cranberries annonça en septembre 2018 que le groupe ne continuera pas sans Dolores O'Riordan, morte par noyade en 2018.;https://fr.wikipedia.org/wiki/The_Cranberries
10;fr;Dans « Left 4 Dead », tirer sur un boomer aura tendance à le faire quoi ?;Exploser;Rire;Pleurer;Sautiller;Débutant;Le Boomer (Exploseur ou Vommisseur) est un infecté très corpulent, lent et mou avec un nombre de points de vie très faible (50).;https://fr.wikipedia.org/wiki/Left_4_Dead
11;fr;Au japon, la franchise a succès « Resident Evil » porte quel autre nom ?;« Biohazard »;« Dead island »;« Project Zomboïd »;« DayZ »;Confirmé;Ayant fait ses débuts sur PlayStation en 1996, grâce à son succès, de nombreuses suites furent réalisées sur beaucoup de consoles.;https://fr.wikipedia.org/wiki/Resident_Evil
12;fr;Quel acteur interprète Daryl Dixon dans la série « The Walking Dead » ?;Norman Reedus;Andrew Lincoln;Jeffrey Dean Morgan;Steven Yeun;Confirmé;Ce personnage original, populaire auprès des amateurs de l'adaptation, a été créé exclusivement pour la série télévisée.;https://fr.wikipedia.org/wiki/The_Walking_Dead_(série_télévisée)
13;fr;Quels infectés aveugles se repèrent par écholocalisation dans « The Last of Us » ?;Claqueurs;Coureurs;Rôdeurs;Colosses;Confirmé;Les infectés sont des humains vivants ayant été infectés par contact avec le sang ou en respirant des spores en suspension dans l'air.;https://fr.wikipedia.org/wiki/The_Last_of_Us
14;fr;De quoi les héros de « Walking Dead » se badigeonnent-ils face aux zombies ?;Restes de zombies;Boue;Urine;Essence;Confirmé;La série télévisée a généralement tendance à suivre et s'inspirer des trames et personnages de la série de comics de Robert Kirkman.;https://fr.wikipedia.org/wiki/The_Walking_Dead_(série_télévisée)
15;fr;Quel DLC d'épouvante de « Red Dead Redemption » met en scène des zombies ?;« Undead Nightmare »;« Western Zombie »;« Night of Dead »;« Army of the Dead »;Confirmé;Le jeu « Red Dead Redemption » fait partie de la série de jeux vidéo « Red Dead » et est le successeur de « Red Dead Revolver ».;https://fr.wikipedia.org/wiki/Red_Dead_Redemption
16;fr;Quel champignon est responsable de la contamination dans « The Last of Us » ?;Cordyceps;Marasme;Amanite;Hericium;Confirmé;Le cordyceps existe bel et bien, mais fort heureusement pour nous, il n'infecte que les insectes, les araignées et d'autres champignons.;https://fr.wikipedia.org/wiki/Cordyceps
17;fr;Dans le livre « World War Z », la pandémie commence dans quel pays ?;Chine;Pakistan;Sibérie;États-Unis;Confirmé;« World War Z » est aussi un film américain réalisé par Marc Forster, sorti en 2013, où l'on suit un ancien employé de l'ONU Gerry Lane.;https://fr.wikipedia.org/wiki/World_War_Z
18;fr;Selon Max Brooks, quel serait le meilleur moyen de transport en cas d'attaque zombie ?;Vélo;Moto;Tank;4X4;Confirmé;Max Brooks est connu comme le maître de littérature contemporaine de zombie, avec son guide de survie à une épidémie de zombies.;https://fr.wikipedia.org/wiki/Zombie
19;fr;Quel virus met fin au monde tel que nous le connaissons dans « World War Z » ?;Solanum;Ebola;Virus T;La Fureur;Confirmé;L'auteur Max Brooks a déclaré que « World War Z » suit les lois mises en place dans le « Guide de survie en territoire zombie ».;https://fr.wikipedia.org/wiki/World_War_Z
20;fr;Quel est le nom du réalisateur du film « 28 Jours plus tard » ?;Danny Boyle;Max Brooks;George Romero;Zack Snyder;Confirmé;Une suite, intitulée « 28 Semaines plus tard » (28 Weeks Later) et sortie en 2007, a été réalisée par Juan Carlos Fresnadillo.;https://fr.wikipedia.org/wiki/28_Jours_plus_tard
21;fr;Quel est le nom de famille de Joel, héros que l'on incarne dans le jeu « The Last of Us » ?;Miller;Wilson;Davis;Johnson;Expert;Le visage du personnage d'Ellie à dû être modifié en raison d'une trop grande ressemblance avec l'acteur Elliot Page.;https://fr.wikipedia.org/wiki/The_Last_of_Us
22;fr;Dans quel manoir se réfugient les membres du STARS de « Resident Evil » ?;Spencer;Hill House;Winchester;Rannroke;Expert;Les STARS (Special Tactics And Rescue Service) est une unité spéciale, fondée à New York puis transposée à Raccoon City.;https://fr.wikipedia.org/wiki/Resident_Evil
23;fr;Combien de tomes font le pont entre 28 Jours plus tard et 28 Semaines plus tard ?;Cinq;Trois;Dix;Trente;Expert;« 28 Days Later: The Aftermath », roman graphique publié en 2007 chez Fox Atomic Comics, fait en effet le lien entre les deux films.;https://fr.wikipedia.org/wiki/28_Jours_plus_tard
24;fr;Pour la projection de quel film Stephen King a-t-il acheté toutes les places d'un cinéma ?;« 28 Jours plus tard »;« Resident Evil »;« World War Z »;« The Last of Us »;Expert;Stephen king s'est aussi essayé a raconter une histoire mettant en scène des zombies dans son livre « Cellulaire ».;https://fr.wikipedia.org/wiki/Stephen_King
25;fr;Dans « 28 Semaines plus tard », quel est le nom de la dernière phase du code rouge ?;Extermination;Propagation;Destruction;Insertion;Expert;En 2007, après la sortie du film, la rumeur d'un troisième volet est apparue, alimentée par la fin en suspens du second volet.;https://fr.wikipedia.org/wiki/28_Semaines_plus_tard
26;fr;Dans quel bar les héros de « Shaun of the Dead » veulent-ils se rendre ?;Winchester;Coltman;Good Companions;World's End;Expert;« Shaun of the Dead » est une comédie horrifique américano-franco-britannique, réalisée par Edgar Wright et sortie en 2004.;https://fr.wikipedia.org/wiki/Shaun_of_the_Dead
27;fr;Quelle créature de la mythologie nordique s'apparente à nos zombies actuels ?;Draugr;Djinn;Goule;Vampire;Expert;Les draugar sont des cadavres animés qui ont un corps physique avec des aptitudes physiques, similaires à celles des êtres vivants.;https://fr.wikipedia.org/wiki/Draugr
28;fr;Sur quelle île fictive se déroule l'action du jeu « Dead Island » ?;Banoi;Bouïane;Hawaiki;Cayuna;Expert;Le joueur se réveille dans une chambre d'hôtel sur une île paradisiaque au large des côtes de la Papouasie-Nouvelle-Guinée.;https://fr.wikipedia.org/wiki/Dead_Island_(jeu_vidéo)
29;fr;Quelle particularité ont les zombies du film français « La nuit a dévoré le monde » ?;Ils sont silencieux;Ils parlent;Ils volent;Ils chantent;Expert;« La nuit a dévoré le monde » est un film d'horreur français coécrit et réalisé par Dominique Rocher, sorti en 2018.;https://fr.wikipedia.org/wiki/La_nuit_a_dévoré_le_monde
30;fr;Quelle arme est créée pour faire face aux morts vivants dans le livre « World War Z » ?;Lobo;Aristocrate;XM26;Tueuse d'âmes;Expert;Max Brooks a utilisé « World War Z » pour fournir des commentaires sur des sujets tels que la survie et l'incertitude de notre temps.;https://fr.wikipedia.org/wiki/World_War_Z
1;en;In most works, how do you defeat a zombie ?;Aim for the head;Burn it;Choke it;Feed him;Débutant;Although the viral pandemic is frequently used, there are no rules regarding the occurrence of the zombie phenomenon.;https://en.wikipedia.org/wiki/Zombie
2;en;What weapon does Michonne fight with in « The Walking Dead » ?;Katana;Machete;Ax;Crossbow;Débutant;Michonne has killed the eighth most characters alive with a minimum total of forty-three kills.;https://en.wikipedia.org/wiki/Michonne
3;en;Which research company developed the T virus in « Resident Evil » ?;Umbrella;ApertureScience;Vault-Tec;Biotechnica;Débutant;Umbrella was created in 1968 by the three discoverers of the Progenitor virus : Oswell E. Spencer, James Marcus, and Edward Ashford.;https://en.wikipedia.org/wiki/List_of_Resident_Evil_characters#Umbrella_Corporation
4;en;Which pop singer famously danced alongside zombies in a cult music video ?;Michael Jackson;David Bowie;Justin Timberlake;The Weekend;Débutant;« Thriller » is a music video for the song « Thriller » by Michael Jackson, directed by John Landis and written by Landis and Michael Jackson.;https://en.wikipedia.org/wiki/Michael_Jackson's_Thriller_(music_video)
5;en;In which building do the heroes of the film « Army of the Dead » barricade themselves ?;Shopping center;Church;Bar;Farm;Débutant;In Romero's original film, zombies move very slowly and are most threatening when they are in large groups.;
6;en;In « The Walking Dead » (comics and series), where does Rick wake up ?;Hospital;Police station;Hotel;Barracks;Débutant;The series tells the story of a group of survivors led by Rick Grimes who try to survive in a post-apocalyptic world.;
7;en;The zombie was above all a folkloric figure from which country ?;Haiti;France;Senegal;Japan;Débutant;The zombie (or zombi) has its origins in Haitian culture and is also used to describe the victims of voodoo spells.;https://en.wikipedia.org/wiki/Zombie
8;en;In which country is the action of the film « REC », released in 2007 ?;Spain;Portugal;France;England;Débutant;The idea behind the film was to place the viewer at the center of the story and to connect the horror to the documentary in real time.;https://en.wikipedia.org/wiki/Rec_(film)
9;en;Which Irish band used the word zombie as a song title ?;The Cranberries;U2;Celtic Woman;The Script;Débutant;The Cranberries announced in September 2018 that the group would not continue without Dolores O'Riordan, who died from drowning in 2018.;https://en.wikipedia.org/wiki/The_Cranberries
10;en;In « Left 4 Dead », shooting a boomer will tend to do what ?;Explode;Laugh;Cry;Hop;Débutant;The Boomer (Exploder or Vomiteur) is a very corpulent, slow and soft infected with a very low number of life points (50).;https://en.wikipedia.org/wiki/Left_4_Dead
11;en;In Japan, the successful « Resident Evil » franchise has what other name ?;« Biohazard »;« Dead island »;« Project Zomboid »;« DayZ »;Confirmé;Having debuted on PlayStation in 1996, thanks to its success, numerous sequels were made on many consoles.;https://en.wikipedia.org/wiki/Resident_Evil
12;en;Which actor plays Daryl Dixon in the series « The Walking Dead » ?;Norman Reedus;Andrew Lincoln;Jeffrey Dean Morgan;Steven Yeun;Confirmé;This original character, popular with fans of the adaptation, was created exclusively for the television series.;
13;en;Which blind infected find themselves by echolocation in « The Last of Us » ?;Clackers;Runners;Lurkers;Colossi;Confirmé;The infected are living humans who have been infected through contact with blood or by breathing airborne spores.;https://en.wikipedia.org/wiki/The_Last_of_Us
14;en;What do the heroes of « Walking Dead » smear against zombies ?;Zombie Remains;Mud;Urine;Gasoline;Confirmé;The television series generally tends to follow and draw inspiration from the plots and characters of Robert Kirkman's comic series.;
15;en;Which « Red Dead Redemption » horror DLC features zombies ?;« Undead Nightmare »;« Western Zombie »;« Night of Dead »;« Army of the Dead »;Confirmé;The game « Red Dead Redemption » is part of the « Red Dead » video game series and is the successor to « Red Dead Revolver ».;https://en.wikipedia.org/wiki/Red_Dead_Redemption
16;en;Which mushroom is responsible for the contamination in « The Last of Us » ?;Cordyceps;Marasmus;Amanita;Hericium;Confirmé;Cordyceps does exist, but fortunately for us, it only infects insects, spiders and other fungi.;https://en.wikipedia.org/wiki/Cordyceps
17;en;In the book « World War Z », the pandemic begins in which country ?;China;Pakistan;Siberia;United States;Confirmé;« World War Z » is also an American film directed by Marc Forster, released in 2013, where we follow a former UN employee Gerry Lane.;https://en.wikipedia.org/wiki/World_War_Z
18;en;What would be the best means of transportation in the event of a zombie apocalypse ?;Bike;Motorcycle;Tank;4X4;Confirmé;Max Brooks is known as the master of contemporary zombie literature, with his guide to surviving a zombie outbreak.;https://en.wikipedia.org/wiki/Zombie
19;en;What virus ends the world as we know it in « World War Z » ?;Solanum;Ebola;T virus;The Fury;Confirmé;Author Max Brooks stated that « World War Z » follows the laws set up in the « Zombie Territory Survival Guide ».;https://en.wikipedia.org/wiki/World_War_Z
20;en;What is the name of the director of the film « 28 Days Later » ?;Danny Boyle;Max Brooks;George Romero;Zack Snyder;Confirmé;A sequel, titled « 28 Weeks Later » (28 Weeks Later) and released in 2007, was directed by Juan Carlos Fresnadillo.;https://en.wikipedia.org/wiki/28_Days_Later
21;en;What is the last name of Joel, the hero we play in « The Last of Us » ?;Miller;Wilson;Davis;Johnson;Expert;The two main characters of the video game, Joel and Ellie, must recover ammunition and food to advance in their quest.;https://en.wikipedia.org/wiki/The_Last_of_Us
22;en;In which mansion are the STARS members of « Resident Evil » taking refuge ?;Spencer;Hill House;Winchester;Rannroke;Expert;The STARS (Special Tactics And Rescue Service) is a special unit, founded in New York then transposed to Raccoon City.;https://en.wikipedia.org/wiki/Resident_Evil
23;en;How many volumes bridge the gap between 28 Days Later and 28 Weeks Later ?;Five;Three;Ten;Thirty;Expert;« 28 Days Later : The Aftermath », a graphic novel published in 2007 by Fox Atomic Comics, makes the link between the two films.;https://en.wikipedia.org/wiki/28_Days_Later
24;en;For which film did Stephen King buy out all the tickets in a cinema ?;« 28 Days Later »;« Resident Evil »;« World War Z »;« The Last of Us »;Expert;He was awarded the National Medal of Arts in 2015, directly from President Barack Obama at the White House.;https://en.wikipedia.org/wiki/Stephen_King
25;en;« 28 Weeks Later », what is the name of the last phase of code red ?;Extermination;Spread;Destruction;Insert;Expert;In 2007, after the film's release, rumors of a third part appeared, fueled by the suspenseful ending of the second part.;https://en.wikipedia.org/wiki/28_Weeks_Later
26;en;Which bar do the heroes of « Shaun of the Dead » want to go to ?;Winchester;Coltmann;Good Companions;World's End;Expert;« Shaun of the Dead » is an American-French-British horror comedy, directed by Edgar Wright and released in 2004.;https://en.wikipedia.org/wiki/Shaun_of_the_Dead
27;en;Which creature from Norse mythology is similar to our current zombies ?;Draugr;Jinn;Ghoul;Vampire;Expert;Draugar are animated corpses that have a physical body with physical abilities, similar to those of living beings.;https://en.wikipedia.org/wiki/Draugr
28;en;On which fictional island does the action of the game « Dead Island » take place ?;Banoi;Bouïane;Hawaii;Cayuna;Expert;The player wakes up in a hotel room on an island paradise off the coast of Papua New Guinea.;
29;en;What is special about the zombies in the French film « The Night Devoured the World » ?;They are silent;They speak;They fly;They sing;Expert;« The night devoured the world » is a French horror film co-written and directed by Dominique Rocher, released in 2018.;
30;en;What weapon is created to deal with the undead in the book « World War Z » ?;Lobo;Aristocrat;XM26;Soul Slayer;Expert;Max Brooks used « World War Z » to provide commentary on topics such as survival and the uncertainty of our times.;https://en.wikipedia.org/wiki/World_War_Z
1;de;Wie besiegt man in den meisten Werken einen Zombie ?;Auf den Kopf zielen;Verbrenne es;Ersticke es;Füttere ihn;Débutant;Obwohl die Viruspandemie häufig verwendet wird, gibt es keine Regeln für das Auftreten des Zombie-Phänomens.;https://de.wikipedia.org/wiki/Zombie
2;de;Mit welcher Waffe kämpft Michonne in « The Walking Dead » ?;Katana;Machete;Axt;Armbrust;Débutant;Michonne hat mit mindestens 43 Kills die achtmeisten lebenden Charaktere getötet.;
3;de;Welches Forschungsunternehmen hat den T-Virus in « Resident Evil » entwickelt ?;Umbrella;ApertureScience;Vault-Tec;Biotechnica;Débutant;Umbrella wurde 1968 von den drei Entdeckern des Progenitor-Virus gegründet : Oswell E. Spencer, James Marcus und Edward Ashford.;
4;de;Welcher Popsänger tanzte in einem Kult-Musikvideo neben Zombies ?;Michael Jackson;David Bowie;Justin Timberlake;The Weekend;Débutant;« Thriller » ist ein Musikvideo zum Song « Thriller » von Michael Jackson, bei dem John Landis Regie führte und das von Landis und Michael Jackson geschrieben wurde.;https://de.wikipedia.org/wiki/Thriller_(Musikvideo)
5;de;In welchem Gebäude verbarrikadieren sich die Helden des Films « Army of the Dead » ?;Einkaufszentrum;Kirche;Bar;Bauernhof;Débutant;In Romeros Originalfilm bewegen sich Zombies sehr langsam und sind in großen Gruppen am bedrohlichsten.;
6;de;Wo wacht Rick in « The Walking Dead » (Comics und Serien) auf ?;Krankenhaus;Polizeistation;Hotel;Kaserne;Débutant;Die Serie erzählt die Geschichte einer Gruppe von Überlebenden unter der Führung von Rick Grimes, die versuchen, in einer postapokalyptischen Welt zu überleben.;
7;de;Der Zombie war vor allem eine folkloristische Figur aus welchem Land ?;Haiti;Frankreich;Senegal;Japan;Débutant;Der Zombie (oder Zombi) hat seinen Ursprung in der haitianischen Kultur und wird auch zur Beschreibung der Opfer von Voodoo-Zaubersprüchen verwendet.;https://de.wikipedia.org/wiki/Zombie
8;de;In welchem Land spielt der 2007 erschienene Film « REC » ?;Spanien;Portugal;Frankreich;England;Débutant;Die Idee hinter dem Film war, den Zuschauer in den Mittelpunkt der Geschichte zu stellen und den Horror in Echtzeit mit der Dokumentation zu verbinden.;https://de.wikipedia.org/wiki/REC_(Film)
9;de;Welche irische Band verwendete das Wort Zombie als Songtitel ?;The Cranberries;U2;Celtic Woman;The Script;Débutant;Die Cranberries gaben im September 2018 bekannt, dass die Gruppe ohne Dolores O'Riordan, die 2018 durch Ertrinken starb, nicht weitermachen würde.;https://de.wikipedia.org/wiki/The_Cranberries
10;de;Was bewirkt das Erschießen eines Boomers in « Left 4 Dead » ?;Explodieren;Lachen;Weinen;Hopfen;Débutant;Der Boomer (Exploder oder Vomiteur) ist ein sehr korpulenter, langsamer und weicher Infizierter mit einer sehr geringen Anzahl an Lebenspunkten (50).;https://de.wikipedia.org/wiki/Left_4_Dead
11;de;Welchen anderen Namen hat das erfolgreiche « Resident Evil »-Franchise in Japan ?;« Biohazard »;« Dead island »;« Projekt Zomboid »;« DayZ »;Confirmé;Nach seinem Debüt auf PlayStation im Jahr 1996 wurden dank seines Erfolgs zahlreiche Fortsetzungen auf vielen Konsolen produziert.;https://de.wikipedia.org/wiki/Resident_Evil_(Computerspielreihe)
12;de;Welcher Schauspieler spielt Daryl Dixon in der Serie « The Walking Dead » ?;Norman Reedus;Andrew Lincoln;Jeffrey Dean Morgan;Steven Yeun;Confirmé;Dieser bei Fans der Adaption beliebte Originalcharakter wurde exklusiv für die Fernsehserie geschaffen.;
13;de;Welche blinden Infizierten finden sich durch Echoortung in « The Last of Us » ?;Klacker;Läufer;Lauerer;Kolosse;Confirmé;Bei den Infizierten handelt es sich um lebende Menschen, die durch Kontakt mit Blut oder durch das Einatmen von Sporen aus der Luft infiziert wurden.;https://de.wikipedia.org/wiki/The_Last_of_Us
14;de;Was schmieren die Helden von « Walking Dead » gegen Zombies ?;Zombie bleibt;Schlamm;Urin;Benzin;Confirmé;Die Fernsehserie tendiert im Allgemeinen dazu, sich an den Handlungen und Charakteren der Comicserie von Robert Kirkman zu orientieren und sich von ihnen inspirieren zu lassen.;
15;de;Welcher « Red Dead Redemption » Horror-DLC enthält Zombies ?;« Undead Nightmare »;« Western Zombie »;« Night of Dead »;« Army of the Dead »;Confirmé;Das Spiel « Red Dead Redemption » ist Teil der Videospielserie « Red Dead » und der Nachfolger von « Red Dead Revolver ».;https://de.wikipedia.org/wiki/Red_Dead_Redemption
16;de;Welcher Pilz ist für die Kontamination in « The Last of Us » verantwortlich ?;Cordyceps;Marasmus;Amanita;Hericium;Confirmé;Cordyceps gibt es zwar, aber zum Glück befällt er nur Insekten, Spinnen und andere Pilze.;https://de.wikipedia.org/wiki/Cordyceps
17;de;Im Buch « World War Z » beginnt die Pandemie in welchem Land ?;China;Pakistan;Sibirien;Vereinigte Staaten;Confirmé;« World War Z » ist ebenfalls ein amerikanischer Film von Marc Forster aus dem Jahr 2013, in dem wir einem ehemaligen UN-Mitarbeiter Gerry Lane folgen.;https://de.wikipedia.org/wiki/Operation_Zombie:_Wer_länger_lebt,_ist_später_tot
18;de;Was wäre das beste Transportmittel im Falle einer Zombie-Apokalypse ?;Fahrrad;Motorrad;Panzer;4X4;Confirmé;Max Brooks gilt mit seinem Leitfaden zum Überleben eines Zombie-Ausbruchs als Meister der zeitgenössischen Zombie-Literatur.;https://de.wikipedia.org/wiki/Zombie
19;de;Welcher Virus beendet die Welt, wie wir sie kennen, im « World War Z » ?;Nachtschatten;Ebola;T-Virus;Die Wut;Confirmé;Der Autor Max Brooks erklärte, dass « World War Z » den im « Zombie Territory Survival Guide » festgelegten Gesetzen folgt.;https://de.wikipedia.org/wiki/Operation_Zombie:_Wer_länger_lebt,_ist_später_tot
20;de;Wie heißt der Regisseur des Films « 28 Days Later » ?;Danny Boyle;Max Brooks;George Romero;Zack Snyder;Confirmé;Eine Fortsetzung mit dem Titel « 28 Weeks Later » (28 Weeks Later), die 2007 veröffentlicht wurde, wurde von Juan Carlos Fresnadillo inszeniert.;https://de.wikipedia.org/wiki/28_Days_Later
21;de;Wie lautet der Nachname von Joel, dem Helden, den wir in « The Last of Us » spielen ?;Müller;Wilson;Davis;Johnson;Expert;Die beiden Hauptfiguren des Videospiels, Joel und Ellie, müssen Munition und Nahrung beschaffen, um auf ihrer Suche voranzukommen.;https://de.wikipedia.org/wiki/The_Last_of_Us
22;de;In welcher Villa suchen die STARS-Mitglieder von « Resident Evil » Zuflucht ?;Spencer;Hill House;Winchester;Rannroke;Expert;Die STARS (Special Tactics And Rescue Service) ist eine Spezialeinheit, die in New York gegründet und dann nach Raccoon City verlegt wurde.;https://de.wikipedia.org/wiki/Resident_Evil_(Computerspielreihe)
23;de;Wie viele Bände überbrücken die Lücke zwischen 28 Days Later und 28 Weeks Later ?;Fünf;Drei;Zehn;Dreißig;Expert;« 28 Days Later : The Aftermath », eine 2007 von Fox Atomic Comics veröffentlichte Graphic Novel, stellt die Verbindung zwischen den beiden Filmen her.;https://de.wikipedia.org/wiki/28_Days_Later
24;de;Für welchen Film hat Stephen King in einem Kino alle Karten aufgekauft ?;« 28 Tage später »;« Resident Evil »;« World War Z »;« The Last of Us »;Expert;Er wurde 2015 direkt von Präsident Barack Obama im Weißen Haus mit der National Medal of Arts ausgezeichnet.;https://de.wikipedia.org/wiki/Stephen_King
25;de;Wie heißt in « 28 Weeks Later » die letzte Phase von Code Red ?;Vernichtung;Verbreitung;Zerstörung;Einfügen;Expert;2007, nach der Veröffentlichung des Films, tauchten Gerüchte über einen dritten Teil auf, angeheizt durch das spannende Ende des zweiten Teils.;https://de.wikipedia.org/wiki/28_Weeks_Later
26;de;In welche Bar wollen die Helden von « Shaun of the Dead » gehen ?;Winchester;Coltmann;Gute Begleiter;Das Ende der Welt;Expert;« Shaun of the Dead » ist eine amerikanisch-französisch-britische Horrorkomödie unter der Regie von Edgar Wright, die 2004 in die Kinos kam.;https://de.wikipedia.org/wiki/Shaun_of_the_Dead
27;de;Welches Wesen aus der nordischen Mythologie ähnelt unseren heutigen Zombies ?;Draugr;Dschinn;Ghul;Vampir;Expert;Draugar sind belebte Leichen, die einen physischen Körper mit körperlichen Fähigkeiten haben, die denen von Lebewesen ähneln.;https://de.wikipedia.org/wiki/Draugr
28;de;Auf welcher fiktiven Insel spielt sich die Handlung des Spiels « Dead Island » ab ?;Banoi;Bouïane;Hawaii;Cayuna;Expert;Der Spieler wacht in einem Hotelzimmer auf einem Inselparadies vor der Küste von Papua-Neuguinea auf.;
29;de;Was ist das Besondere an den Zombies im französischen Film « The Night Devoured the World » ?;Sie schweigen;Sie sprechen;Sie fliegen;Sie singen;Expert;« Die Nacht verschlang die Welt » ist ein französischer Horrorfilm, der 2018 von Dominique Rocher mitgeschrieben und inszeniert wurde.;
30;de;Welche Waffe wurde im Buch « World War Z » entwickelt, um mit den Untoten fertig zu werden ?;Lobo;Aristokrat;XM26;Seelentöter;Expert;Max Brooks nutzte « World War Z », um Kommentare zu Themen wie Überleben und der Unsicherheit unserer Zeit abzugeben.;https://de.wikipedia.org/wiki/Operation_Zombie:_Wer_länger_lebt,_ist_später_tot
1;es;En la mayoría de las obras, ¿cómo se derrota a un zombie ?;Apunta a la cabeza;Quémalo;Asfixiarlo;Aliméntalo;Débutant;Aunque la pandemia viral se utiliza con frecuencia, no existen reglas sobre la aparición del fenómeno zombie.;https://es.wikipedia.org/wiki/Zombi
2;es;¿Con qué arma pelea Michonne en « The Walking Dead » ?;Katana;Machete;Hacha;Ballesta;Débutant;Michonne ha matado al octavo mayor número de personajes vivos con un total mínimo de cuarenta y tres muertes.;https://es.wikipedia.org/wiki/Michonne
3;es;¿Qué empresa de investigación desarrolló el virus T en « Resident Evil » ?;Umbrella;ApertureScience;Vault-Tec;Biotechnica;Débutant;Umbrella fue creado en 1968 por los tres descubridores del virus Progenitor : Oswell E. Spencer, James Marcus y Edward Ashford.;
4;es;¿Qué cantante pop bailó junto a zombies en un vídeo musical de culto ?;Michael Jackson;David Bowie;Justin Timberlake;The Weekend;Débutant;« Thriller » es un vídeo musical de la canción « Thriller » de Michael Jackson, dirigido por John Landis y escrito por Landis y Michael Jackson.;https://es.wikipedia.org/wiki/Michael_Jackson's_Thriller
5;es;¿En qué edificio se atrincheran los héroes de la película « El ejército de los muertos » ?;Centro comercial;Iglesia;Barra;Granja;Débutant;En la película original de Romero, los zombis se mueven muy lentamente y son más amenazadores cuando están en grupos grandes.;
6;es;En « The Walking Dead » (cómics y series), ¿dónde despierta Rick ?;hospitales;Comisaría de policía;Hoteles;Cuartel;Débutant;La serie cuenta la historia de un grupo de supervivientes liderados por Rick Grimes que intentan sobrevivir en un mundo post-apocalíptico.;
7;es;¿El zombi era sobre todo una figura folclórica de qué país ?;Haití;Francia;Senegal;Japón;Débutant;El zombi (o zombi) tiene su origen en la cultura haitiana y también se utiliza para describir a las víctimas de hechizos vudú.;https://es.wikipedia.org/wiki/Zombi
8;es;¿En qué país se desarrolla la acción de la película « REC », estrenada en 2007 ?;España;Portugal;Francia;Inglaterra;Débutant;La idea detrás de la película era colocar al espectador en el centro de la historia y conectar el horror con el documental en tiempo real.;https://es.wikipedia.org/wiki/REC_(película)
9;es;¿Qué banda irlandesa usó la palabra zombie como título de una canción ?;The Cranberries;U2;Celtic Woman;The Script;Débutant;Los Cranberries anunciaron en septiembre de 2018 que el grupo no continuaría sin Dolores O'Riordan, quien murió ahogada en 2018.;https://es.wikipedia.org/wiki/The_Cranberries
10;es;En « Left 4 Dead », ¿disparar a un boom tenderá a hacer qué ?;Explotar;Reír;Llorar;Salto;Débutant;El Boomer (Exploder o Vomiteur) es un infectado muy corpulento, lento y blando con un número muy bajo de puntos de vida (50).;https://es.wikipedia.org/wiki/Left_4_Dead
11;es;En Japón, ¿qué otro nombre tiene la exitosa franquicia « Resident Evil » ?;« Biohazard »;« Isla muerta »;« Proyecto Zomboid »;« DayZ »;Confirmé;Tras debutar en PlayStation en 1996, gracias a su éxito se realizaron numerosas secuelas en muchas consolas.;https://es.wikipedia.org/wiki/Resident_Evil
12;es;¿Qué actor interpreta a Daryl Dixon en la serie « The Walking Dead » ?;Norman Reedus;Andrés Lincoln;Jeffrey Dean Morgan;Steven Yeun;Confirmé;Este personaje original, popular entre los fans de la adaptación, fue creado exclusivamente para la serie de televisión.;
13;es;¿Qué ciegos infectados se encuentran por ecolocalización en « The Last of Us » ?;Clackers;Corredores;Acechadores;Colosos;Confirmé;Los infectados son seres humanos vivos que han sido infectados por contacto con la sangre o por respirar esporas en el aire.;https://es.wikipedia.org/wiki/The_Last_of_Us
14;es;¿Qué difaman los héroes de « Walking Dead » contra los zombies ?;Restos de zombis;Barro;Orina;Gasolina;Confirmé;La serie de televisión generalmente tiende a seguir y inspirarse en las tramas y personajes de la serie de cómics de Robert Kirkman.;
15;es;¿Qué contenido descargable de terror de « Red Dead Redemption » presenta zombis ?;« Undead Nightmare »;« Western Zombie »;« Night of Dead »;« Army of the Dead »;Confirmé;El juego « Red Dead Redemption » forma parte de la serie de videojuegos « Red Dead » y es el sucesor de « Red Dead Revolver ».;https://es.wikipedia.org/wiki/Red_Dead_Redemption
16;es;¿Qué hongo es responsable de la contaminación en « The Last of Us » ?;Cordíceps;Marasmo;amanita;Hericio;Confirmé;Cordyceps existe, pero, afortunadamente para nosotros, sólo infecta a insectos, arañas y otros hongos.;https://es.wikipedia.org/wiki/Cordyceps
17;es;En el libro « Guerra Mundial Z », ¿en qué país comienza la pandemia ?;China;Pakistán;Siberia;Estados Unidos;Confirmé;« Guerra Mundial Z » es también una película estadounidense dirigida por Marc Forster, estrenada en 2013, donde seguimos a un ex empleado de la ONU, Gerry Lane.;https://es.wikipedia.org/wiki/Guerra_mundial_Z_(novela)
18;es;¿Cuál sería el mejor medio de transporte en caso de un apocalipsis zombie ?;Bicicleta;Motocicleta;Tanque;4X4;Confirmé;Max Brooks es conocido como el maestro de la literatura zombie contemporánea, con su guía para sobrevivir a un brote zombie.;https://es.wikipedia.org/wiki/Zombi
19;es;¿Qué virus acaba con el mundo tal como lo conocemos en la « World War Z » ?;Solana;Ébola;virus T;La furia;Confirmé;El autor Max Brooks afirmó que « Guerra Mundial Z » sigue las leyes establecidas en la « Guía de supervivencia del territorio zombi ».;https://es.wikipedia.org/wiki/Guerra_mundial_Z_(novela)
20;es;¿Cómo se llama el director de la película « 28 días después » ?;Danny Boyle;Max Brooks;George Romero;Zack Snyder;Confirmé;Una secuela, titulada « 28 Weeks Later » (28 Semanas Después) y estrenada en 2007, fue dirigida por Juan Carlos Fresnadillo.;https://es.wikipedia.org/wiki/28_Days_Later
21;es;¿Cuál es el apellido de Joel, el héroe que interpretamos en « The Last of Us » ?;Molinero;Wilson;Davis;Johnson;Expert;Los dos personajes principales del videojuego, Joel y Ellie, deberán recuperar munición y comida para avanzar en su búsqueda.;https://es.wikipedia.org/wiki/The_Last_of_Us
22;es;¿En qué mansión se refugian los miembros STARS de « Resident Evil » ?;Spencer;Casa de la colina;Winchester;Ranroke;Expert;El STARS (Special Tactics And Rescue Service) es una unidad especial, fundada en Nueva York y luego trasladada a Raccoon City.;https://es.wikipedia.org/wiki/Resident_Evil
23;es;¿Cuántos volúmenes cierran la brecha entre 28 días después y 28 semanas después ?;Cinco;Tres;Diez;Treinta;Expert;« 28 días después : The Aftermath », una novela gráfica publicada en 2007 por Fox Atomic Comics, establece el vínculo entre las dos películas.;https://es.wikipedia.org/wiki/28_Days_Later
24;es;¿Para qué película Stephen King compró todas las entradas del cine ?;« 28 días después »;« Resident Evil »;« Guerra Mundial Z »;« The Last of Us »;Expert;Recibió la Medalla Nacional de las Artes en 2015, directamente de manos del presidente Barack Obama en la Casa Blanca.;https://es.wikipedia.org/wiki/Stephen_King
25;es;En « 28 Weeks Later », ¿cómo se llama la última fase del código rojo ?;Exterminio;Difundir;Destrucción;Insertar;Expert;En 2007, tras el estreno de la película, aparecieron rumores sobre una tercera parte, alimentados por el final de suspenso de la segunda parte.;https://es.wikipedia.org/wiki/28_Weeks_Later
26;es;¿A qué bar quieren ir los héroes de « Shaun of the Dead » ?;Winchester;Coltman;Buenos compañeros;El fin del mundo;Expert;« Shaun of the Dead » es una comedia de terror estadounidense, francesa y británica, dirigida por Edgar Wright y estrenada en 2004.;https://es.wikipedia.org/wiki/Shaun_of_the_Dead
27;es;¿Qué criatura de la mitología nórdica se parece a nuestros zombies actuales ?;Draugr;genios;demonio;Vampiro;Expert;Los Draugar son cadáveres animados que tienen un cuerpo físico con capacidades físicas, similares a las de los seres vivos.;https://es.wikipedia.org/wiki/Draugr
28;es;¿En qué isla ficticia se desarrolla la acción del juego « Dead Island » ?;Bañoí;Bouïane;Hawái;Cayuña;Expert;El jugador se despierta en una habitación de hotel en una isla paradisíaca frente a la costa de Papúa Nueva Guinea.;
29;es;¿Qué tienen de especial los zombies de la película francesa « La noche devoró el mundo » ?;Están en silencio;Ellos hablan;Ellos vuelan;Ellos cantan;Expert;« La noche devoró el mundo » es una película de terror francesa coescrita y dirigida por Dominique Rocher, estrenada en 2018.;
30;es;¿Qué arma se crea para hacer frente a los no-muertos en el libro « Guerra Mundial Z » ?;Lobo;Aristócrata;XM26;Asesino de almas;Expert;Max Brooks utilizó « World War Z » para comentar temas como la supervivencia y la incertidumbre de nuestros tiempos.;https://es.wikipedia.org/wiki/Guerra_mundial_Z_(novela)
1;it;Nella maggior parte dei lavori, come sconfiggi uno zombi ?;Mira alla testa;Brucialo;Soffocalo;Dagli da mangiare;Débutant;Sebbene la pandemia virale sia utilizzata frequentemente, non esistono regole riguardanti il verificarsi del fenomeno zombie.;https://it.wikipedia.org/wiki/Zombi
2;it;Con quale arma combatte Michonne in « The Walking Dead » ?;Katana;Machete;Ascia;Balestra;Débutant;Michonne ha ucciso l'ottavo personaggio in vita con un totale minimo di quarantatré uccisioni.;https://it.wikipedia.org/wiki/Michonne
3;it;Quale società di ricerca ha sviluppato il virus T in « Resident Evil » ?;Umbrella;ApertureScience;Vault-Tec;Biotechnica;Débutant;L'ombrello è stato creato nel 1968 dai tre scopritori del virus Progenitore : Oswell E. Spencer, James Marcus e Edward Ashford.;https://it.wikipedia.org/wiki/Umbrella_Corporation
4;it;Quale cantante pop ha ballato insieme agli zombie in un video musicale cult ?;Michael Jackson;David Bowie;Justin Timberlake;The Weekend;Débutant;« Thriller » è un video musicale per la canzone « Thriller » di Michael Jackson, diretto da John Landis e scritto da Landis e Michael Jackson.;https://it.wikipedia.org/wiki/Michael_Jackson's_Thriller
5;it;In quale edificio si barricano gli eroi del film « L'esercito dei morti » ?;Centro commerciale;Chiesa;Barra;Fattoria;Débutant;Nel film originale di Romero, gli zombi si muovono molto lentamente e sono più minacciosi quando sono in grandi gruppi.;
6;it;In « The Walking Dead » (fumetti e serie), dove si sveglia Rick ?;Ospedale;Stazione di polizia;Albergo;Caserma;Débutant;La serie racconta la storia di un gruppo di sopravvissuti guidati da Rick Grimes che cercano di sopravvivere in un mondo post-apocalittico.;
7;it;Lo zombie era soprattutto una figura folcloristica di quale paese ?;Haiti;Francia;Senegal;Giappone;Débutant;Lo zombie (o zombi) ha le sue origini nella cultura haitiana ed è usato anche per descrivere le vittime degli incantesimi voodoo.;https://it.wikipedia.org/wiki/Zombi
8;it;In quale paese è ambientato il film « REC », uscito nel 2007 ?;Spagna;Portogallo;Francia;Inghilterra;Débutant;L'idea alla base del film era quella di mettere lo spettatore al centro della storia e di collegare l'orrore al documentario in tempo reale.;https://it.wikipedia.org/wiki/Rec_(film)
9;it;Quale band irlandese ha usato la parola zombie come titolo di una canzone ?;The Cranberries;U2;Celtic Woman;The Script;Débutant;I Cranberries hanno annunciato nel settembre 2018 che il gruppo non avrebbe continuato senza Dolores O'Riordan, morta per annegamento nel 2018.;https://it.wikipedia.org/wiki/The_Cranberries
10;it;In « Left 4 Dead », sparare a un boomer cosa tenderà a fare ?;Esplodere;Ridi;Piangere;Hop;Débutant;Il Boomer (Exploder o Vomiteur) è un infetto molto corpulento, lento e molle con un numero di punti vita molto basso (50).;https://it.wikipedia.org/wiki/Left_4_Dead
11;it;In Giappone, quale altro nome ha il franchise di successo « Resident Evil » ?;« Biohazard »;« Isola morta »;« Progetto Zomboid »;« DayZ »;Confirmé;Dopo aver debuttato su PlayStation nel 1996, grazie al suo successo sono stati realizzati numerosi seguiti su molte console.;https://it.wikipedia.org/wiki/Resident_Evil_(serie)
12;it;Quale attore interpreta Daryl Dixon nella serie « The Walking Dead » ?;Norman Reedus;Andrea Lincoln;Jeffrey Dean Morgan;Steven Yeun;Confirmé;Questo personaggio originale, popolare tra i fan dell'adattamento, è stato creato esclusivamente per la serie televisiva.;
13;it;Quali infetti ciechi si ritrovano tramite l'ecolocalizzazione in « The Last of Us » ?;Clackers;Corridori;Agguatatori;Colossi;Confirmé;Gli infetti sono esseri umani viventi che sono stati infettati attraverso il contatto con il sangue o respirando spore disperse nell'aria.;https://it.wikipedia.org/wiki/The_Last_of_Us
14;it;Cosa diffamano gli eroi di « Walking Dead » contro gli zombie ?;Resti di zombi;Fango;Urina;Benzina;Confirmé;Le serie televisive tendono generalmente a ricalcare e trarre ispirazione dalle trame e dai personaggi delle serie a fumetti di Robert Kirkman.;
15;it;Quale DLC horror di « Red Dead Redemption » presenta gli zombi ?;« Undead Nightmare »;« Western Zombie »;« Night of Dead »;« Army of the Dead »;Confirmé;Il gioco « Red Dead Redemption » fa parte della serie di videogiochi « Red Dead » ed è il successore di « Red Dead Revolver ».;https://it.wikipedia.org/wiki/Red_Dead_Redemption
16;it;Quale fungo è responsabile della contaminazione in « The Last of Us » ?;Cordyceps;Marasma;Amanita;Ericio;Confirmé;Il Cordyceps esiste, ma fortunatamente per noi infetta solo insetti, ragni e altri funghi.;https://it.wikipedia.org/wiki/Cordyceps
17;it;Nel libro « World War Z », in quale paese inizia la pandemia ?;Cina;Pakistan;Siberia;Stati Uniti;Confirmé;« World War Z » è anche un film americano diretto da Marc Forster, uscito nel 2013, in cui seguiamo un ex dipendente delle Nazioni Unite Gerry Lane.;https://it.wikipedia.org/wiki/World_War_Z._La_guerra_mondiale_degli_zombi
18;it;Quale sarebbe il miglior mezzo di trasporto in caso di un'apocalisse zombi ?;Bicicletta;Moto;Serbatoio;4X4;Confirmé;Max Brooks è conosciuto come il maestro della letteratura zombie contemporanea, con la sua guida per sopravvivere a un'epidemia di zombi.;https://it.wikipedia.org/wiki/Zombi
19;it;Quale virus mette fine al mondo come lo conosciamo in « World War Z » ?;Solanum;Ebola;Virus T;La Furia;Confirmé;L'autore Max Brooks ha affermato che « World War Z » segue le leggi stabilite nella « Zombie Territory Survival Guide ».;https://it.wikipedia.org/wiki/World_War_Z._La_guerra_mondiale_degli_zombi
20;it;Come si chiama il regista del film « 28 giorni dopo » ?;Danny Boyle;Max Brooks;George Romero;Zack Snyder;Confirmé;Un seguito, intitolato « 28 settimane dopo » (28 settimane dopo) e pubblicato nel 2007, è stato diretto da Juan Carlos Fresnadillo.;https://it.wikipedia.org/wiki/28_giorni_dopo
21;it;Qual è il cognome di Joel, l'eroe che interpretiamo in « The Last of Us » ?;Miller;Wilson;Davis;Johnson;Expert;I due personaggi principali del videogioco, Joel ed Ellie, devono recuperare munizioni e cibo per avanzare nella loro ricerca.;https://it.wikipedia.org/wiki/The_Last_of_Us
22;it;In quale villa si rifugiano i membri STARS di « Resident Evil » ?;Spencer;Casa in collina;Winchester;Rannroke;Expert;La STARS (Special Tactics And Rescue Service) è un'unità speciale, fondata a New York poi trasposta a Raccoon City.;https://it.wikipedia.org/wiki/Resident_Evil_(serie)
23;it;Quanti volumi colmano il divario tra 28 giorni dopo e 28 settimane dopo ?;Cinque;Tre;Dieci;Trenta;Expert;« 28 giorni dopo : The Aftermath », una graphic novel pubblicata nel 2007 da Fox Atomic Comics, crea il collegamento tra i due film.;https://it.wikipedia.org/wiki/28_giorni_dopo
24;it;Per quale film Stephen King ha comprato tutti i biglietti del cinema ?;« 28 giorni dopo »;« Resident Evil »;« Guerra Mondiale Z »;« The Last of Us »;Expert;È stato insignito della National Medal of Arts nel 2015, direttamente dal presidente Barack Obama alla Casa Bianca.;https://it.wikipedia.org/wiki/Stephen_King
25;it;In « 28 Weeks Later », come si chiama l'ultima fase del codice rosso ?;Sterminio;Diffusione;Distruzione;Inserisci;Expert;Nel 2007, dopo l'uscita del film, sono apparse le voci su una terza parte, alimentate dal finale pieno di suspense della seconda parte.;https://it.wikipedia.org/wiki/28_settimane_dopo
26;it;In quale bar vogliono andare gli eroi di « Shaun of the Dead » ?;Winchester;Coltman;Buoni compagni;La fine del mondo;Expert;« L'alba dei morti dementi » è una commedia horror americano-franco-britannica, diretta da Edgar Wright e pubblicata nel 2004.;https://it.wikipedia.org/wiki/L'alba_dei_morti_dementi
27;it;Quale creatura della mitologia norrena è simile ai nostri attuali zombi ?;Draugr;Jinn;Ghoul;Vampiro;Expert;I Draugar sono cadaveri animati che possiedono un corpo fisico con capacità fisiche, simili a quelle degli esseri viventi.;https://it.wikipedia.org/wiki/Draugr
28;it;Su quale isola immaginaria si svolge l'azione del gioco « Dead Island » ?;Banoi;Bouïane;Hawaii;Cayuna;Expert;Il giocatore si sveglia in una stanza d'albergo su un'isola paradisiaca al largo della costa della Papua Nuova Guinea.;
29;it;Cosa hanno di speciale gli zombie nel film francese « La notte divorò il mondo » ?;Tacciono;Parlano;Volano;Cantano;Expert;« La notte divorò il mondo » è un film horror francese co-scritto e diretto da Dominique Rocher, uscito nel 2018.;
30;it;Quale arma viene creata per affrontare i non morti nel libro « World War Z » ?;Lobo;Aristocratico;XM26;Uccisore di anime;Expert;Max Brooks ha utilizzato « World War Z » per fornire commenti su argomenti come la sopravvivenza e l'incertezza dei nostri tempi.;https://it.wikipedia.org/wiki/World_War_Z._La_guerra_mondiale_degli_zombi
1;nl;Hoe versla je in de meeste werken een zombie ?;Richt op het hoofd;Verbrand het;Verstik het;Voed hem;Débutant;Hoewel er veelvuldig gebruik wordt gemaakt van de viruspandemie, bestaan er geen regels over het optreden van het zombiefenomeen.;https://nl.wikipedia.org/wiki/Zombie
2;nl;Met welk wapen vecht Michonne in « The Walking Dead » ?;Katana;Machete;Bijl;Kruisboog;Débutant;Michonne heeft de achtste meeste personages in leven gedood, met een minimum van drieënveertig moorden.;https://nl.wikipedia.org/wiki/Michonne
3;nl;Welk onderzoeksbureau heeft het T-virus in « Resident Evil » ontwikkeld ?;Umbrella;ApertureScience;Vault-Tec;Biotechnica;Débutant;Umbrella werd in 1968 gemaakt door de drie ontdekkers van het Progenitor-virus : Oswell E. Spencer, James Marcus en Edward Ashford.;
4;nl;Welke popzanger danste beroemd naast zombies in een cultmuziekvideo ?;Michaël Jackson;David Bowie;Justin Timberlake;The Weekend;Débutant;« Thriller » is een videoclip voor het nummer « Thriller » van Michael Jackson, geregisseerd door John Landis en geschreven door Landis en Michael Jackson.;
5;nl;In welk gebouw barricaderen de helden van de film « Army of the Dead » zich ?;Winkelcentrum;Kerk;Balk;Boerderij;Débutant;In Romero's originele film bewegen zombies heel langzaam en zijn ze het meest bedreigend als ze in grote groepen zijn.;
6;nl;Waar wordt Rick wakker in « The Walking Dead » (strips en series) ?;Ziekenhuis;Politiebureau;Hotel;Kazerne;Débutant;De serie vertelt het verhaal van een groep overlevenden onder leiding van Rick Grimes die proberen te overleven in een post-apocalyptische wereld.;
7;nl;Uit welk land was de zombie vooral een folkloristische figuur ?;Haïti;Frankrijk;Senegal;Japan;Débutant;De zombie (of zombie) vindt zijn oorsprong in de Haïtiaanse cultuur en wordt ook gebruikt om de slachtoffers van voodoo-spreuken te beschrijven.;https://nl.wikipedia.org/wiki/Zombie
8;nl;In welk land vindt de actie plaats van de film « REC », uitgebracht in 2007 ?;Spanje;Portugal;Frankrijk;Engeland;Débutant;Het idee achter de film was om de kijker centraal in het verhaal te plaatsen en de horror in realtime aan de documentaire te koppelen.;https://nl.wikipedia.org/wiki/REC_(film)
9;nl;Welke Ierse band gebruikte het woord zombie als songtitel ?;The Cranberries;U2;Celtic Woman;The Script;Débutant;The Cranberries maakten in september 2018 bekend dat de groep niet verder zou gaan zonder Dolores O'Riordan, die in 2018 door verdrinking om het leven kwam.;https://nl.wikipedia.org/wiki/The_Cranberries
10;nl;Wat heeft het neerschieten van een boomer in « Left 4 Dead » tot gevolg ?;Exploderen;Lach;Huilen;Hop;Débutant;De Boomer (Exploder of Vomiteur) is een zeer corpulente, langzame en zachte geïnfecteerde met een zeer laag aantal levenspunten (50).;https://nl.wikipedia.org/wiki/Left_4_Dead
11;nl;Welke andere naam heeft de succesvolle « Resident Evil » franchise in Japan ?;« Biohazard »;« Dood eiland »;« Project Zomboid »;« DayZ »;Confirmé;Na zijn debuut op PlayStation in 1996, zijn er dankzij het succes talloze sequels gemaakt op veel consoles.;https://nl.wikipedia.org/wiki/Resident_Evil_(computerspelserie)
12;nl;Welke acteur speelt Daryl Dixon in de serie « The Walking Dead » ?;Norman Reedus;Andrew Lincoln;Jeffrey Dean Morgan;Steven Yeun;Confirmé;Dit originele personage, populair bij fans van de aanpassing, is exclusief voor de televisieserie gemaakt.;
13;nl;Welke blinde geïnfecteerden bevinden zich door echolocatie in « The Last of Us » ?;Klackers;Lopers;Loeraars;Kolossen;Confirmé;De geïnfecteerden zijn levende mensen die besmet zijn geraakt door contact met bloed of door het inademen van sporen in de lucht.;https://nl.wikipedia.org/wiki/The_Last_of_Us_(computerspel)
14;nl;Wat smeren de helden van « Walking Dead » tegen zombies ?;Zombieresten;Modder;Urine;Benzine;Confirmé;De televisieserie heeft over het algemeen de neiging om de plots en karakters van de stripreeks van Robert Kirkman te volgen en er inspiratie uit te putten.;
15;nl;Welke « Red Dead Redemption » horror-DLC bevat zombies ?;« Undead Nightmare »;« Western Zombie »;« Night of Dead »;« Army of the Dead »;Confirmé;Het spel « Red Dead Redemption » maakt deel uit van de videogameserie « Red Dead » en is de opvolger van « Red Dead Revolver ».;https://nl.wikipedia.org/wiki/Red_Dead_Redemption
16;nl;Welke paddenstoel is verantwoordelijk voor de besmetting in « The Last of Us » ?;Cordyceps;Marasmus;Amanita;Hericium;Confirmé;Cordyceps bestaat wel, maar gelukkig voor ons infecteert hij alleen insecten, spinnen en andere schimmels.;https://nl.wikipedia.org/wiki/Cordyceps
17;nl;In welk land begint de pandemie in het boek « World War Z » ?;China;Pakistan;Siberië;Verenigde Staten;Confirmé;« World War Z » is ook een Amerikaanse film geregisseerd door Marc Forster, uitgebracht in 2013, waarin we voormalig VN-medewerker Gerry Lane volgen.;
18;nl;Wat zou het beste vervoermiddel zijn in het geval van een zombie-apocalyps ?;Fiets;Motor;Tank;4X4;Confirmé;Max Brooks staat bekend als de meester van de hedendaagse zombieliteratuur, met zijn gids voor het overleven van een zombie-uitbraak.;https://nl.wikipedia.org/wiki/Zombie
19;nl;Welk virus maakt een einde aan de wereld zoals we die kennen in « World War Z » ?;Solanum;Ebola;T-virus;De woede;Confirmé;Auteur Max Brooks verklaarde dat « World War Z » de wetten volgt die zijn opgesteld in de « Zombie Territory Survival Guide ».;
20;nl;Wat is de naam van de regisseur van de film « 28 Days Later » ?;Danny Boyle;Max Brooks;George Romero;Zack Snyder;Confirmé;Een vervolg, getiteld « 28 Weeks Later » (28 Weeks Later) en uitgebracht in 2007, werd geregisseerd door Juan Carlos Fresnadillo.;https://nl.wikipedia.org/wiki/28_Days_Later...
21;nl;Wat is de achternaam van Joel, de held die we spelen in « The Last of Us » ?;Molenaar;Wilson;Davis;Johnson;Expert;De twee hoofdpersonen van de videogame, Joel en Ellie, moeten munitie en voedsel terugvinden om verder te komen in hun zoektocht.;https://nl.wikipedia.org/wiki/The_Last_of_Us_(computerspel)
22;nl;In welk landhuis zoeken de STARS-leden van « Resident Evil » hun toevlucht ?;Spencer;Heuvelhuis;Winchester;Ranroke;Expert;De STARS (Special Tactics And Rescue Service) is een speciale eenheid, opgericht in New York en vervolgens overgebracht naar Raccoon City.;https://nl.wikipedia.org/wiki/Resident_Evil_(computerspelserie)
23;nl;Hoeveel volumes overbruggen de kloof tussen 28 Days Later en 28 Weeks Later ?;Vijf;Drie;Tien;Dertig;Expert;« 28 Days Later : The Aftermath », een graphic novel die in 2007 werd gepubliceerd door Fox Atomic Comics, legt de link tussen de twee films.;https://nl.wikipedia.org/wiki/28_Days_Later...
24;nl;Voor welke film kocht Stephen King alle kaartjes in een bioscoop ?;« 28 dagen later »;« Resident Evil »;« Wereldoorlog Z »;\u003cI\u003eDe laatste van ons »;Expert;In 2015 ontving hij de National Medal of Arts, rechtstreeks uit handen van president Barack Obama in het Witte Huis.;https://nl.wikipedia.org/wiki/Stephen_King_(schrijver)
25;nl;Hoe heet de laatste fase van code rood in « 28 Weeks Later » ?;Uitroeiing;Verspreiding;Vernietiging;Invoegen;Expert;In 2007, na de release van de film, verschenen er geruchten over een derde deel, aangewakkerd door het spannende einde van het tweede deel.;https://nl.wikipedia.org/wiki/28_Weeks_Later...
26;nl;Naar welke bar willen de helden van « Shaun of the Dead » ?;Winchester;Coltmann;Goede metgezellen;Het einde van de wereld;Expert;« Shaun of the Dead » is een Amerikaans-Frans-Britse horrorkomedie, geregisseerd door Edgar Wright en uitgebracht in 2004.;https://nl.wikipedia.org/wiki/Shaun_of_the_Dead
27;nl;Welk wezen uit de Noorse mythologie lijkt op onze huidige zombies ?;Draugr;Jinn;Ghoul;Vampier;Expert;Draugar zijn geanimeerde lijken die een fysiek lichaam hebben met fysieke vermogens, vergelijkbaar met die van levende wezens.;https://nl.wikipedia.org/wiki/Draugen
28;nl;Op welk fictieve eiland vindt de actie van het spel « Dead Island » plaats ?;Banoi;Bouïane;Hawaï;Cayuna;Expert;De speler wordt wakker in een hotelkamer op een paradijselijk eiland voor de kust van Papoea-Nieuw-Guinea.;
29;nl;Wat is er speciaal aan de zombies in de Franse film « The Night Devoured the World » ?;Ze zijn stil;Ze spreken;Ze vliegen;Ze zingen;Expert;« The night verslond de wereld » is een Franse horrorfilm, mede geschreven en geregisseerd door Dominique Rocher, uitgebracht in 2018.;
30;nl;Welk wapen is gemaakt om met de ondoden om te gaan in het boek « World War Z » ?;Lobo;Aristocraat;XM26;Zielendoder;Expert;Max Brooks gebruikte « World War Z » om commentaar te geven op onderwerpen als overleven en de onzekerheid van onze tijd.;
