1;fr;Qui interpréta le tube « Macumba », chanson sortie en février 1985 ?;Jean-Pierre Mader;Dave;Renaud;Jairo;Débutant;Ce titre rencontra un succès commercial important, atteignant la troisième place du Top 50 et devenant le tube de l'été 1985.;https://fr.wikipedia.org/wiki/Macumba_(chanson_de_Jean-Pierre_Mader)
2;fr;Quelle chanteuse britannique a interprété le hit « Kids in America » ?;Kim Wilde;Kim Carnes;Madonna;Bonnie Thyler;Débutant;« Kids in America » est sorti au Royaume-Uni en tant que premier single en janvier 1981, et aux États-Unis au printemps 1982.;https://fr.wikipedia.org/wiki/Kim_Wilde
3;fr;Quel groupe de dance-pop française a sorti le tube « Nuit de folie » ?;Début de soirée;David et Jonathan;Taxi Girl;Niagara;Débutant;En France, le titre « Nuit de folie » est devenu le tube de l'été de l'année, en tête du classement pendant plus de deux mois.;https://fr.wikipedia.org/wiki/Début_de_soirée
4;fr;Quel groupe allemand de hard rock interpréta la ballade « Still loving you » ?;Scorpions;U2;ACDC;Dire Straits;Débutant;C'est en Europe que la ballade « Still loving you » a connu le plus de succès, atteignant le top 5 dans de nombreux pays.;https://fr.wikipedia.org/wiki/Scorpions
5;fr;Quel groupe new wave/synthpop allemand interpréta « You're My Heart, You're My Soul » ?;Modern Talking;Dead or Alive;Depeche Mode;Aerosmith;Débutant;Il est considéré comme le single du groupe le plus vendu à ce jour, dépassant aujourd'hui les huit millions d'exemplaires.;https://fr.wikipedia.org/wiki/Modern_Talking
6;fr;Quel groupe a interprété le tube « Wake Me Up Before You Go-Go » ?;Wham!;FGTH;ABBA;Supertramp;Débutant;Le single du duo anglais a été certifié disque de platine aux États-Unis, avec des ventes de plus de deux millions d'exemplaires.;https://fr.wikipedia.org/wiki/Wake_Me_Up_Before_You_Go-Go
7;fr;Quelle artiste a chanté « Africa », paru sur son album « Déraisonnable » ?;Rose Laurens;Desireless;Julie Pietri;Zazie;Débutant;Connue pour son single « Africa » sorti en 1982, Rose Laurens est également célèbre pour avoir incarné le personnage de Fantine.;https://fr.wikipedia.org/wiki/Africa_(chanson_de_Rose_Laurens)
8;fr;Quel groupe de rock suédois a chanté « The Final Countdown » ?;Europe;ACDC;Scorpions;Trust;Débutant;Le clip de Nick Morris, réalisé pour promouvoir le single, a été visionné plus d'un milliard de fois sur la plateforme YouTube.;https://fr.wikipedia.org/wiki/The_Final_Countdown_(chanson)
9;fr;Quel groupe musical a interprété « Sweet Dreams (Are Made of This) » ?;Eurythmics;Europe;Sister Sledge;Sweet Sensation;Débutant;Ce titre est devenu particulièrement populaire et reste l'une des chansons les plus reconnaissables du groupe Eurythmics.;https://fr.wikipedia.org/wiki/Sweet_Dreams_(Are_Made_of_This)
10;fr;Quel artiste américain a brillamment interprété le titre « Billie Jean » ?;Michael Jackson;George Michael;Lionel Richie;Stevie Wonder;Débutant;Ce titre légendaire a été écrit et composé par Michael Jackson lui-même, produit par Quincy Jones et co-produit par Michael Jackson.;https://fr.wikipedia.org/wiki/Billie_Jean
11;fr;Lequel de ces titres doit-on au groupe Frankie Goes To Hollywood ?;« Relax »;« Peace »;« Cool »;« Zen »;Confirmé;« Relax » est le premier single important du groupe de synth-pop anglais Frankie Goes To Hollywood, sorti au Royaume-Uni en 1983.;https://fr.wikipedia.org/wiki/Relax_(chanson_de_Frankie_Goes_to_Hollywood)
12;fr;Quel est le titre du troisième single du groupe « Alphaville » ?;« Forever Young »;« Forever Love »;« Forever Blue »;« Forever Alive »;Confirmé;Le single d'Alphaville a eu plus de succès aux États-Unis qu'au Royaume-Uni, mais n'a pas réussi à atteindre le top 40 américain.;https://fr.wikipedia.org/wiki/Forever_Young_(chanson_d'Alphaville)
13;fr;Quel est probablement le titre le plus connu du chanteur Gérard Blanc ?;« Une autre histoire »;« Une autre affaire »;« Une autre femme »;« Une autre vie »;Confirmé;Le titre est devenu un succès retentissant en France durant l'été 1987 et a été repris par plusieurs artistes au fil des années.;https://fr.wikipedia.org/wiki/Une_autre_histoire
14;fr;Grâce à quel tube le chanteur belge Claude Barzotti a-t-il démarré sa carrière ?;« Madame »;« Monsieur »;« Mademoiselle »;« Miss »;Confirmé;Le chanteur a commencé sa carrière musicale en France en 1981 avec sa chanson « Madame », qui s'est vendu à 400 000 exemplaires.;https://fr.wikipedia.org/wiki/Claude_Barzotti
15;fr;Quel chanteur a interprété « Let's Dance », paru sur l'album du même nom ?;David Bowie;Mick Jagger;John Lennon;Rod Stewart;Confirmé;Ce tube de e1983 a fait de David Bowie une superstar majeure, « Let's Dance » restant l'album le plus vendu de l'artiste.;https://fr.wikipedia.org/wiki/Let's_Dance_(chanson_de_David_Bowie)
16;fr;Quelle chanteuse pop franco-allemande a interprété le titre « Around My Heart » ?;Sandra;Nena;Joan Baez;Kate Bush;Confirmé;La chanson de Sandra (ou Sandra Cretu) est sortie au printemps 1989 et a été un hit du top 20 en Allemagne et en Suisse.;https://fr.wikipedia.org/wiki/Sandra_(chanteuse)
17;fr;Quel groupe a sorti le tube « Chiquitita », issu de l'album « Voulez-Vous » ?;ABBA;The Pointer Sisters;Blondie;Bananarama;Confirmé;« Chiquitita » est sorti en janvier 1979 en tant que premier single de l'album « Voulez-Vous » (1979), le sixième album du groupe.;https://fr.wikipedia.org/wiki/Chiquitita
18;fr;Quel groupe de pop rock allemand a sorti le tube « 99 Luftballons » ?;Nena;Duran Duran;A-HA;Alphaville;Confirmé;Cette chanson du groupe allemand Nena, assez engagée contre la guerre froide, sortie en 1983, fut un succès international.;https://fr.wikipedia.org/wiki/99_Luftballons
19;fr;Quel artiste, décédé dans un accident d'hélicoptère, a interprété le tube « L'Aziza » ?;Daniel Balavoine;Michel Berger;Marc Lavoine;Enrico Macias;Confirmé;Avec cette chanson, Daniel Balavoine a ici voulu rendre un bel hommage à son épouse Corinne, d'origine juive marocaine.;https://fr.wikipedia.org/wiki/L'Aziza
20;fr;Le titre « Why ? » a été écrit et composé par quel groupe britannique ?;Bronski Beat;Queen;Survivor;Alphaville;Confirmé;En 1983, Jimmy Somerville cofonda le groupe Bronski Beat, engrangeant ainsi les hits dans les classements britanniques.;https://fr.wikipedia.org/wiki/Why%3F_(chanson_de_Bronski_Beat)
21;fr;À quel groupe doit-on « We Are the Champions », utilisé dans le milieu du sport ?;Queen;ACDC;Trust;Téléphone;Expert;Ce morceau est devenu populaire dans le monde sportif, au football et au cricket, et salue nombre de remise de titres sportifs.;https://fr.wikipedia.org/wiki/We_Are_the_Champions
22;fr;Quel groupe français nous a fait danser avec « Les Démons de minuit » ?;Images;Photos;Dessins;Tableaux;Expert;En France, le titre « Les Démons de minuit » s'est vendu à plus de 1,5 million d'exemplaires et a été certifié disque de platine.;https://fr.wikipedia.org/wiki/Les_Démons_de_minuit
23;fr;Quel groupe irlandais a sorti le tube « Sunday Bloody Sunday » ?;U2;Depeche Mode;Supertramp;The Cure;Expert;Ce tube a été classé en 2004 par le magazine Rolling Stone 268e sur la liste des 500 plus grandes chansons de tous les temps.;https://fr.wikipedia.org/wiki/Sunday_Bloody_Sunday
24;fr;Quelle tube est le plus célèbre de la chanteuse américaine Laura Branigan ?;« Self Control »;« Self Service »;« Self Defense »;« Self Garage »;Expert;Cette version fut la chanson la plus populaire à travers l'Europe durant l'été 1984 et fut aussi la chanson de l'année en Suisse.;https://fr.wikipedia.org/wiki/Self_Control_(chanson)
25;fr;Quelle chanteuse est associée au titre « Girls Just Want To Have Fun » ?;Cyndi Lauper;Madonna;Sandra;Whitney Houston;Expert;Elle a connu un succès international en devenant numéro un au Canada,  Australie, Irlande, Norvège et Nouvelle-Zélande.;https://fr.wikipedia.org/wiki/Girls_Just_Want_to_Have_Fun
26;fr;Quel tube planétaire a permis à Patrick Hernandez de devenir rentier ?;« Born to Be Alive »;« To be Three »;« Born to Sing »;« Born to Somebody »;Expert;Le single a rencontré un énorme succès en Europe ou il se classe numéro un en Autriche, en Suède, en Norvège et en France.;https://fr.wikipedia.org/wiki/Born_to_Be_Alive_(chanson)
27;fr;À qui doit-on « Eye of the Tiger », repris dans la BO du film « Rocky III » ?;Survivor;I Will Survive;Survive;Fight to Survive;Expert;À la demande de Sylvester Stallone, la chanson fut publiée le 29 mai 1982 à l'occasion de la sortie du film « Rocky 3 : L'Œil du tigre ».;https://fr.wikipedia.org/wiki/Eye_of_the_Tiger
28;fr;Quel groupe a interprété « L'Aventurier », paru sur l'album éponyme en 1982 ?;Indochine;Gold;IAM;Les Forbans;Expert;Ce deuxième single du groupe a contribué à lancer la carrière des membres du groupe Indochine dans les années 1980.;https://fr.wikipedia.org/wiki/L'Aventurier_(chanson)
29;fr;Lequel de ces titres est une ballade du groupe Prince et The Revolution ?;« Purple Rain »;« My umbrella »;« Rain on Me »;« Rain »;Expert;Ce troisième single porte le même titre que l'album et que le film (qui fut un succès), tous les supports étant sortis en 1984.;https://fr.wikipedia.org/wiki/Purple_Rain_(chanson)
30;fr;Quel boss de la musique nous a confirmé qu'il était « Born in the USA » ?;Bruce Springsteen;Stevie Wonder;Bob Dylan;Paul McCartney;Expert;La chanson évoque le retour au pays d'un vétéran de la guerre du Viêt Nam et le rejet qu'il subit de la part de ses concitoyens.;https://fr.wikipedia.org/wiki/Born_in_the_U.S.A._(chanson)
1;en;Who performed the hit « Macumba », a song released in February 1985 ?;Jean-Pierre Mader;Dave;Renaud;Jairo;Débutant;This title met with significant commercial success, reaching third place in the Top 50 and becoming the hit of the summer of 1985.;
2;en;Which British singer performed the hit « Kids in America » ?;Kim Wilde;Kim Carnes;Madonna;Bonnie Thyler;Débutant;« Kids in America » was released in the United Kingdom as the first single in January 1981, and in the United States in spring 1982.;https://en.wikipedia.org/wiki/Kim_Wilde
3;en;Which French dance-pop group released the hit « Nuit de Folie » ?;Early evening;David and Jonathan;Taxi Girl;Niagara;Débutant;In France, the title « Nuit de Folie » became the summer hit of the year, topping the chart for more than two months.;
4;en;Which German hard rock band performed the ballad « Still loving you » ?;Scorpios;U2;ACDC;Dire Straits;Débutant;It was in Europe that the ballad « Still loving you » was most successful, reaching the top 5 in many countries.;https://en.wikipedia.org/wiki/Scorpions (band)
5;en;Which German new wave/synthpop band performed « You're My Heart, You're My Soul » ?;Modern Talking;Dead or Alive;Depeche Mode;Aerosmith;Débutant;It is considered the group's best-selling single to date, today exceeding eight million copies.;https://en.wikipedia.org/wiki/Modern_Talking
6;en;Which group performed the hit « Wake Me Up Before You Go-Go » ?;Wham!;FGTH;ABBA;Supertramp;Débutant;The English duo's single was certified platinum in the United States, with sales of over two million copies.;https://en.wikipedia.org/wiki/Wake_Me_Up_Before_You_Go-Go
7;en;Which artist sang « Africa », released on her album « Unreasonable » ?;Rose Laurens;Desireless;Julie Pietri;Zazie;Débutant;Known for her single « Africa » released in 1982, Rose Laurens is also famous for having played the character of Fantine.;https://en.wikipedia.org/wiki/Africa_(Rose_Laurens_song)
8;en;Which Swedish rock band sang « The Final Countdown » ?;Europe;ACDC;Scorpions;Trust;Débutant;Nick Morris' music video, made to promote the single, has been viewed more than a billion times on the YouTube platform.;https://en.wikipedia.org/wiki/The_Final_Countdown_(song)
9;en;Which musical group performed « Sweet Dreams (Are Made of This) » ?;Eurythmics;Europe;Sister Sledge;Sweet Sensation;Débutant;This track became particularly popular and remains one of the Eurythmics' most recognizable songs.;https://en.wikipedia.org/wiki/Sweet_Dreams_(Are_Made_of_This)
10;en;Which American artist brilliantly interpreted the title « Billie Jean » ?;Michael Jackson;George Michael;Lionel Richie;Stevie Wonder;Débutant;This legendary title was written and composed by Michael Jackson himself, produced by Quincy Jones and co-produced by Michael Jackson.;https://en.wikipedia.org/wiki/Billie_Jean
11;en;Which of these titles do we owe to the group Frankie Goes To Hollywood ?;« Relax »;« Peace »;« Cool »;« Zen »;Confirmé;« Relax » is the first major single by English synth-pop group Frankie Goes To Hollywood, released in the United Kingdom in 1983.;https://en.wikipedia.org/wiki/Relax_(song)
12;en;What is the title of the third single from the group « Alphaville » ?;« Forever Young »;« Forever Love »;« Forever Blue »;« Forever Alive »;Confirmé;The Alphaville single was more successful in the US than in the UK, but failed to reach the US top 40.;https://en.wikipedia.org/wiki/Forever_Young_(Alphaville_song)
13;en;What is probably the best-known title of singer Gérard Blanc ?;Another story;Another affair;Another woman;Another life;Confirmé;The title became a resounding success in France during the summer of 1987 and has been covered by several artists over the years.;https://en.wikipedia.org/wiki/Une_autre_histoire
14;en;Thanks to which hit did Belgian singer Claude Barzotti start his career ?;« Madam »;« Sir »;« Miss »;« Miss »;Confirmé;The singer began his musical career in France in 1981 with his song « Madame », which sold 400,000 copies.;https://en.wikipedia.org/wiki/Claude_Barzotti
15;en;Which singer sang « Let's Dance », from the album of the same name ?;David Bowie;Mick Jagger;John Lennon;Rod Stewart;Confirmé;This 1983 hit made David Bowie a major superstar, with « Let's Dance » remaining the artist's best-selling album.;https://en.wikipedia.org/wiki/Let's_Dance_(David_Bowie_song)
16;en;Which Franco-German pop singer performed the song « Around My Heart » ?;Sandra;Nena;Joan Baez;Kate Bush;Confirmé;The song by Sandra (or Sandra Cretu) was released in the spring of 1989 and was a top 20 hit in Germany and Switzerland.;https://en.wikipedia.org/wiki/Sandra_(singer)
17;en;Which group released the hit « Chiquitita », from the album « Voulez-Vous » ?;ABBA;The Pointer Sisters;Blondie;Bananarama;Confirmé;« Chiquitita » was released in January 1979 as the lead single from the album « Voulez-Vous » (1979), the group's sixth album.;https://en.wikipedia.org/wiki/Chiquitita
18;en;Which German pop rock band released the hit « 99 Luftballons » ?;Nena;Duran Duran;A-HA;Alphaville;Confirmé;This song by the German group Nena, quite committed to the Cold War, released in 1983, was an international success.;https://en.wikipedia.org/wiki/99_Luftballons
19;en;Which artist, who died in a helicopter accident, performed the hit « L'Aziza » ?;Daniel Balavoine;Michel Berger;Marc Lavoine;Enrico Macias;Confirmé;With this song, Daniel Balavoine wanted to pay a beautiful tribute to his wife Corinne, of Moroccan Jewish origin.;https://en.wikipedia.org/wiki/L'Aziza
20;en;The title « Why ? » was written and composed by which British group ?;Bronski Beat;Queen;Survivor;Alphaville;Confirmé;In 1983, Jimmy Somerville co-founded the group Bronski Beat, garnering hits in the British charts.;https://en.wikipedia.org/wiki/Why ?_(Bronski_Beat_song)
21;en;To which group do we owe « We Are the Champions », used in the sports world ?;Queen;ACDC;Trust;Telephone;Expert;This song has become popular in the sporting world, in football and cricket, and greets many sporting titles.;https://en.wikipedia.org/wiki/We_Are_the_Champions
22;en;Which French group made us dance with « Les Démons de minuit » ?;Images;Pictures;Drawings;Tables;Expert;In France, the title « Les Démons de minuit » sold more than 1.5 million copies and was certified platinum.;
23;en;Which Irish band released the hit « Sunday Bloody Sunday » ?;U2;Depeche Mode;Supertramp;The Cure;Expert;This hit was ranked in 2004 by Rolling Stone magazine 268th on the list of the 500 greatest songs of all time.;https://en.wikipedia.org/wiki/Sunday_Bloody_Sunday
24;en;Which hit is the most famous of American singer Laura Branigan ?;« Self Control »;« Self Service »;« Self Defense »;« Self Garage »;Expert;This version was the most popular song across Europe during the summer of 1984 and was also the song of the year in Switzerland.;https://en.wikipedia.org/wiki/Self_Control_(Raf_song)
25;en;Which singer is associated with the title « Girls Just Want To Have Fun » ?;Cyndi Lauper;Madonna;Sandra;Whitney Houston;Expert;It achieved international success, reaching number one in Canada, Australia, Ireland, Norway and New Zealand.;https://en.wikipedia.org/wiki/Girls_Just_Want_to_Have_Fun
26;en;What global hit allowed Patrick Hernandez to become an annuitant ?;Born to Be Alive;To be Three;Born to Sing;Born to Somebody;Expert;The single was a huge success in Europe where it reached number one in Austria, Sweden, Norway and France.;https://en.wikipedia.org/wiki/Born_to_Be_Alive_(song)
27;en;To whom do we owe « Eye of the Tiger », included in the soundtrack of the film « Rocky III » ?;Survivor;I Will Survive;Survive;Fight to Survive;Expert;At the request of Sylvester Stallone, the song was released on May 29, 1982 on the occasion of the release of the film « Rocky 3 : Eye of the Tiger ».;https://en.wikipedia.org/wiki/Eye_of_the_Tiger
28;en;Which group performed « L'Aventurier », released on the eponymous album in 1982 ?;Indochine;Gold;IAM;The Forbans;Expert;This second single from the group helped launch the careers of the members of the group Indochine in the 1980s.;https://en.wikipedia.org/wiki/L'Aventurier_(song)
29;en;Which of these songs is a ballad by Prince and The Revolution ?;« Purple Rain »;« My umbrella »;« Rain on Me »;« Rain »;Expert;This third single bears the same title as the album and the film (which was a success), all media being released in 1984.;https://en.wikipedia.org/wiki/Purple_Rain_(song)
30;en;Which music boss confirmed to us that he was « Born in the USA » ?;Bruce Springsteen;Stevie Wonder;Bob Dylan;Paul McCartney;Expert;The song evokes the return home of a veteran of the Vietnam War and the rejection he suffered from his fellow citizens.;https://en.wikipedia.org/wiki/Born_in_the_U.S.A._(song)
1;de;Wer spielte den Hit « Macumba », ein Lied, das im Februar 1985 veröffentlicht wurde ?;Jean-Pierre Mader;Dave;Renaud;Jairo;Débutant;Dieser Titel hatte großen kommerziellen Erfolg, erreichte den dritten Platz in den Top 50 und wurde zum Hit des Sommers 1985.;
2;de;Welcher britische Sänger hat den Hit « Kids in America » gesungen ?;Kim Wilde;Kim Carnes;Madonna;Bonnie Thyler;Débutant;« Kids in America » wurde im Januar 1981 im Vereinigten Königreich und im Frühjahr 1982 in den Vereinigten Staaten als erste Single veröffentlicht.;https://de.wikipedia.org/wiki/Kim_Wilde
3;de;Welche französische Dance-Pop-Gruppe veröffentlichte den Hit « Nuit de Folie » ?;Früher Abend;David und Jonathan;Taximädchen;Niagara;Débutant;In Frankreich wurde der Titel « Nuit de folie » zum Sommerhit des Jahres und lag mehr als zwei Monate lang an der Spitze der Charts.;
4;de;Welche deutsche Hardrock-Band spielte die Ballade « Still loving you » ?;Skorpione;U2;ACDC;Dire Straits;Débutant;In Europa war die Ballade « Still loving you » am erfolgreichsten und erreichte in vielen Ländern die Top 5.;https://de.wikipedia.org/wiki/Scorpions
5;de;Welche deutsche New-Wave/Synthpop-Band spielte « You're My Heart, You're My Soul » ?;Modern Talking;Dead or Alive;Depeche Mode;Aerosmith;Débutant;Sie gilt als die bisher meistverkaufte Single der Gruppe und wurde heute über acht Millionen Mal verkauft.;https://de.wikipedia.org/wiki/Modern_Talking
6;de;Welche Gruppe hat den Hit « Wake Me Up Before You Go-Go » aufgeführt ?;Wham!;FGTH;ABBA;Supertramp;Débutant;Die Single des englischen Duos wurde in den USA mit Platin ausgezeichnet und verkaufte sich über zwei Millionen Mal.;https://de.wikipedia.org/wiki/Wake_Me_Up_Before_You_Go-Go
7;de;Welche Künstlerin sang « Afrika », veröffentlicht auf ihrem Album « Unreasonable » ?;Rose Laurens;Desireless;Julie Pietri;Zazie;Débutant;Rose Laurens ist bekannt für ihre 1982 erschienene Single « Africa » und auch für die Rolle der Fantine bekannt.;https://de.wikipedia.org/wiki/Africa_(Rose-Laurens-Lied)
8;de;Welche schwedische Rockband sang « The Final Countdown » ?;Europe;ACDC;Scorpions;Trust;Débutant;Das Musikvideo von Nick Morris, das zur Promotion der Single erstellt wurde, wurde auf der YouTube-Plattform mehr als eine Milliarde Mal angesehen.;https://de.wikipedia.org/wiki/The_Final_Countdown_(Lied)
9;de;Welche Musikgruppe spielte « Sweet Dreams (Are Made of This) » ?;Eurythmics;Europe;Sister Sledge;Sweet Sensation;Débutant;Dieser Titel erfreute sich besonderer Beliebtheit und ist nach wie vor einer der bekanntesten Eurythmics-Songs.;https://de.wikipedia.org/wiki/Sweet_Dreams_(Are_Made_of_This)_(Lied)
10;de;Welcher amerikanische Künstler hat den Titel « Billie Jean » brillant interpretiert ?;Michael Jackson;George Michael;Lionel Richie;Stevie Wonder;Débutant;Dieser legendäre Titel wurde von Michael Jackson selbst geschrieben und komponiert, von Quincy Jones produziert und von Michael Jackson co-produziert.;https://de.wikipedia.org/wiki/Billie_Jean
11;de;Welchen dieser Titel verdanken wir der Gruppe Frankie Goes To Hollywood ?;« Relax »;« Peace »;« Cool »;« Zen »;Confirmé;« Relax » ist die erste große Single der englischen Synth-Pop-Gruppe Frankie Goes To Hollywood, die 1983 im Vereinigten Königreich veröffentlicht wurde.;https://de.wikipedia.org/wiki/Relax_(Lied)
12;de;Wie lautet der Titel der dritten Single der Gruppe « Alphaville » ?;« Forever Young »;« Forever Love »;« Forever Blue »;« Forever Alive »;Confirmé;Die Alphaville-Single war in den USA erfolgreicher als in Großbritannien, erreichte jedoch nicht die Top 40 der USA.;https://de.wikipedia.org/wiki/Forever_Young_(Alphaville-Lied)
13;de;Was ist der wohl bekannteste Titel des Sängers Gérard Blanc ?;Eine andere Geschichte;Eine andere Angelegenheit;Eine andere Frau;Ein anderes Leben;Confirmé;Der Titel wurde im Sommer 1987 in Frankreich ein voller Erfolg und wurde im Laufe der Jahre von mehreren Künstlern gecovert.;
14;de;Dank welchem Hit startete der belgische Sänger Claude Barzotti seine Karriere ?;« Madame »;« Monsieur »;« Fräulein »;« Miss »;Confirmé;Der Sänger begann seine musikalische Karriere 1981 in Frankreich mit seinem Lied « Madame », das 400.;
15;de;Welcher Sänger sang « Let's Dance » aus dem gleichnamigen Album ?;David Bowie;Mick Jagger;John Lennon;Rod Stewart;Confirmé;Dieser Hit von 1983 machte David Bowie zu einem großen Superstar, und « Let's Dance » blieb das meistverkaufte Album des Künstlers.;https://de.wikipedia.org/wiki/Let's_Dance_(Lied)
16;de;Welcher deutsch-französische Popsänger hat das Lied « Around My Heart » gesungen ?;Sandra;Nena;Joan Baez;Kate Bush;Confirmé;Das Lied von Sandra (oder Sandra Cretu) erschien im Frühjahr 1989 und war ein Top-20-Hit in Deutschland und der Schweiz.;https://de.wikipedia.org/wiki/Sandra_(Sängerin)
17;de;Welche Gruppe veröffentlichte den Hit « Chiquitita » aus dem Album « Voulez-Vous » ?;ABBA;The Pointer Sisters;Blondie;Bananarama;Confirmé;« Chiquitita » wurde im Januar 1979 als Lead-Single des Albums « Voulez-Vous » (1979), dem sechsten Album der Gruppe, veröffentlicht.;https://de.wikipedia.org/wiki/Chiquitita
18;de;Welche deutsche Pop-Rock-Band hat den Hit « 99 Luftballons » veröffentlicht ?;Nena;Duran Duran;A-HA;Alphaville;Confirmé;Dieses 1983 veröffentlichte Lied der deutschen Gruppe Nena, die sich ganz dem Kalten Krieg verschrieben hat, war ein internationaler Erfolg.;https://de.wikipedia.org/wiki/99_Luftballons
19;de;Welcher Künstler, der bei einem Hubschrauberunfall ums Leben kam, spielte den Hit « L'Aziza » ?;Daniel Balavoine;Michel Berger;Marc Lavoine;Enrico Macias;Confirmé;Mit diesem Lied wollte Daniel Balavoine seiner Frau Corinne, marokkanisch-jüdischer Herkunft, eine schöne Hommage erweisen.;
20;de;Der Titel « Warum ? » wurde von welcher britischen Gruppe geschrieben und komponiert ?;Bronski Beat;Queen;Survivor;Alphaville;Confirmé;1983 war Jimmy Somerville Mitbegründer der Gruppe Bronski Beat, die Hits in den britischen Charts erzielte.;https://de.wikipedia.org/wiki/Why ?_(Bronski-Beat-Lied)
21;de;Welcher Gruppe verdanken wir « We Are the Champions », wie es in der Sportwelt verwendet wird ?;Queen;ACDC;Trust;Telephone;Expert;Dieses Lied ist in der Welt des Sports, im Fußball und im Cricket, populär geworden und begrüßt viele Sporttitel.;https://de.wikipedia.org/wiki/We_Are_the_Champions
22;de;Welche französische Gruppe ließ uns mit « Les Démons de minuit » tanzen ?;Images;Bilder;Zeichnungen;Tabellen;Expert;In Frankreich wurde der Titel « Les Démons de minuit » mehr als 1,5 Millionen Mal verkauft und mit Platin ausgezeichnet.;
23;de;Welche irische Band hat den Hit « Sunday Bloody Sunday » veröffentlicht ?;U2;Depeche Mode;Supertramp;The Cure;Expert;Dieser Hit wurde 2004 vom Rolling-Stone-Magazin auf Platz 268 der Liste der 500 besten Songs aller Zeiten gesetzt.;https://de.wikipedia.org/wiki/Sunday_Bloody_Sunday_(U2-Lied)
24;de;Welcher Hit ist der bekannteste der amerikanischen Sängerin Laura Branigan ?;« Self Control »;« Self Service »;« Self Defense »;« Self Garage »;Expert;Diese Version war im Sommer 1984 das beliebteste Lied in ganz Europa und auch das Lied des Jahres in der Schweiz.;https://de.wikipedia.org/wiki/Self_Control_(Lied)
25;de;Welcher Sänger ist mit dem Titel « Girls Just Want To Have Fun » verbunden ?;Cyndi Lauper;Madonna;Sandra;Whitney Houston;Expert;Es erzielte internationale Erfolge und erreichte Platz eins in Kanada, Australien, Irland, Norwegen und Neuseeland.;https://de.wikipedia.org/wiki/Girls_Just_Want_to_Have_Fun
26;de;Welcher weltweite Erfolg ermöglichte es Patrick Hernandez, Rentner zu werden ?;Geboren, um am Leben zu sein;Drei sein;Geboren zum Singen;Von jemandem geboren;Expert;Die Single war ein großer Erfolg in Europa und erreichte Platz eins in Österreich, Schweden, Norwegen und Frankreich.;https://de.wikipedia.org/wiki/Born_to_Be_Alive
27;de;Wem verdanken wir « Eye of the Tiger », das im Soundtrack des Films « Rocky III » enthalten ist ?;Survivor;I Will Survive;Survive;Fight to Survive;Expert;Auf Wunsch von Sylvester Stallone wurde das Lied am 29. Mai 1982 anlässlich der Veröffentlichung des Films « Rocky 3: Eye of the Tiger » veröffentlicht.;https://de.wikipedia.org/wiki/Eye_of_the_Tiger_(Lied)
28;de;Welche Gruppe spielte « L'Aventurier », das 1982 auf dem gleichnamigen Album veröffentlicht wurde ?;Indochine;Gold;IAM;Die Forbans;Expert;Diese zweite Single der Gruppe trug dazu bei, die Karrieren der Mitglieder der Gruppe Indochine in den 1980er Jahren zu starten.;
29;de;Welches dieser Lieder ist eine Ballade von Prince und The Revolution ?;« Purple Rain »;« My umbrella »;« Rain on Me »;« Rain »;Expert;Diese dritte Single trägt den gleichen Titel wie das Album und der Film (der ein Erfolg war), alle Medien wurden 1984 veröffentlicht.;https://de.wikipedia.org/wiki/Purple_Rain_(Lied)
30;de;Welcher Musikchef hat uns bestätigt, dass er « Born in the USA » ist ?;Bruce Springsteen;Stevie Wonder;Bob Dylan;Paul McCartney;Expert;Das Lied erinnert an die Rückkehr eines Veteranen des Vietnamkriegs in die Heimat und an die Ablehnung, die er von seinen Mitbürgern erlitten hat.;https://de.wikipedia.org/wiki/Born_in_the_U._S._A._(Lied)
1;es;¿Quién interpretó el éxito « Macumba », canción lanzada en febrero de 1985 ?;Jean-Pierre Mader;Dave;Renaud;Jairo;Débutant;Este título obtuvo un importante éxito comercial, alcanzando el tercer puesto del Top 50 y convirtiéndose en el éxito del verano de 1985.;
2;es;¿Qué cantante británico interpretó el éxito « Kids in America » ?;Kim Wilde;Kim Carnes;Madonna;Bonnie Thyler;Débutant;« Kids in America » fue lanzado en el Reino Unido como primer sencillo en enero de 1981 y en los Estados Unidos en la primavera de 1982.;https://es.wikipedia.org/wiki/Kim_Wilde
3;es;¿Qué grupo de dance-pop francés lanzó el éxito « Nuit de Folie » ?;Temprano en la tarde;David y Jonatán;Chica taxi;Niágara;Débutant;En Francia, el título « Nuit de Folie » se convirtió en el éxito del verano del año y encabezó las listas durante más de dos meses.;
4;es;¿Qué banda alemana de hard rock interpretó la balada « Still loving you » ?;Escorpio;U2;ACDC;Dire Straits;Débutant;Fue en Europa donde la balada « Still loving you » tuvo mayor éxito, alcanzando el top 5 en muchos países.;https://es.wikipedia.org/wiki/Scorpions
5;es;¿Qué banda alemana de new wave/synthpop interpretó « You're My Heart, You're My Soul » ?;Modern Talking;Dead or Alive;Depeche Mode;Aerosmith;Débutant;Es considerado el sencillo más vendido del grupo hasta la fecha, superando hoy las ocho millones de copias.;https://es.wikipedia.org/wiki/Modern_Talking
6;es;¿Qué grupo interpretó el éxito « Wake Me Up Before You Go-Go » ?;Wham!;FGTH;ABBA;Supertramp;Débutant;El sencillo del dúo inglés fue certificado platino en Estados Unidos, con ventas superiores a los dos millones de copias.;https://es.wikipedia.org/wiki/Wake_Me_Up_Before_You_Go-Go
7;es;¿Qué artista cantó « Africa », publicado en su álbum « Unreasonable » ?;Rosa Laurens;Desireless;Julie Pietri;Zazie;Débutant;Conocida por su sencillo « Africa » lanzado en 1982, Rose Laurens también es famosa por haber interpretado el personaje de Fantine.;
8;es;¿Qué banda de rock sueca cantó « The Final Countdown » ?;Europe;ACDC;Scorpions;Trust;Débutant;El vídeo musical de Nick Morris, realizado para promocionar el sencillo, ha sido visto más de mil millones de veces en la plataforma YouTube.;https://es.wikipedia.org/wiki/The_Final_Countdown_(canción)
9;es;¿Qué grupo musical interpretó « Sweet Dreams (Are Made of This) » ?;Eurythmics;Europe;Sister Sledge;Sweet Sensation;Débutant;Esta pista se hizo particularmente popular y sigue siendo una de las canciones más reconocibles de Eurythmics.;https://es.wikipedia.org/wiki/Sweet_Dreams_(Are_Made_of_This)
10;es;¿Qué artista estadounidense interpretó brillantemente el título « Billie Jean » ?;Michael Jackson;George Michael;Lionel Richie;Stevie Wonder;Débutant;Este título legendario fue escrito y compuesto por el propio Michael Jackson, producido por Quincy Jones y coproducido por Michael Jackson.;https://es.wikipedia.org/wiki/Billie_Jean
11;es;¿Cuál de estos títulos le debemos al grupo Frankie Goes To Hollywood ?;« Relax »;« Peace »;« Cool »;« Zen »;Confirmé;« Relax » es el primer sencillo importante del grupo inglés de synth-pop Frankie Goes To Hollywood, lanzado en el Reino Unido en 1983.;https://es.wikipedia.org/wiki/Relax_(canción)
12;es;¿Cuál es el título del tercer sencillo del grupo « Alphaville » ?;« Forever Young »;« Forever Love »;« Forever Blue »;« Forever Alive »;Confirmé;El sencillo de Alphaville tuvo más éxito en Estados Unidos que en el Reino Unido, pero no logró llegar al top 40 de Estados Unidos.;https://es.wikipedia.org/wiki/Forever_Young_(canción_de_Alphaville)
13;es;¿Cuál es probablemente el título más conocido del cantante Gérard Blanc ?;Otra historia;Otro asunto;Otra mujer;Otra vida;Confirmé;El título se convirtió en un éxito rotundo en Francia durante el verano de 1987 y ha sido versionado por varios artistas a lo largo de los años.;
14;es;¿Gracias a qué éxito inició su carrera el cantante belga Claude Barzotti ?;« Señora »;« Señor »;« Señorita »;« Miss »;Confirmé;El cantante inició su carrera musical en Francia en 1981 con su canción « Madame », que vendió 400.;
15;es;¿Qué cantante cantó « Let's Dance », del álbum del mismo nombre ?;David Bowie;Mick Jagger;John Lennon;Rod Stewart;Confirmé;Este éxito de 1983 convirtió a David Bowie en una superestrella importante, y « Let's Dance » sigue siendo el álbum más vendido del artista.;https://es.wikipedia.org/wiki/Let's_Dance_(canción_de_David_Bowie)
16;es;¿Qué cantante pop franco-alemán interpretó la canción « Around My Heart » ?;sandra;Nena;Joan Báez;Kate Bush;Confirmé;La canción de Sandra (o Sandra Cretu) fue lanzada en la primavera de 1989 y alcanzó el top 20 en Alemania y Suiza.;https://es.wikipedia.org/wiki/Sandra_(cantante)
17;es;¿Qué grupo lanzó el éxito « Chiquitita », del álbum « Voulez-Vous » ?;ABBA;The Pointer Sisters;Blondie;Bananarama;Confirmé;« Chiquitita » fue lanzado en enero de 1979 como sencillo principal del álbum « Voulez-Vous » (1979), el sexto álbum del grupo.;https://es.wikipedia.org/wiki/Chiquitita
18;es;¿Qué banda de pop rock alemana lanzó el éxito « 99 Luftballons » ?;Nena;Durán Durán;A-HA;Alphaville;Confirmé;Esta canción del grupo alemán Nena, bastante comprometido con la Guerra Fría, lanzada en 1983, fue un éxito internacional.;https://es.wikipedia.org/wiki/99_Luftballons
19;es;¿Qué artista, fallecido en un accidente de helicóptero, interpretó el éxito « L'Aziza » ?;Daniel Balavoine;Michel Berger;Marc Lavoine;Enrico Macías;Confirmé;Con esta canción, Daniel Balavoine ha querido rendir un bonito homenaje a su esposa Corinne, de origen judío marroquí.;
20;es;¿El título « Why ? » fue escrito y compuesto por qué grupo británico ?;Bronski Beat;Queen;Survivor;Alphaville;Confirmé;En 1983, Jimmy Somerville cofundó el grupo Bronski Beat, obteniendo éxitos en las listas británicas.;https://es.wikipedia.org/wiki/Why ?_(canción_de_Bronski_Beat)
21;es;¿A qué grupo le debemos « We Are the Champions », utilizado en el mundo del deporte ?;Queen;ACDC;Trust;Telephone;Expert;Esta canción se ha hecho popular en el mundo del deporte, en el fútbol y en el cricket, y saluda a numerosos títulos deportivos.;https://es.wikipedia.org/wiki/We_Are_the_Champions
22;es;¿Qué grupo francés nos hizo bailar con « Les Démons de minuit » ?;Images;Fotos;Dibujos;Mesas;Expert;En Francia, el título « Les Démons de minuit » vendió más de 1,5 millones de copias y obtuvo el disco de platino.;
23;es;¿Qué banda irlandesa lanzó el éxito « Sunday Bloody Sunday » ?;U2;Depeche Mode;Supertramp;The Cure;Expert;Este éxito fue clasificado en 2004 por la revista Rolling Stone en el puesto 268 de la lista de las 500 mejores canciones de todos los tiempos.;https://es.wikipedia.org/wiki/Sunday_Bloody_Sunday
24;es;¿Cuál es el éxito más famoso de la cantante estadounidense Laura Branigan ?;« Self Control »;« Self Service »;« Self Defense »;« Self Garage »;Expert;Esta versión fue la canción más popular en toda Europa durante el verano de 1984 y también fue la canción del año en Suiza.;https://es.wikipedia.org/wiki/Self_Control_(canción_de_Raf)
25;es;¿Qué cantante está asociado con el título « Girls Just Want To Have Fun » ?;Cyndi Lauper;Madonna;Sandra;Whitney Houston;Expert;Logró un éxito internacional, alcanzando el número uno en Canadá, Australia, Irlanda, Noruega y Nueva Zelanda.;https://es.wikipedia.org/wiki/Girls_Just_Want_to_Have_Fun
26;es;¿Qué éxito global permitió a Patrick Hernández convertirse en pensionado ?;Nacido para estar vivo;Ser Tres;Nacido para cantar;Nacido de alguien;Expert;El sencillo fue un gran éxito en Europa, donde alcanzó el número uno en Austria, Suecia, Noruega y Francia.;
27;es;¿A quién le debemos « Eye of the Tiger », incluido en la banda sonora de la película « Rocky III » ?;Survivor;I Will Survive;Survive;Fight to Survive;Expert;A petición de Sylvester Stallone, la canción fue lanzada el 29 de mayo de 1982 con motivo del estreno de la película « Rocky 3 : Eye of the Tiger ».;https://es.wikipedia.org/wiki/Eye_of_the_Tiger
28;es;¿Qué grupo interpretó « L'Aventurier », publicado en el álbum homónimo en 1982 ?;Indochine;Gold;IAM;Los Forban;Expert;Este segundo sencillo del grupo ayudó a lanzar las carreras de los miembros del grupo Indochine en los años 1980.;
29;es;¿Cuál de estas canciones es una balada de Prince and The Revolution ?;« Purple Rain »;« My umbrella »;« Rain on Me »;« Rain »;Expert;Este tercer sencillo lleva el mismo título que el álbum y la película (que fue un éxito), estrenándose todos los medios en 1984.;https://es.wikipedia.org/wiki/Purple_Rain_(canción)
30;es;¿Qué jefe musical nos confirmó que « Born in the USA » ?;Bruce Springsteen;Stevie Wonder;Bob Dylan;Paul McCartney;Expert;La canción evoca el regreso a casa de un veterano de la guerra de Vietnam y el rechazo que sufrió por parte de sus conciudadanos.;https://es.wikipedia.org/wiki/Born_in_the_U.S.A._(canción)
1;it;Chi ha eseguito la hit « Macumba », una canzone pubblicata nel febbraio 1985 ?;Jean-Pierre Mader;Dave;Renaud;Jairo;Débutant;Questo titolo riscosse un notevole successo commerciale, raggiungendo il terzo posto nella Top 50 e diventando la hit dell'estate 1985.;
2;it;Quale cantante britannico ha eseguito la hit « Kids in America » ?;Kim Wilde;Kim Carnes;Madonna;Bonnie Thyler;Débutant;« Kids in America » fu pubblicato nel Regno Unito come primo singolo nel gennaio 1981 e negli Stati Uniti nella primavera del 1982.;https://it.wikipedia.org/wiki/Kim_Wilde
3;it;Quale gruppo dance-pop francese ha pubblicato la hit « Nuit de Folie » ?;Prima serata;David e Jonathan;Ragazza taxi;Niagara;Débutant;In Francia, il titolo « Nuit de Folie » è diventato il successo estivo dell'anno, rimanendo in testa alle classifiche per più di due mesi.;
4;it;Quale gruppo hard rock tedesco ha eseguito la ballata « Still loving you » ?;Scorpioni;U2;ACDC;Dire Straits;Débutant;È stato in Europa che la ballata « Still loving you » ha avuto più successo, raggiungendo la top 5 in molti paesi.;https://it.wikipedia.org/wiki/Scorpions
5;it;Quale band tedesca new wave/synthpop ha eseguito « You're My Heart, You're My Soul » ?;Modern Talking;Dead or Alive;Depeche Mode;Aerosmith;Débutant;È considerato il singolo più venduto del gruppo fino ad oggi, superando oggi gli otto milioni di copie.;https://it.wikipedia.org/wiki/Modern_Talking
6;it;Quale gruppo ha eseguito la hit « Wake Me Up Before You Go-Go » ?;Wham!;FGTH;ABBA;Supertramp;Débutant;Il singolo del duo inglese è stato certificato disco di platino negli Stati Uniti, con vendite di oltre due milioni di copie.;https://it.wikipedia.org/wiki/Wake_Me_Up_Before_You_Go-Go
7;it;Quale artista ha cantato « Africa », pubblicato nel suo album « Unreasonable » ?;Rosa Laurens;Desireless;Julie Pietri;Zazie;Débutant;Conosciuta per il suo singolo « Africa » uscito nel 1982, Rose Laurens è famosa anche per aver interpretato il personaggio di Fantine.;
8;it;Quale gruppo rock svedese ha cantato « The Final Countdown » ?;Europe;ACDC;Scorpions;Trust;Débutant;Il video musicale di Nick Morris, realizzato per promuovere il singolo, è stato visto più di un miliardo di volte sulla piattaforma YouTube.;https://it.wikipedia.org/wiki/The_Final_Countdown_(singolo)
9;it;Quale gruppo musicale ha eseguito « Sweet Dreams (Are Made of This) » ?;Eurythmics;Europe;Sister Sledge;Sweet Sensation;Débutant;Questa traccia divenne particolarmente popolare e rimane una delle canzoni più riconoscibili degli Eurythmics.;https://it.wikipedia.org/wiki/Sweet_Dreams_(Are_Made_of_This)
10;it;Quale artista americana ha interpretato brillantemente il titolo « Billie Jean » ?;Michael Jackson;George Michael;Lionel Richie;Stevie Wonder;Débutant;Questo titolo leggendario è stato scritto e composto dallo stesso Michael Jackson, prodotto da Quincy Jones e coprodotto da Michael Jackson.;https://it.wikipedia.org/wiki/Billie_Jean
11;it;Quale di questi titoli dobbiamo al gruppo Frankie Goes To Hollywood ?;« Relax »;« Peace »;« Cool »;« Zen »;Confirmé;« Relax » è il primo singolo major del gruppo synth-pop inglese Frankie Goes To Hollywood, pubblicato nel Regno Unito nel 1983.;https://it.wikipedia.org/wiki/Relax_(Frankie_Goes_to_Hollywood)
12;it;Qual è il titolo del terzo singolo del gruppo « Alphaville » ?;« Forever Young »;« Forever Love »;« Forever Blue »;« Forever Alive »;Confirmé;Il singolo degli Alphaville ebbe più successo negli Stati Uniti che nel Regno Unito, ma non riuscì a raggiungere la top 40 degli Stati Uniti.;https://it.wikipedia.org/wiki/Forever_Young_(singolo_Alphaville)
13;it;Qual è probabilmente il titolo più noto del cantante Gérard Blanc ?;Un'altra storia;Un'altra vicenda;Un'altra donna;Un'altra vita;Confirmé;Il titolo ha avuto un successo strepitoso in Francia durante l'estate del 1987 ed è stato ripreso da diversi artisti nel corso degli anni.;
14;it;Grazie a quale successo il cantante belga Claude Barzotti ha iniziato la sua carriera ?;« Signora »;« Signore »;« Signorina »;« Miss »;Confirmé;Il cantante ha iniziato la sua carriera musicale in Francia nel 1981 con la sua canzone « Madame », che ha venduto 400.;https://it.wikipedia.org/wiki/Claude_Barzotti
15;it;Quale cantante ha cantato « Let's Dance », dall'album omonimo ?;David Bowie;Mick Jagger;John Lennon;Rod Stewart;Confirmé;Questo successo del 1983 ha reso David Bowie una grande superstar, e « Let's Dance » è rimasto l'album più venduto dell'artista.;https://it.wikipedia.org/wiki/Let's_Dance_(singolo_David_Bowie)
16;it;Quale cantante pop franco-tedesca ha eseguito la canzone « Around My Heart » ?;Sandra;Nena;Joan Baez;Kate Bush;Confirmé;La canzone di Sandra (o Sandra Cretu) è stata pubblicata nella primavera del 1989 ed è stata una delle prime 20 hit in Germania e Svizzera.;https://it.wikipedia.org/wiki/Sandra_(cantante)
17;it;Quale gruppo ha pubblicato la hit « Chiquitita », dall'album « Voulez-Vous » ?;ABBA;The Pointer Sisters;Blondie;Bananarama;Confirmé;« Chiquitita » fu pubblicato nel gennaio 1979 come primo singolo estratto dall'album « Voulez-Vous » (1979), il sesto album del gruppo.;https://it.wikipedia.org/wiki/Chiquitita
18;it;Quale gruppo pop rock tedesco ha pubblicato la hit « 99 Luftballons » ?;Nena;Duran Duran;A-HA;Alphaville;Confirmé;Questa canzone del gruppo tedesco Nena, molto devoto alla Guerra Fredda, pubblicata nel 1983, è stata un successo internazionale.;https://it.wikipedia.org/wiki/99_Luftballons
19;it;Quale artista, morto in un incidente in elicottero, ha eseguito la hit « L'Aziza » ?;Daniel Balavoine;Michel Berger;Marc Lavoine;Enrico Macias;Confirmé;Con questa canzone, Daniel Balavoine ha voluto rendere un bellissimo omaggio a sua moglie Corinne, di origine ebrea marocchina.;
20;it;Il titolo « Perché ? » è stato scritto e composto da quale gruppo britannico ?;Bronski Beat;Queen;Survivor;Alphaville;Confirmé;Nel 1983, Jimmy Somerville ha co-fondato il gruppo Bronski Beat, ottenendo successi nelle classifiche britanniche.;https://it.wikipedia.org/wiki/Why ?_(Bronski_Beat)
21;it;A quale gruppo dobbiamo « We Are the Champions », utilizzato nel mondo dello sport ?;Queen;ACDC;Trust;Telephone;Expert;Questa canzone è diventata popolare nel mondo dello sport, nel calcio e nel cricket, e saluta molti titoli sportivi.;https://it.wikipedia.org/wiki/We_Are_the_Champions
22;it;Quale gruppo francese ci ha fatto ballare con « Les Démons de minuit » ?;Images;Immagini;Disegni;Tabelle;Expert;In Francia, il titolo « Les Démons de minuit » ha venduto più di 1,5 milioni di copie ed è stato certificato disco di platino.;
23;it;Quale band irlandese ha pubblicato la hit « Sunday Bloody Sunday » ?;U2;Depeche Mode;Supertramp;The Cure;Expert;Questo successo è stato classificato nel 2004 dalla rivista Rolling Stone al 268° posto nella lista delle 500 più grandi canzoni di tutti i tempi.;https://it.wikipedia.org/wiki/Sunday_Bloody_Sunday_(U2)
24;it;Qual è la hit più famosa della cantante americana Laura Branigan ?;« Self Control »;« Self Service »;« Self Defense »;« Self Garage »;Expert;Questa versione è stata la canzone più popolare in tutta Europa durante l'estate del 1984 ed è stata anche la canzone dell'anno in Svizzera.;https://it.wikipedia.org/wiki/Self_Control_(singolo_Raf)
25;it;A quale cantante è associato il titolo « Girls Just Want To Have Fun » ?;Cyndi Lauper;Madonna;Sandra;Whitney Houston;Expert;Ha raggiunto il successo internazionale, raggiungendo il numero uno in Canada, Australia, Irlanda, Norvegia e Nuova Zelanda.;https://it.wikipedia.org/wiki/Girls_Just_Want_to_Have_Fun
26;it;Quale successo globale ha permesso a Patrick Hernandez di diventare un pensionato ?;Nato per essere vivo;Essere tre;Nato per cantare;Nato da qualcuno;Expert;Il singolo ebbe un enorme successo in Europa dove raggiunse il numero uno in Austria, Svezia, Norvegia e Francia.;https://it.wikipedia.org/wiki/Born_to_Be_Alive
27;it;A chi dobbiamo « Eye of the Tiger », incluso nella colonna sonora del film « Rocky III » ?;Survivor;I Will Survive;Survive;Fight to Survive;Expert;Su richiesta di Sylvester Stallone, la canzone fu pubblicata il 29 maggio 1982 in occasione dell'uscita del film « Rocky 3 : Eye of the Tiger ».;https://it.wikipedia.org/wiki/Eye_of_the_Tiger_(singolo)
28;it;Quale gruppo ha eseguito « L'Aventurier », pubblicato nell'album omonimo nel 1982 ?;Indochine;Gold;IAM;I Forbani;Expert;Questo secondo singolo del gruppo ha contribuito a lanciare le carriere dei membri del gruppo Indochine negli anni '80.;
29;it;Quale di queste canzoni è una ballata di Prince e The Revolution ?;« Purple Rain »;« My umbrella »;« Rain on Me »;« Rain »;Expert;Questo terzo singolo porta lo stesso titolo dell'album e del film (che fu un successo), tutti pubblicati nel 1984.;https://it.wikipedia.org/wiki/Purple_Rain_(singolo)
30;it;Quale capo della musica ci ha confermato di essere « Born in the USA » ?;Bruce Springsteen;Stevie Wonder;Bob Dylan;Paul McCartney;Expert;La canzone evoca il ritorno a casa di un veterano della guerra del Vietnam e il rifiuto che subì da parte dei suoi concittadini.;https://it.wikipedia.org/wiki/Born_in_the_U.S.A._(brano_musicale)
1;nl;Wie zong de hit « Macumba », een nummer dat in februari 1985 werd uitgebracht ?;Jean-Pierre Mader;Dave;Renaud;Jairo;Débutant;Deze titel kende aanzienlijk commercieel succes, bereikte de derde plaats in de Top 50 en werd de hit van de zomer van 1985.;
2;nl;Welke Britse zanger zong de hit « Kids in America » ?;Kim Wilde;Kim Carnes;Madonna;Bonnie Thyler;Débutant;\u003cI\u003eKids in America » werd in januari 1981 als eerste single in het Verenigd Koninkrijk uitgebracht, en in de lente van 1982 in de Verenigde Staten.;https://nl.wikipedia.org/wiki/Kim_Wilde
3;nl;Welke Franse dance-popgroep bracht de hit « Nuit de Folie » uit ?;Vroege avond;David en Jonathan;Taximeisje;Niagara;Débutant;In Frankrijk werd de titel « Nuit de Folie » de zomerhit van het jaar en stond hij ruim twee maanden bovenaan de hitlijsten.;
4;nl;Welke Duitse hardrockband speelde de ballad « Still loving you » ?;Schorpioenen;U2;ACDC;Dire Straits;Débutant;Het was in Europa dat de ballad « Still loving you » het meest succesvol was en in veel landen de top 5 bereikte.;https://nl.wikipedia.org/wiki/Scorpions
5;nl;Welke Duitse new wave/synthpopband speelde « You're My Heart, You're My Soul » ?;Modern praten;Dood of levend;Depeche Mode;Aerosmith;Débutant;Het wordt tot nu toe beschouwd als de best verkochte single van de groep, met momenteel meer dan acht miljoen exemplaren.;https://nl.wikipedia.org/wiki/Modern_Talking
6;nl;Welke groep zong de hit « Wake Me Up Before You Go-Go » ?;Wham!;FGTH;ABBA;Supertramp;Débutant;De single van het Engelse duo werd platina in de Verenigde Staten, met een verkoop van meer dan twee miljoen exemplaren.;https://nl.wikipedia.org/wiki/Wake_Me_Up_Before_You_Go-Go
7;nl;Welke artiest zong « Africa », uitgebracht op haar album « Unreasonable » ?;Roos Laurens;Desireless;Julie Pietri;Zazie;Débutant;Rose Laurens staat bekend om haar single « Africa », uitgebracht in 1982, en staat ook bekend om het spelen van het personage Fantine.;
8;nl;Welke Zweedse rockband zong « The Final Countdown » ?;Europe;ACDC;Schorpioenen;Trust;Débutant;De videoclip van Nick Morris, gemaakt ter promotie van de single, is meer dan een miljard keer bekeken op het YouTube-platform.;https://nl.wikipedia.org/wiki/The_Final_Countdown_(single)
9;nl;Welke muziekgroep voerde « Sweet Dreams (Are Made of This) » uit ?;Eurythmics;Europa;Sister Sledge;Sweet Sensation;Débutant;Dit nummer werd bijzonder populair en blijft een van de meest herkenbare nummers van Eurythmics.;https://nl.wikipedia.org/wiki/Sweet_Dreams_(Are_Made_of_This)_(single)
10;nl;Welke Amerikaanse kunstenaar interpreteerde op briljante wijze de titel « Billie Jean » ?;Michael Jackson;George Michael;Lionel Richie;Stevie Wonder;Débutant;Deze legendarische titel is geschreven en gecomponeerd door Michael Jackson zelf, geproduceerd door Quincy Jones en gecoproduceerd door Michael Jackson.;https://nl.wikipedia.org/wiki/Billie_Jean
11;nl;Welke van deze titels hebben we te danken aan de groep Frankie Goes To Hollywood ?;« Relax »;« Peace »;« Cool »;« Zen »;Confirmé;« Relax » is de eerste grote single van de Engelse synthpopgroep Frankie Goes To Hollywood, uitgebracht in het Verenigd Koninkrijk in 1983.;https://nl.wikipedia.org/wiki/Relax_(single)
12;nl;Wat is de titel van de derde single van de groep « Alphaville » ?;« Forever Young »;« Forever Love »;« Forever Blue »;« Forever Alive »;Confirmé;De single van Alphaville was succesvoller in de VS dan in Groot-Brittannië, maar haalde de Amerikaanse top 40 niet.;https://nl.wikipedia.org/wiki/Forever_Young_(single_van_Alphaville)
13;nl;Wat is waarschijnlijk de bekendste titel van zanger Gérard Blanc ?;Nog een verhaal;Een andere affaire;Een andere vrouw;Een ander leven;Confirmé;De titel werd in de zomer van 1987 een doorslaand succes in Frankrijk en is in de loop der jaren door verschillende artiesten gecoverd.;
14;nl;Dankzij welke hit begon de Belgische zanger Claude Barzotti zijn carrière ?;« Mevrouw »;« Meneer »;« Mevrouw »;« Miss »;Confirmé;De zanger begon zijn muzikale carrière in 1981 in Frankrijk met zijn nummer « Madame », waarvan 400.;https://nl.wikipedia.org/wiki/Claude_Barzotti
15;nl;Welke zanger zong « Let's Dance », van het gelijknamige album ?;David Bowie;Mick Jagger;John Lennon;Rod Stewart;Confirmé;Deze hit uit 1983 maakte van David Bowie een grote superster, waarbij « Let's Dance » het best verkochte album van de artiest bleef.;https://nl.wikipedia.org/wiki/Let's_Dance_(nummer_van_David_Bowie)
16;nl;Welke Frans-Duitse popzanger zong het nummer « Around My Heart » ?;Sandra;Nena;Joan Baez;Kate Bush;Confirmé;Het nummer van Sandra (of Sandra Cretu) kwam uit in het voorjaar van 1989 en was een top 20-hit in Duitsland en Zwitserland.;https://nl.wikipedia.org/wiki/Sandra_(zangeres)
17;nl;Welke groep bracht de hit « Chiquitita » uit, van het album « Voulez-Vous » ?;ABBA;The Pointer Sisters;Blondie;Bananarama;Confirmé;« Chiquitita » werd in januari 1979 uitgebracht als de eerste single van het album « Voulez-Vous » (1979), het zesde album van de groep.;https://nl.wikipedia.org/wiki/Chiquitita
18;nl;Welke Duitse poprockband heeft de hit « 99 Luftballons » uitgebracht ?;Nena;Duran Duran;A-HA;Alphaville;Confirmé;Dit nummer van de Duitse groep Nena, zeer betrokken bij de Koude Oorlog, uitgebracht in 1983, was een internationaal succes.;https://nl.wikipedia.org/wiki/99_Luftballons
19;nl;Welke artiest, omgekomen bij een helikopterongeluk, zong de hit « L'Aziza » ?;Daniel Balavoine;Michel Berger;Marc Lavoine;Enrico Macias;Confirmé;Met dit lied wilde Daniel Balavoine een mooi eerbetoon brengen aan zijn vrouw Corinne, van Marokkaans-Joodse afkomst.;
20;nl;Door welke Britse groep werd de titel « Why ? » geschreven en gecomponeerd ?;Bronski Beat;Queen;Survivor;Alphaville;Confirmé;In 1983 was Jimmy Somerville medeoprichter van de groep Bronski Beat, die hits scoorde in de Britse hitlijsten.;https://nl.wikipedia.org/wiki/Why ?_(Bronski_Beat)
21;nl;Aan welke groep hebben we « We Are the Champions » te danken, gebruikt in de sportwereld ?;Queen;ACDC;Trust;Telephone;Expert;Dit lied is populair geworden in de sportwereld, in voetbal en cricket, en begroet vele sporttitels.;https://nl.wikipedia.org/wiki/We_Are_the_Champions
22;nl;Welke Franse groep liet ons dansen met « Les Démons de minuit » ?;Images;Afbeeldingen;Tekeningen;Tabellen;Expert;In Frankrijk werden van de titel « Les Démons de minuit » meer dan 1,5 miljoen exemplaren verkocht en werd platina behaald.;
23;nl;Welke Ierse band bracht de hit « Sunday Bloody Sunday » uit ?;U2;Depeche Mode;Supertramp;De remedie;Expert;Deze hit werd in 2004 door het tijdschrift Rolling Stone gerangschikt als 268e op de lijst van de 500 beste nummers aller tijden.;https://nl.wikipedia.org/wiki/Sunday_Bloody_Sunday_(U2)
24;nl;Welke hit is de bekendste van de Amerikaanse zangeres Laura Branigan ?;« Self Control »;« Self Service »;\u003cI\u003eZelfverdediging »;« Self Garage »;Expert;Deze versie was in de zomer van 1984 het populairste nummer in heel Europa en was ook het nummer van het jaar in Zwitserland.;https://nl.wikipedia.org/wiki/Self_Control
25;nl;Welke zanger hoort bij de titel « Girls Just Want To Have Fun » ?;Cyndi Lauper;Madonna;Sandra;Whitney Houston;Expert;Het behaalde internationaal succes en bereikte nummer één in Canada, Australië, Ierland, Noorwegen en Nieuw-Zeeland.;https://nl.wikipedia.org/wiki/Girls_Just_Want_to_Have_Fun_(nummer)
26;nl;Door welke wereldwijde hit kon Patrick Hernandez lijfrentetrekker worden ?;Geboren om te leven;Drie zijn;Geboren om te zingen;Geboren voor iemand;Expert;De single was een groot succes in Europa, waar hij nummer één bereikte in Oostenrijk, Zweden, Noorwegen en Frankrijk.;https://nl.wikipedia.org/wiki/Born_to_Be_Alive_(nummer)
27;nl;Aan wie hebben we « Eye of the Tiger » te danken, opgenomen in de soundtrack van de film « Rocky III » ?;Survivor;Ik zal overleven;Survive;Fight to Survive;Expert;Op verzoek van Sylvester Stallone werd het nummer op 29 mei 1982 uitgebracht ter gelegenheid van de release van de film « Rocky 3 : Eye of the Tiger ».;https://nl.wikipedia.org/wiki/Eye_of_the_Tiger
28;nl;Welke groep voerde « L'Aventurier » uit, uitgebracht op het gelijknamige album in 1982 ?;Indochine;Goud;IAM;De Forbans;Expert;Deze tweede single van de groep hielp in de jaren tachtig de carrières van de leden van de groep Indochine op gang te brengen.;
29;nl;Welke van deze nummers is een ballad van Prince en The Revolution ?;« Purple Rain »;« My umbrella »;« Rain on Me »;« Rain »;Expert;Deze derde single draagt dezelfde titel als het album en de film (die een succes was), alle media verschenen in 1984.;https://nl.wikipedia.org/wiki/Purple_Rain_(nummer)
30;nl;Welke muziekbaas heeft ons bevestigd dat hij « Born in the USA » is ?;Bruce Springsteen;Stevie Wonder;Bob Dylan;Paul McCartney;Expert;Het lied roept de terugkeer naar huis op van een veteraan uit de Vietnamoorlog en de afwijzing die hij onderging van zijn medeburgers.;https://nl.wikipedia.org/wiki/Born_in_the_U.S.A._(nummer)
