1;fr;Quel type de code permet de déverrouiller la carte SIM de votre smartphone ?;PIN;PUK;IMEI;IBAN;Débutant;Ce code, souvent à quatre chiffres, est destiné à authentifier le titulaire d'une carte bancaire, d'une carte SIM ou d'une carte à puce.;https://fr.wikipedia.org/wiki/Code_PIN
2;fr;Quel est le premier smartphone et téléphone mobile à écran tactile de l'histoire ?;IBM Simon;iPhone EDGE;Nokia 3310;SH-100;Débutant;Le premier smartphone de l'histoire a été présenté le 16 novembre 1992 au au COMDEX de Las Vegas (Nevada), ancêtre du CES.;https://fr.wikipedia.org/wiki/IBM_Simon
3;fr;En quelle année a été commercialisé le tout premier smartphone ?;1994;1989;1999;2004;Débutant;En plus des fonctions de téléphonie cellulaire, l'IBM Simon était capable d'envoyer et recevoir des fax et faisait office de pager.;https://fr.wikipedia.org/wiki/IBM_Simon
4;fr;Quelle entreprise, faisant partie des GAFAM, a racheté Android en 2005 ?;Google;Microsoft;Amazon;Facebook;Débutant;Android est le système d'exploitation mobile le plus utilisé dans le monde, devant iOS d'Apple, avec plus de 80 % de parts de marché.;https://fr.wikipedia.org/wiki/Android
5;fr;Quel est le premier smartphone de la gamme iPhone d'Apple ?;EDGE;Max;Storm;G1;Débutant;Le développement du produit a commencé en 2005 et s'est poursuivi dans le plus grand secret jusqu'à son dévoilement public.;https://fr.wikipedia.org/wiki/IPhone_2G
6;fr;En France, depuis quand les smartphones sont-ils interdits dans les écoles ?;2018;2010;2013;2023;Débutant;Les adolescents ayant grandi durant les deux premières décennies du XXIe siècle ont bénéficié de l'influence des NTIC.;https://fr.wikipedia.org/wiki/Smartphone
7;fr;Quel terme désigne un piéton ayant les yeux rivés à son téléphone mobile ?;Smombie;Cracmol;Muggon;Chtonien;Débutant;Selon une étude menée en 2014, 17 % des piétons de grandes villes auraient un comportement à risque avec leur smartphone.;https://fr.wikipedia.org/wiki/Smombie
8;fr;Quel fut le premier opérateur téléphonique français à lancer son réseau mobile ?;France Telecom;SFR;Itineris;Bouygues Telecom;Débutant;Le 1er octobre 1991, France Telecom a débuté à Strasbourg une expérience-pilote de téléphonie sans-fil grand-public, en ville.;https://fr.wikipedia.org/wiki/France_Télécom
9;fr;Quel sigle est associé à la messagerie multimédia pour téléphone mobile ?;MMS;TDM;MDR;GSM;Débutant;Il étend les capacités des SMS, permettant de transmettre des photos, des enregistrements audio ainsi que de la vidéo.;https://fr.wikipedia.org/wiki/Multimedia_Messaging_Service
10;fr;Quelle zone géographique est parfois non desservie par un réseau cellulaire ?;Zone blanche;Zone vide;Zone creuse;Zone rouge;Débutant;Il s'agit souvent des zones les moins densément peuplées (typiquement les zones rurales), sans réel intérêt d'investissement.;https://fr.wikipedia.org/wiki/Zone_blanche
11;fr;Quel terme français est synonyme de roaming en téléphonie mobile ?;Itinérance;Nomadisme;Migration;Transhumance;Confirmé;Le roaming et le handover sont deux caractéristiques fondamentales des réseaux mobile de types GSM, UMTS, LTE ou 5G.;https://fr.wikipedia.org/wiki/Itinérance_(téléphonie)
12;fr;Quel est le nom du premier protocole de communication de l'internet mobile ?;WAP;WiMAX;POW;MobiNet;Confirmé;Il redéfinit le protocole HTTP, l'HTML et le JavaScript pour les adapter au monde des périphériques ayant un écran de taille réduite.;https://fr.wikipedia.org/wiki/Protocole_WAP
13;fr;Quel sigle désigne les opérateurs de téléphonie mobile sans réseau propre ?;MVNO;GLOCOM;OMNI;ACVN;Confirmé;En général, un MVNO représente une société indépendante de l'opérateur, ce qui lui permet de fixer ses tarifs propres.;https://fr.wikipedia.org/wiki/Opérateur_de_réseau_mobile_virtuel
14;fr;Quel opérateur français privé fut le premier à lancer son réseau mobile ?;SFR;France Telecom;Itineris;Bouygues Telecom;Confirmé;La Société Française du Radiotéléphone est une branche regroupant les activités télécoms du groupe luxembourgeois Altice France.;https://fr.wikipedia.org/wiki/SFR
15;fr;Quel est le composant le plus énergivore d'un smartphone ?;Écran;Antenne;Processeur;Mémoire vive;Confirmé;Les smartphones modernes ont des écrans assez impressionnants : plus ils emballent de pixels, plus ils consomment de puissance.;https://fr.wikipedia.org/wiki/Smartphone
16;fr;En quelle année le port USB-C fut-il imposé sur les smartphones ?;2024;2020;2022;2026;Confirmé;La directive sur le chargeur unique, qui a largement fait parler d'elle, a en effet été publiée au Journal officiel européen en 2023.;https://fr.wikipedia.org/wiki/USB_Type-C
17;fr;Quel pays a construit le plus grand nombre de smartphones en 2021 ?;Chine;Japon;Corée du sud;Taiwan;Confirmé;La Chine a contribué à 67 % de la production mondiale en 2021, les autres pays n'ayant pas compensé le déclin d'Huawei.;https://fr.wikipedia.org/wiki/Smartphone
18;fr;Quelle est la signification du premier S du sigle SMS ?;Short;Speedy;Swift;Secure;Confirmé;Dans certaines régions du monde comme l'Amérique du Nord, le Royaume-Uni ou les Philippines, on parle de messagerie texte.;https://fr.wikipedia.org/wiki/Short_Message_Service
19;fr;Quelle est la signification du S présent dans le sigle MMS ?;Service;System;Secure;Short;Confirmé;Il étend les capacités des SMS, permettant de transmettre des photos, des enregistrements audio ainsi que de la vidéo.;https://fr.wikipedia.org/wiki/Multimedia_Messaging_Service
20;fr;Quel seuil de recharge maximal est optimal pour la batterie de votre smartphone ?;85 %;65 %;75 %;95 %;Confirmé;Une batterie d'accumulateurs permet de stocker l'énergie électrique sous forme chimique et de la restituer en courant continu.;https://fr.wikipedia.org/wiki/Batterie_d'accumulateurs
21;fr;Lequel de ces acronymes ne désigne aucune des versions de la norme 2G ?;AMPS;GSM;GPRS;EDGE;Expert;AMPS est un sigle informatique, néologisme basé sur LAMP, reprenant les premières lettres de Apache, MySQL, PHP et Solaris.;https://fr.wikipedia.org/wiki/AMPS_(informatique)
22;fr;Lequel de ces acronymes ne désigne aucune des versions de la norme 3G ?;LTE;UMTS;HSPA;HSPA+;Expert;La norme LTE, définie par le consortium 3GPP, a d'abord été considérée comme une norme de troisième génération 3.9G.;https://fr.wikipedia.org/wiki/LTE_(réseaux_mobiles)
23;fr;Quel terme désigne le fait de remplacer le système d'exploitation de son mobile ?;Flash;Defrag;Format;Override;Expert;La téléphonie cellulaire est un moyen de télécommunication, plus précisément de radiocommunication, par téléphone mobile.;https://fr.wikipedia.org/wiki/Téléphonie_mobile
24;fr;Comment est appelé le fichier d'image d'un système d'exploitation mobile ?;ROM;iOS;RAR;RAM;Expert;Originellement, l'expression mémoire morte (en anglais, Read-Only Memory : ROM) désignait une mémoire informatique non volatile.;https://fr.wikipedia.org/wiki/Mémoire_morte
25;fr;Quel est le nom du premier smartphone pliable proposé au grand public ?;FlexPai;Galaxy X;Mate X3;Find N2;Expert;On attendait Samsung, et c'est finalement Royole qui a grillé la politesse à tout le monde, fabricant chinois de dalles flexibles.;https://fr.wikipedia.org/wiki/Téléphonie_mobile
26;fr;En quelle année est sortie la première version de « PUBG » sur mobile ?;2018;2012;2014;2016;Expert;Le jeu est en effet disponible sur iOS et Android gratuitement depuis mars 2018 sous le titre « PlayerUnknown's Battlegrounds Mobile ».;https://fr.wikipedia.org/wiki/PUBG_Mobile
27;fr;En quelle année est sortie la première version de « Clash of Clans » sur iOS ?;2012;2008;2010;2014;Expert;Ce jeu vidéo mobile de stratégie en temps réel massivement multijoueur est développé et édité par le studio finlandais Supercell.;https://fr.wikipedia.org/wiki/Clash_of_Clans
28;fr;En quelle année est sortie la première version de « Candy Crush Saga » sur mobile ?;2012;2006;2008;2010;Expert;« Candy Crush Saga » est préinstallé sur les appareils dotés de base de Windows 10, au même titre que « Solitaire » et « Démineur ».;https://fr.wikipedia.org/wiki/Candy_Crush_Saga
29;fr;En quelle année est sortie la première version de « Fruit Ninja » sur mobile ?;2010;2006;2008;2012;Expert;Développé par Halfbrick Studios, « Fruit Ninja » fait partie du kit de démarrage iOS et Xbox 360 (également adapté pour Kinect).;https://fr.wikipedia.org/wiki/Fruit_Ninja
30;fr;En quelle année est sortie la première version de « 8 Ball Pool » sur mobile ?;2010;2008;2012;2014;Expert;La version mobile de « 8 Ball Pool » est gérée par Miniclip, une société de jeux basée en Suisse, au Portugal, en Italie et en Angleterre.;https://fr.wikipedia.org/wiki/Téléphonie_mobile
1;en;What code unlocks the SIM card of your smartphone ?;PIN;PUK;IMEI;IBAN;Débutant;This code, often four digits, is intended to authenticate the holder of a bank card, a SIM card or a smart card.;https://en.wikipedia.org/wiki/Personal_identification_number
2;en;What is the first touchscreen smartphone and mobile phone in history ?;IBM Simon;iPhone EDGE;Nokia 3310;SH-100;Débutant;The first smartphone in history was presented on November 16, 1992 at COMDEX in Las Vegas (Nevada), ancestor of CES.;https://en.wikipedia.org/wiki/IBM_Simon
3;en;In what year was the very first smartphone released ?;1994;1989;1999;2004;Débutant;In addition to cell phone functions, the IBM Simon was capable of sending and receiving faxes and acted as a pager.;https://en.wikipedia.org/wiki/IBM_Simon
4;en;Which company, part of GAFAM, bought Android in 2005 ?;Google;Microsoft;Amazon;Facebook;Débutant;Android is the most widely used mobile operating system in the world, ahead of Apple's iOS, with over 80 % market share.;https://en.wikipedia.org/wiki/Android (operating system)
5;en;What is the first smartphone in Apple's iPhone line ?;EDGE;Max;Storm;G1;Débutant;Development of the product began in 2005 and continued under strict secrecy until its public unveiling.;https://en.wikipedia.org/wiki/IPhone_(1st_generation)
6;en;In France, since when are smartphones banned in schools ?;2018;2010;2013;2023;Débutant;Teenagers growing up in the first two decades of the 21st century have benefited from the influence of ICTs.;https://en.wikipedia.org/wiki/Smartphone
7;en;What term refers to a pedestrian staring at their mobile phone ?;Smombie;Cracmol;Muggon;Chtonien;Débutant;According to a study conducted in 2014, 17% of pedestrians in large cities behave at risk with their smartphone.;https://en.wikipedia.org/wiki/Smartphones and pedestrian safety
8;en;Which was the first French telephone operator to launch its mobile network ?;France Telecom;SFR;Itineris;Bouygues Telecom;Débutant;On October 1, 1991, France Telecom began a pilot experiment in wireless telephony for the general public in town in Strasbourg.;
9;en;What acronym is associated with multimedia messaging for mobile phones ?;MMS;TDM;MDR;GSM;Débutant;It extends the capabilities of SMS, allowing the transmission of photos, audio recordings as well as video.;https://en.wikipedia.org/wiki/Multimedia_Messaging_Service
10;en;What geographic area is sometimes not served by a cellular network ?;White area;Empty area;Hollow area;Red zone;Débutant;These are often the least densely populated areas (typically rural areas), with no real investment interest.;
11;en;Which French term is synonymous with roaming in mobile telephony ?;Roaming;Nomadism;Migration;Transhumance;Confirmé;Roaming and handover are two fundamental characteristics of mobile networks such as GSM, UMTS, LTE or 5G.;
12;en;What is the name of the first mobile internet communication protocol ?;WAP;WiFiMAX;POW;MobiNet;Confirmé;It redefines the HTTP protocol, HTML and JavaScript to adapt them to the world of devices with a small screen size.;https://en.wikipedia.org/wiki/Wireless_Application_Protocol
13;en;What is the acronym for mobile phone operators without their own network ?;MVNO;GLOCOM;OMNI;ACVN;Confirmé;In general, an MVNO represents a company independent of the operator, which allows it to set its own prices.;
14;en;Which French private operator was the first to launch its mobile network ?;SFR;France Telecom;Itineris;Bouygues Telecom;Confirmé;The Société Française du Radiotéléphone is a branch bringing together the telecom activities of the Luxembourg group Altice France.;https://en.wikipedia.org/wiki/SFR
15;en;What is the most energy-consuming component of a smartphone ?;Screen;Antenna;Processor;RAM;Confirmé;Modern smartphones have quite impressive screens : the more pixels they pack, the more power they consume.;https://en.wikipedia.org/wiki/Smartphone
16;en;In what year was the USB-C port imposed on smartphones ?;2024;2020;2022;2026;Confirmé;The much talked about Single Charger Directive was indeed published in the European Official Journal in 2023.;https://en.wikipedia.org/wiki/USB-C
17;en;Which country built the most smartphones in 2021 ?;China;Japan;South Korea;Taiwan;Confirmé;China contributed 67% of global production in 2021, with other countries failing to compensate for Huawei's decline.;https://en.wikipedia.org/wiki/Smartphone
18;en;What is the meaning of the first S of the acronym SMS ?;Shorts;Speedy;Swift;Secure;Confirmé;In some parts of the world such as North America, the United Kingdom or the Philippines, it is called text messaging.;https://en.wikipedia.org/wiki/SMS
19;en;What is the meaning of the S present in the acronym MMS ?;Service;System;Secure;Short;Confirmé;It extends the capabilities of SMS, allowing the transmission of photos, audio recordings as well as video.;https://en.wikipedia.org/wiki/Multimedia_Messaging_Service
20;en;What maximum recharge threshold is optimal for your smartphone battery ?;85%;65%;75%;95%;Confirmé;An accumulator battery makes it possible to store electrical energy in chemical form and to restore it in direct current.;https://en.wikipedia.org/wiki/Battery_pack
21;en;Which of these acronyms does not refer to any version of the 2G standard ?;AMPS;GSM;GPRS;EDGE;Expert;AMPS is a computer acronym, neologism based on LAMP, taking up the first letters of Apache, MySQL, PHP and Solaris.;
22;en;Which of these acronyms does not refer to any version of the 3G standard ?;LTE;UMTS;HSPA;HSPA+;Expert;The LTE standard, defined by the 3GPP consortium, was first considered a third-generation 3.9G.;
23;en;What term refers to the fact of replacing the operating system of his mobile ?;Flash;Defrag;Size;Overriding;Expert;Cellular telephony is a means of telecommunication, more precisely of radiocommunication, by mobile telephone.;
24;en;What is the image file of a mobile operating system called ?;ROM;iOS;RAR;RAM;Expert;Originally, the term Read-Only Memory (ROM) referred to non-volatile computer memory.;
25;en;What is the name of the first foldable smartphone offered to the general public ?;FlexPai;Galaxy X;Mate X3;Find N2;Expert;We were waiting for Samsung, and it was finally Royole who toasted everyone's politeness, a Chinese manufacturer of flexible panels.;
26;en;What year was the first version of « PUBG » released on mobile ?;2018;2012;2014;2016;Expert;The game is indeed available on iOS and Android for free since March 2018 under the title « PlayerUnknown's Battlegrounds Mobile ».;
27;en;What year was the first version of « Clash of Clans » released on iOS ?;2012;2008;2010;2014;Expert;This massively multiplayer real-time strategy mobile video game is developed and published by Finnish studio Supercell.;https://en.wikipedia.org/wiki/Clash_of_Clans
28;en;What year was the first version of « Candy Crush Saga » released on mobile ?;2012;2006;2008;2010;Expert;« Candy Crush Saga » comes pre-installed on devices with base Windows 10, along with « Solitaire » and « Minesweeper ».;https://en.wikipedia.org/wiki/Candy_Crush_Saga
29;en;What year was the first version of « Fruit Ninja » released on mobile ?;2010;2006;2008;2012;Expert;Developed by Halfbrick Studios, « Fruit Ninja » is part of the iOS and Xbox 360 starter kit (also suitable for Kinect).;https://en.wikipedia.org/wiki/Fruit_Ninja
30;en;What year was the first version of « 8 Ball Pool » released on mobile ?;2010;2008;2012;2014;Expert;The mobile version of « 8 Ball Pool » is operated by Miniclip, a game company based in Switzerland, Portugal, Italy and England.;
1;de;Welcher Code entsperrt die SIM-Karte Ihres Smartphones ?;PIN;PUK;IMEI;IBAN;Débutant;Dieser oft vierstellige Code dient der Authentifizierung des Inhabers einer Bankkarte, einer SIM-Karte oder einer Smartcard.;https://de.wikipedia.org/wiki/Persönliche_Identifikationsnummer
2;de;Was ist das erste Touchscreen-Smartphone und -Mobiltelefon der Geschichte ?;IBM Simon;iPhone EDGE;Nokia 3310;SH-100;Débutant;Das erste Smartphone der Geschichte wurde am 16. November 1992 auf der COMDEX in Las Vegas (Nevada), dem Vorläufer der CES, vorgestellt.;
3;de;In welchem Jahr wurde das allererste Smartphone veröffentlicht ?;1994;1989;1999;2004;Débutant;Zusätzlich zu den Mobiltelefonfunktionen war der IBM Simon in der Lage, Faxe zu senden und zu empfangen und fungierte als Pager.;
4;de;Welches Unternehmen, das zu GAFAM gehört, hat Android im Jahr 2005 gekauft ?;Google;Microsoft;Amazon;Facebook;Débutant;Android ist mit einem Marktanteil von über 80 % das am weitesten verbreitete mobile Betriebssystem der Welt, vor Apples iOS.;https://de.wikipedia.org/wiki/Android (Betriebssystem)
5;de;Was ist das erste Smartphone in Apples iPhone-Reihe ?;EDGE;Max;Storm;G1;Débutant;Die Entwicklung des Produkts begann im Jahr 2005 und wurde bis zu seiner öffentlichen Vorstellung unter strenger Geheimhaltung fortgesetzt.;https://de.wikipedia.org/wiki/IPhone_(1._Generation)
6;de;Seit wann sind in Frankreich Smartphones in Schulen verboten ?;2018;2010;2013;2023;Débutant;Jugendliche, die in den ersten beiden Jahrzehnten des 21. Jahrhunderts aufwuchsen, profitierten vom Einfluss der NIKT.;https://de.wikipedia.org/wiki/Smartphone
7;de;Welcher Begriff bezieht sich auf einen Fußgänger, der auf sein Mobiltelefon starrt ?;Smombie;Cracmol;Muggon;Chthonisch;Débutant;Laut einer Studie aus dem Jahr 2014 verhalten sich 17 % der Fußgänger in Großstädten mit ihrem Smartphone gefährdet.;https://de.wikipedia.org/wiki/Smombie
8;de;Welcher war der erste französische Telefonanbieter, der sein Mobilfunknetz eingeführt hat ?;France Telecom;SFR;itineris;Bouygues Telecom;Débutant;Am 1. Oktober 1991 startete France Telecom einen Pilotversuch zur drahtlosen Telefonie für die breite Öffentlichkeit in der Stadt Straßburg.;
9;de;Welches Akronym steht für Multimedia-Messaging für Mobiltelefone ?;MMS;TDM;MDR;GSM;Débutant;Es erweitert die Möglichkeiten von SMS und ermöglicht die Übertragung von Fotos, Audioaufnahmen sowie Videos.;https://de.wikipedia.org/wiki/Multimedia_Messaging_Service
10;de;Welches geografische Gebiet wird manchmal nicht von einem Mobilfunknetz bedient ?;Weißer Bereich;Leerer Bereich;Hohlraum;Rote Zone;Débutant;Dabei handelt es sich oft um die am dünnsten besiedelten Gebiete (typischerweise ländliche Gebiete), in denen es kein wirkliches Investitionsinteresse gibt.;https://de.wikipedia.org/wiki/Funkloch
11;de;Welcher französische Begriff steht für Roaming im Mobilfunk ?;Roaming;Nomadismus;Migration;Transhumanz;Confirmé;Roaming und Handover sind zwei grundlegende Merkmale von Mobilfunknetzen wie GSM, UMTS, LTE oder 5G.;
12;de;Wie heißt das erste mobile Internet-Kommunikationsprotokoll ?;WAP;WiFiMAX;POW;MobiNet;Confirmé;Es definiert das HTTP-Protokoll, HTML und JavaScript neu, um sie an die Welt der Geräte mit kleiner Bildschirmgröße anzupassen.;https://de.wikipedia.org/wiki/Wireless_Application_Protocol
13;de;Was ist die Abkürzung für Mobilfunkbetreiber ohne eigenes Netz ?;MVNO;GLOCOM;OMNI;ACVN;Confirmé;Im Allgemeinen stellt ein MVNO ein vom Betreiber unabhängiges Unternehmen dar, das ihm die Möglichkeit gibt, seine Preise selbst festzulegen.;
14;de;Welcher französische Privatbetreiber hat als erster sein Mobilfunknetz eingeführt ?;SFR;France Telecom;itineris;Bouygues Telecom;Confirmé;Die Société Française du Radiotéléphone ist eine Niederlassung, die die Telekommunikationsaktivitäten der luxemburgischen Gruppe Altice France bündelt.;https://de.wikipedia.org/wiki/SFR (Unternehmen)
15;de;Welche Komponente eines Smartphones verbraucht am meisten Energie ?;Bildschirm;Antenne;Prozessor;RAM;Confirmé;Moderne Smartphones verfügen über ziemlich beeindruckende Bildschirme : Je mehr Pixel sie packen, desto mehr Strom verbrauchen sie.;https://de.wikipedia.org/wiki/Smartphone
16;de;In welchem Jahr wurde der USB-C-Anschluss für Smartphones eingeführt ?;2024;2020;2022;2026;Confirmé;Die viel diskutierte Single-Charger-Richtlinie wurde tatsächlich im Jahr 2023 im Europäischen Amtsblatt veröffentlicht.;https://de.wikipedia.org/wiki/USB-C
17;de;Welches Land hat 2021 die meisten Smartphones gebaut ?;China;Japan;Südkorea;Taiwan;Confirmé;China trug im Jahr 2021 67 % zur Weltproduktion bei, während andere Länder den Rückgang von Huawei nicht ausgleichen konnten.;https://de.wikipedia.org/wiki/Smartphone
18;de;Was bedeutet das erste S des Akronyms SMS ?;Shorts;Schnell;Schnell;Sicher;Confirmé;In einigen Teilen der Welt, beispielsweise in Nordamerika, im Vereinigten Königreich oder auf den Philippinen, spricht man von Textnachrichten.;https://de.wikipedia.org/wiki/Short_Message_Service
19;de;Was bedeutet das S im Akronym MMS ?;Service;System;Secure;Short;Confirmé;Es erweitert die Möglichkeiten von SMS und ermöglicht die Übertragung von Fotos, Audioaufnahmen sowie Videos.;https://de.wikipedia.org/wiki/Multimedia_Messaging_Service
20;de;Welche maximale Ladeschwelle ist für den Akku Ihres Smartphones optimal ?;85 %;65 %;75 %;95 %;Confirmé;Ein Akkumulator ermöglicht es, elektrische Energie in chemischer Form zu speichern und in Gleichstrom umzuwandeln.;https://de.wikipedia.org/wiki/Akkupack
21;de;Welches dieser Akronyme bezieht sich auf keine Version des 2G-Standards ?;AMPS;GSM;GPRS;EDGE;Expert;AMPS ist ein Computer-Akronym, eine Neuschöpfung, die auf LAMP basiert und die Anfangsbuchstaben von Apache, MySQL, PHP und Solaris aufgreift.;
22;de;Welches dieser Akronyme bezieht sich auf keine Version des 3G-Standards ?;LTE;UMTS;HSPA;HSPA+;Expert;Der vom 3GPP-Konsortium definierte LTE-Standard galt zunächst als 3,9G-Standard der dritten Generation.;
23;de;Welcher Begriff bezieht sich auf die Tatsache, das Betriebssystem seines Mobiltelefons zu ersetzen ?;Blitz;Defragmentieren;Größe;Überschreiben;Expert;Mobilfunk ist ein Mittel der Telekommunikation, genauer gesagt der Funkkommunikation, per Mobiltelefon.;
24;de;Wie heißt die Image-Datei eines mobilen Betriebssystems ?;ROM;iOS;RAR;RAM;Expert;Ursprünglich bezog sich der Begriff Read-Only Memory (ROM) auf den nichtflüchtigen Computerspeicher.;
25;de;Wie heißt das erste faltbare Smartphone, das der breiten Öffentlichkeit angeboten wird ?;FlexPai;Galaxy X;Mate X3;Find N2;Expert;Wir warteten auf Samsung, und schließlich war es Royole, ein chinesischer Hersteller flexibler Panels, der auf die Höflichkeit aller anstieß.;
26;de;In welchem Jahr wurde die erste Version von « PUBG » auf Mobilgeräten veröffentlicht ?;2018;2012;2014;2016;Expert;Tatsächlich ist das Spiel seit März 2018 unter dem Titel « PlayerUnknown's Battlegrounds Mobile » kostenlos für iOS und Android erhältlich.;
27;de;In welchem Jahr wurde die erste Version von « Clash of Clans » auf iOS veröffentlicht ?;2012;2008;2010;2014;Expert;Dieses Massively-Multiplayer-Echtzeitstrategie-Mobilvideospiel wurde vom finnischen Studio Supercell entwickelt und veröffentlicht.;https://de.wikipedia.org/wiki/Clash_of_Clans
28;de;In welchem Jahr wurde die erste Version von « Candy Crush Saga » auf Mobilgeräten veröffentlicht ?;2012;2006;2008;2010;Expert;« Candy Crush Saga » ist auf Geräten mit Basis-Windows 10 vorinstalliert, zusammen mit « Solitaire » und « Minesweeper ».;https://de.wikipedia.org/wiki/Candy_Crush_Saga
29;de;In welchem Jahr wurde die erste Version von « Fruit Ninja » auf Mobilgeräten veröffentlicht ?;2010;2006;2008;2012;Expert;« Fruit Ninja » wurde von Halfbrick Studios entwickelt und ist Teil des iOS- und Xbox 360-Starterkits (auch für Kinect geeignet).;https://de.wikipedia.org/wiki/Fruit_Ninja
30;de;In welchem Jahr wurde die erste Version von « 8 Ball Pool » auf Mobilgeräten veröffentlicht ?;2010;2008;2012;2014;Expert;Die mobile Version von « 8 Ball Pool » wird von Miniclip betrieben, einem Spieleunternehmen mit Sitz in der Schweiz, Portugal, Italien und England.;
1;es;¿Qué código desbloquea la tarjeta SIM de tu smartphone ?;PIN;PUK;IMEI;IBAN;Débutant;Este código, a menudo de cuatro dígitos, está destinado a autenticar al titular de una tarjeta bancaria, una tarjeta SIM o una tarjeta inteligente.;https://es.wikipedia.org/wiki/Número_de_identificación_personal
2;es;¿Cuál es el primer teléfono inteligente y teléfono móvil con pantalla táctil de la historia ?;IBM Simón;iPhone EDGE;Nokia 3310;SH-100;Débutant;El primer smartphone de la historia se presentó el 16 de noviembre de 1992 en el COMDEX de Las Vegas (Nevada), antecesor del CES.;https://es.wikipedia.org/wiki/IBM_Simon
3;es;¿En qué año se lanzó el primer teléfono inteligente ?;1994;1989;1999;2004;Débutant;Además de las funciones del teléfono celular, IBM Simon era capaz de enviar y recibir faxes y actuaba como un buscapersonas.;https://es.wikipedia.org/wiki/IBM_Simon
4;es;¿Qué empresa, parte de GAFAM, compró Android en 2005 ?;Google;microsoft;Amazon;Facebook;Débutant;Android es el sistema operativo móvil más utilizado en el mundo, por delante de iOS de Apple, con más del 80 % de cuota de mercado.;https://es.wikipedia.org/wiki/Android
5;es;¿Cuál es el primer teléfono inteligente en la línea de iPhone de Apple ?;EDGE;Max;Storm;G1;Débutant;El desarrollo del producto comenzó en 2005 y continuó bajo estricto secreto hasta su presentación pública.;https://es.wikipedia.org/wiki/IPhone_(1.ª_generación)
6;es;En Francia, ¿desde cuándo están prohibidos los teléfonos inteligentes en las escuelas ?;2018;2010;2013;2023;Débutant;Los adolescentes que crecieron en las dos primeras décadas del siglo XXI se han beneficiado de la influencia de las TIC.;https://es.wikipedia.org/wiki/Teléfono inteligente
7;es;¿Qué término se refiere a un peatón mirando su teléfono móvil ?;Smombie;Cracmol;Muggon;Chtonien;Débutant;Según un estudio realizado en 2014, el 17% de los peatones de las grandes ciudades se comportan de forma arriesgada con su smartphone.;https://es.wikipedia.org/wiki/Smombie
8;es;¿Cuál fue el primer operador de telefonía francés en lanzar su red móvil ?;Francia Telecom;SFR;itineris;Bouygues Telecom;Débutant;El 1 de octubre de 1991, France Telecom inició una experiencia piloto de telefonía inalámbrica para el público en general en la ciudad de Estrasburgo.;
9;es;¿Qué acrónimo está asociado a la mensajería multimedia para teléfonos móviles ?;MMS;TDM;MDR;GSM;Débutant;Amplía las capacidades de SMS, permitiendo la transmisión de fotos, grabaciones de audio y video.;https://es.wikipedia.org/wiki/Servicio_de_mensajería_multimedia
10;es;¿Qué área geográfica a veces no está atendida por una red celular ?;Área blanca;Área vacía;Área hueca;Zona roja;Débutant;Estas son a menudo las áreas menos densamente pobladas (típicamente áreas rurales), sin ningún interés de inversión real.;
11;es;¿Qué término francés es sinónimo de roaming en telefonía móvil ?;Itinerancia;Nomadismo;Migración;Trashumancia;Confirmé;Roaming y handover son dos características fundamentales de las redes móviles como GSM, UMTS, LTE o 5G.;
12;es;¿Cuál es el nombre del primer protocolo de comunicación de Internet móvil ?;WAP;WiFiMAX;POW;MobiNet;Confirmé;Redefine el protocolo HTTP, HTML y JavaScript para adaptarlos al mundo de los dispositivos con un tamaño de pantalla pequeño.;https://es.wikipedia.org/wiki/Protocolo_de_aplicaciones_inalámbricas
13;es;¿Cuál es el acrónimo de operadores de telefonía móvil sin red propia ?;MVNO;GLOCOM;OMNI;ACVN;Confirmé;En general, un MVNO representa a una empresa independiente del operador, lo que le permite fijar sus propios precios.;
14;es;¿Qué operador privado francés fue el primero en lanzar su red móvil ?;SFR;Francia Telecom;itineris;Bouygues Telecom;Confirmé;La Société Française du Radiotéléphone es una rama que agrupa las actividades de telecomunicaciones del grupo luxemburgués Altice France.;https://es.wikipedia.org/wiki/SFR
15;es;¿Cuál es el componente que más energía consume de un teléfono inteligente ?;Pantalla;Antena;Procesador;RAM;Confirmé;Los teléfonos inteligentes modernos tienen pantallas bastante impresionantes : cuantos más píxeles contienen, más energía consumen.;https://es.wikipedia.org/wiki/Teléfono inteligente
16;es;¿En qué año se impuso el puerto USB-C en los smartphones ?;2024;2020;2022;2026;Confirmé;De hecho, la tan comentada Directiva de cargador único se publicó en el Diario Oficial Europeo en 2023.;https://es.wikipedia.org/wiki/USB-C
17;es;¿Qué país construyó la mayor cantidad de teléfonos inteligentes en 2021 ?;chino;Japón;Corea del Sur;Taiwán;Confirmé;China contribuyó con el 67% de la producción mundial en 2021, y otros países no lograron compensar el declive de Huawei.;https://es.wikipedia.org/wiki/Teléfono inteligente
18;es;¿Cuál es el significado de la primera S de las siglas SMS ?;Pantalones cortos;veloz;rápido;Seguro;Confirmé;En algunas partes del mundo, como América del Norte, el Reino Unido o Filipinas, se llama mensajería de texto.;https://es.wikipedia.org/wiki/Servicio_de_mensajes_cortos
19;es;¿Cuál es el significado de la S presente en las siglas MMS ?;Service;System;Secure;Short;Confirmé;Amplía las capacidades de SMS, permitiendo la transmisión de fotos, grabaciones de audio y video.;https://es.wikipedia.org/wiki/Servicio_de_mensajería_multimedia
20;es;¿Qué umbral máximo de recarga es óptimo para la batería de tu smartphone ?;85%;65%;75%;95%;Confirmé;Una batería de acumuladores permite almacenar energía eléctrica en forma química y restituirla en corriente continua.;
21;es;¿Cuál de estas siglas no se refiere a ninguna versión del estándar 2G ?;AMPS;GSM;GPRS;EDGE;Expert;AMPS es un acrónimo informático, neologismo basado en LAMP, que retoma las primeras letras de Apache, MySQL, PHP y Solaris.;
22;es;¿Cuál de estas siglas no se refiere a ninguna versión del estándar 3G ?;LTE;UMTS;HSPA;HSPA+;Expert;El estándar LTE, definido por el consorcio 3GPP, se consideró por primera vez como un estándar 3.9G.;
23;es;¿Qué término se refiere al hecho de reemplazar el sistema operativo de su móvil ?;Destello;Desfragmentación;Tamaño;Anulando;Expert;La telefonía celular es un medio de telecomunicación, más precisamente de radiocomunicación, por teléfono móvil.;
24;es;¿Cómo se llama el archivo de imagen de un sistema operativo móvil ?;ROM;iOS;RAR;RAM;Expert;Originalmente, el término memoria de solo lectura (ROM) se refería a la memoria de computadora no volátil.;
25;es;¿Cuál es el nombre del primer teléfono inteligente plegable ofrecido al público en general ?;FlexPai;Galaxy X;Mate X3;Find N2;Expert;Estábamos esperando a Samsung, y finalmente fue Royole quien brindó por la cortesía de todos, un fabricante chino de paneles flexibles.;
26;es;¿En qué año se lanzó la primera versión de « PUBG » para dispositivos móviles ?;2018;2012;2014;2016;Expert;De hecho, el juego está disponible en iOS y Android de forma gratuita desde marzo de 2018 bajo el título « PlayerUnknown's Battlegrounds Mobile ».;
27;es;¿En qué año se lanzó la primera versión de « Clash of Clans » en iOS ?;2012;2008;2010;2014;Expert;Este videojuego móvil de estrategia en tiempo real multijugador masivo es desarrollado y publicado por el estudio finlandés Supercell.;https://es.wikipedia.org/wiki/Clash_of_Clans
28;es;¿En qué año se lanzó la primera versión de « Candy Crush Saga » para dispositivos móviles ?;2012;2006;2008;2010;Expert;« Candy Crush Saga » viene preinstalado en dispositivos con Windows 10 base, junto con « Solitario » y « Buscaminas ».;https://es.wikipedia.org/wiki/Candy_Crush_Saga
29;es;¿En qué año se lanzó la primera versión de « Fruit Ninja » para dispositivos móviles ?;2010;2006;2008;2012;Expert;Desarrollado por Halfbrick Studios, « Fruit Ninja » forma parte del kit de inicio de iOS y Xbox 360 (también apto para Kinect).;https://es.wikipedia.org/wiki/Fruit_Ninja
30;es;¿En qué año se lanzó la primera versión de « 8 Ball Pool » para dispositivos móviles ?;2010;2008;2012;2014;Expert;La versión móvil de « 8 Ball Pool » está a cargo de Miniclip, una empresa de juegos con sede en Suiza, Portugal, Italia e Inglaterra.;
1;it;Quale codice sblocca la scheda SIM del tuo smartphone ?;PIN;PUK;IMEI;IBAN;Débutant;Questo codice, spesso di quattro cifre, ha lo scopo di autenticare il titolare di una carta bancaria, una carta SIM o una smart card.;https://it.wikipedia.org/wiki/Codice_PIN
2;it;Qual è il primo smartphone e cellulare touchscreen della storia ?;IBM Simone;iPhone EDGE;Nokia 3310;SH-100;Débutant;Il primo smartphone della storia è stato presentato il 16 novembre 1992 al COMDEX di Las Vegas (Nevada), antenato del CES.;https://it.wikipedia.org/wiki/Simon_(telefono_cellulare)
3;it;In che anno è stato rilasciato il primo smartphone ?;1994;1989;1999;2004;Débutant;Oltre alle funzioni del telefono cellulare, l'IBM Simon era in grado di inviare e ricevere fax e fungeva da cercapersone.;https://it.wikipedia.org/wiki/Simon_(telefono_cellulare)
4;it;Quale azienda, parte di GAFAM, ha acquistato Android nel 2005 ?;Google;Microsoft;Amazon;Facebook;Débutant;Android è il sistema operativo mobile più utilizzato al mondo, davanti a iOS di Apple, con una quota di mercato superiore all'80 %.;https://it.wikipedia.org/wiki/Android
5;it;Qual è il primo smartphone della linea iPhone di Apple ?;EDGE;Max;Storm;G1;Débutant;Lo sviluppo del prodotto è iniziato nel 2005 ed è proseguito sotto stretto segreto fino alla sua presentazione al pubblico.;https://it.wikipedia.org/wiki/IPhone_(prima_generazione)
6;it;In Francia, da quando gli smartphone sono vietati nelle scuole ?;2018;2010;2013;2023;Débutant;Gli adolescenti cresciuti nei primi due decenni del 21° secolo hanno beneficiato dell'influenza delle TIC.;https://it.wikipedia.org/wiki/Smartphone
7;it;Quale termine si riferisce a un pedone che fissa il cellulare ?;Smombie;Cracmol;Muggon;Chtonien;Débutant;Secondo uno studio condotto nel 2014, il 17% dei pedoni nelle grandi città si comporta a rischio con il proprio smartphone.;
8;it;Qual è stato il primo operatore telefonico francese a lanciare la sua rete mobile ?;Francia Telecom;SFR;itineris;Bouygues Telecom;Débutant;Il 1 ottobre 1991, France Telecom ha avviato un esperimento pilota di telefonia senza fili per il grande pubblico nella città di Strasburgo.;
9;it;Quale acronimo è associato alla messaggistica multimediale per telefoni cellulari ?;MMS;TDM;MDR;GSM;Débutant;Estende le capacità degli SMS, consentendo la trasmissione di foto, registrazioni audio e video.;https://it.wikipedia.org/wiki/Multimedia_Messaging_Service
10;it;Quale area geografica a volte non è servita da una rete cellulare ?;Zona bianca;Zona vuota;Zona cava;Zona rossa;Débutant;Queste sono spesso le zone meno densamente popolate (tipicamente zone rurali), prive di reale interesse per gli investimenti.;
11;it;Quale termine francese è sinonimo di roaming nella telefonia mobile ?;Roaming;Nomadismo;Migrazione;Transumanza;Confirmé;Roaming e handover sono due caratteristiche fondamentali delle reti mobili come GSM, UMTS, LTE o 5G.;
12;it;Qual è il nome del primo protocollo di comunicazione Internet mobile ?;WAP;WiFiMAX;POW;MobiNet;Confirmé;Ridefinisce il protocollo HTTP, HTML e JavaScript per adattarli al mondo dei dispositivi con uno schermo di piccole dimensioni.;https://it.wikipedia.org/wiki/Wireless_Application_Protocol
13;it;Qual è l'acronimo di operatori di telefonia mobile senza rete propria ?;MVNO;GLOCOM;OMNI;ACVN;Confirmé;In generale, un MVNO rappresenta una società indipendente dall'operatore, che gli consente di fissare i propri prezzi.;
14;it;Quale operatore privato francese è stato il primo a lanciare la sua rete mobile ?;SFR;Francia Telecom;itineris;Bouygues Telecom;Confirmé;La Société Française du Radiotéléphone è una filiale che riunisce le attività di telecomunicazioni del gruppo lussemburghese Altice France.;https://it.wikipedia.org/wiki/Société française du radiotéléphone
15;it;Qual è il componente più energivoro di uno smartphone ?;Schermo;Antenna;Processore;RAM;Confirmé;Gli smartphone moderni hanno schermi piuttosto impressionanti : più pixel racchiudono, più energia consumano.;https://it.wikipedia.org/wiki/Smartphone
16;it;In che anno è stata imposta la porta USB-C agli smartphone ?;2024;2020;2022;2026;Confirmé;La tanto discussa direttiva Single Charger è stata infatti pubblicata sulla Gazzetta Ufficiale Europea nel 2023.;https://it.wikipedia.org/wiki/USB-C
17;it;Quale paese ha costruito più smartphone nel 2021 ?;Cina;Giappone;Corea del Sud;Taiwan;Confirmé;La Cina ha contribuito per il 67% alla produzione globale nel 2021, mentre altri paesi non sono riusciti a compensare il declino di Huawei.;https://it.wikipedia.org/wiki/Smartphone
18;it;Qual è il significato della prima S dell'acronimo SMS ?;Pantaloncini;Veloce;Rapido;Sicuro;Confirmé;In alcune parti del mondo come il Nord America, il Regno Unito o le Filippine, si chiama SMS.;https://it.wikipedia.org/wiki/SMS
19;it;Qual è il significato della S presente nell'acronimo MMS ?;Service;System;Secure;Short;Confirmé;Estende le capacità degli SMS, consentendo la trasmissione di foto, registrazioni audio e video.;https://it.wikipedia.org/wiki/Multimedia_Messaging_Service
20;it;Quale soglia massima di ricarica è ottimale per la batteria del tuo smartphone ?;85%;65%;75%;95%;Confirmé;Una batteria di accumulatori permette di immagazzinare energia elettrica in forma chimica e di restituirla in corrente continua.;
21;it;Quale di questi acronimi non si riferisce a nessuna versione dello standard 2G ?;AMPS;GSM;GPRS;EDGE;Expert;AMPS è un acronimo informatico, neologismo basato su LAMP, che riprende le prime lettere di Apache, MySQL, PHP e Solaris.;
22;it;Quale di questi acronimi non si riferisce ad alcuna versione dello standard 3G ?;LTE;UMTS;HSPA;HSPA+;Expert;Lo standard LTE, definito dal consorzio 3GPP, è stato inizialmente considerato uno standard 3.9G.;
23;it;Quale termine si riferisce al fatto di sostituire il sistema operativo del suo cellulare ?;Flash;Deframmentare;Dimensione;Override;Expert;La telefonia cellulare è un mezzo di telecomunicazione, più precisamente di radiocomunicazione, tramite telefono cellulare.;
24;it;Come si chiama il file immagine di un sistema operativo mobile ?;ROM;iOS;RAR;RAM;Expert;Originariamente, il termine Read-Only Memory (ROM) si riferiva alla memoria non volatile del computer.;
25;it;Come si chiama il primo smartphone pieghevole offerto al grande pubblico ?;FlexPai;Galaxy X;Mate X3;Find N2;Expert;Aspettavamo Samsung, e finalmente è stato Royole a brindare alla cortesia di tutti, produttore cinese di pannelli flessibili.;
26;it;In che anno è stata rilasciata la prima versione di « PUBG » su dispositivo mobile ?;2018;2012;2014;2016;Expert;Il gioco è infatti disponibile gratuitamente su iOS e Android da marzo 2018 con il titolo « PlayerUnknown's Battlegrounds Mobile ».;
27;it;In che anno è stata rilasciata la prima versione di « Clash of Clans » su iOS ?;2012;2008;2010;2014;Expert;Questo videogioco mobile di strategia in tempo reale multigiocatore di massa è sviluppato e pubblicato dallo studio finlandese Supercell.;https://it.wikipedia.org/wiki/Clash_of_Clans
28;it;In che anno è stata rilasciata la prima versione di « Candy Crush Saga » su dispositivo mobile ?;2012;2006;2008;2010;Expert;« Candy Crush Saga » è preinstallato sui dispositivi con Windows 10 di base, insieme a « Solitaire » e « Minesweeper ».;https://it.wikipedia.org/wiki/Candy_Crush_Saga
29;it;In che anno è stata rilasciata la prima versione di « Fruit Ninja » su dispositivo mobile ?;2010;2006;2008;2012;Expert;Sviluppato da Halfbrick Studios, « Fruit Ninja » fa parte dello starter kit iOS e Xbox 360 (adatto anche per Kinect).;https://it.wikipedia.org/wiki/Fruit_Ninja
30;it;In che anno è stata rilasciata la prima versione di « 8 Ball Pool » su dispositivi mobili ?;2010;2008;2012;2014;Expert;La versione mobile di « 8 Ball Pool » è gestita da Miniclip, una società di giochi con sede in Svizzera, Portogallo, Italia e Inghilterra.;
1;nl;Welke code ontgrendelt de simkaart van uw smartphone ?;PIN;PUK;IMEI;AN;Débutant;Deze code, vaak vier cijfers, is bedoeld om de houder van een bankpas, simkaart of smartcard te authenticeren.;https://nl.wikipedia.org/wiki/Persoonlijk_identificatienummer
2;nl;Wat is de eerste touchscreen-smartphone en mobiele telefoon in de geschiedenis ?;IBMSimon;iPhone EDGE;Nokia 3310;SH-100;Débutant;De eerste smartphone in de geschiedenis werd op 16 november 1992 gepresenteerd op COMDEX in Las Vegas (Nevada), voorloper van CES.;
3;nl;In welk jaar werd de allereerste smartphone uitgebracht ?;1994;1989;1999;2004;Débutant;Naast mobiele telefoonfuncties was de IBM Simon in staat faxen te verzenden en te ontvangen en fungeerde hij als semafoon.;
4;nl;Welk bedrijf, onderdeel van GAFAM, kocht Android in 2005 ?;Google;Microsoft;Amazon;Facebook;Débutant;Android is het meest gebruikte mobiele besturingssysteem ter wereld, vóór Apple's iOS, met een marktaandeel van meer dan 80 %.;https://nl.wikipedia.org/wiki/Android (besturingssysteem)
5;nl;Wat is de eerste smartphone in de iPhone-lijn van Apple ?;EDGE;Max;Storm;G1;Débutant;De ontwikkeling van het product begon in 2005 en ging door onder strikte geheimhouding tot de publieke onthulling.;https://nl.wikipedia.org/wiki/IPhone_(eerste_generatie)
6;nl;Sinds wanneer zijn smartphones in Frankrijk verboden op scholen ?;2018;2010;2013;2023;Débutant;Tieners die opgroeiden in de eerste twee decennia van de 21e eeuw hebben geprofiteerd van de invloed van ICT.;https://nl.wikipedia.org/wiki/Smartphone
7;nl;Welke term verwijst naar een voetganger die naar zijn mobiele telefoon staart ?;Smombie;Cracmol;Muggon;Chtonische;Débutant;Volgens een onderzoek uit 2014 gedraagt 17 % van de voetgangers in grote steden zich risicovol met hun smartphone.;
8;nl;Wat was de eerste Franse telefoonoperator die zijn mobiele netwerk lanceerde ?;France Telecom;SFR;Itineris;Bouygues Telecom;Débutant;Op 1 oktober 1991 startte France Telecom een proefexperiment in draadloze telefonie voor het grote publiek in de stad in Straatsburg.;
9;nl;Welk acroniem wordt geassocieerd met multimediaberichten voor mobiele telefoons ?;MMS;TDM;MDR;GSM;Débutant;Het breidt de mogelijkheden van SMS uit, waardoor zowel foto's, audio-opnamen als video kunnen worden verzonden.;https://nl.wikipedia.org/wiki/Multimedia_Messaging_Service
10;nl;Welk geografisch gebied wordt soms niet bediend door een mobiel netwerk ?;Wit gebied;Leeg gebied;Hol gebied;Rode zone;Débutant;Dit zijn vaak de minst dichtbevolkte gebieden (meestal plattelandsgebieden), zonder echte investeringsbelangen.;
11;nl;Welke Franse term is synoniem voor roaming in mobiele telefonie ?;Roamen;Nomadisme;Migratie;Transhumance;Confirmé;Roaming en handover zijn twee fundamentele kenmerken van mobiele netwerken zoals GSM, UMTS, LTE of 5G.;
12;nl;Wat is de naam van het eerste communicatieprotocol voor mobiel internet ?;WAP;WiFiMAX;POW;MobiNet;Confirmé;Het herdefinieert het HTTP-protocol, HTML en JavaScript om ze aan te passen aan de wereld van apparaten met een klein schermformaat.;https://nl.wikipedia.org/wiki/Wireless_application_protocol
13;nl;Wat is de afkorting voor gsm-operators zonder eigen netwerk ?;MVNO;GLOCOM;OMNI;ACVN;Confirmé;Over het algemeen vertegenwoordigt een MVNO een bedrijf dat onafhankelijk is van de operator, waardoor het zijn eigen prijzen kan bepalen.;
14;nl;Welke Franse privé-operator lanceerde als eerste zijn mobiele netwerk ?;SFR;France Telecom;Itineris;Bouygues Telecom;Confirmé;De Société Française du Radiotéléphone is een tak die de telecomactiviteiten van de Luxemburgse groep Altice France bundelt.;https://nl.wikipedia.org/wiki/SFR
15;nl;Wat is het meest energieverbruikende onderdeel van een smartphone ?;Scherm;Antenne;Verwerker;RAM-geheugen;Confirmé;Moderne smartphones hebben behoorlijk indrukwekkende schermen : hoe meer pixels ze bevatten, hoe meer stroom ze verbruiken.;https://nl.wikipedia.org/wiki/Smartphone
16;nl;In welk jaar werd de USB-C-poort opgelegd aan smartphones ?;2024;2020;2022;2026;Confirmé;De veelbesproken Single Charger Directive werd inderdaad in 2023 gepubliceerd in het Europees Publicatieblad.;https://nl.wikipedia.org/wiki/USB-C
17;nl;Welk land heeft in 2021 de meeste smartphones gebouwd ?;China;Japan;Zuid-Korea;Taiwan;Confirmé;China droeg in 2021 67% bij aan de wereldwijde productie, terwijl andere landen de achteruitgang van Huawei niet konden compenseren.;https://nl.wikipedia.org/wiki/Smartphone
18;nl;Wat is de betekenis van de eerste S van het acroniem SMS ?;korte broek;Snel;Snel;Veilig;Confirmé;In sommige delen van de wereld, zoals Noord-Amerika, het Verenigd Koninkrijk of de Filippijnen, wordt dit sms-berichten genoemd.;https://nl.wikipedia.org/wiki/Sms
19;nl;Wat is de betekenis van de S in het acroniem MMS ?;Service;System;Secure;Short;Confirmé;Het breidt de mogelijkheden van SMS uit, waardoor zowel foto's, audio-opnamen als video kunnen worden verzonden.;https://nl.wikipedia.org/wiki/Multimedia_Messaging_Service
20;nl;Welke maximale oplaaddrempel is optimaal voor de batterij van uw smartphone ?;85%;65%;75%;95%;Confirmé;Een accu maakt het mogelijk om elektrische energie in chemische vorm op te slaan en in gelijkstroom terug te winnen.;https://nl.wikipedia.org/wiki/Accupack
21;nl;Welke van deze afkortingen verwijst naar geen enkele versie van de 2G-standaard ?;AMPS;GSM;GPRS;EDGE;Expert;AMPS is een computeracroniem, neologisme gebaseerd op LAMP, met de eerste letters van Apache, MySQL, PHP en Solaris.;
22;nl;Welke van deze afkortingen verwijst niet naar een versie van de 3G-standaard ?;LTE;UMTS;HSPA;HSPA+;Expert;De LTE-standaard, gedefinieerd door het 3GPP-consortium, werd eerst beschouwd als een derde generatie 3.9G.;
23;nl;Welke term verwijst naar het vervangen van het besturingssysteem van zijn mobiel ?;Flits;Defragmenteren;Maat;Overschrijven;Expert;Mobiele telefonie is een telecommunicatiemiddel, meer bepaald radiocommunicatie, via de mobiele telefoon.;
24;nl;Hoe heet het afbeeldingsbestand van een mobiel besturingssysteem ?;ROM;iOS;RAR;RAM;Expert;Oorspronkelijk verwees de term Read-Only Memory (ROM) naar niet-vluchtig computergeheugen.;
25;nl;Hoe heet de eerste opvouwbare smartphone die aan het grote publiek wordt aangeboden ?;FlexPai;Galaxy X;Mate X3;Find N2;Expert;We zaten te wachten op Samsung, en uiteindelijk was het Royole die proostte op ieders beleefdheid, een Chinese fabrikant van flexibele panelen.;
26;nl;In welk jaar werd de eerste versie van « PUBG » uitgebracht voor mobiel ?;2018;2012;2014;2016;Expert;De game is inderdaad sinds maart 2018 gratis beschikbaar op iOS en Android onder de titel « PlayerUnknown's Battlegrounds Mobile ».;
27;nl;In welk jaar werd de eerste versie van « Clash of Clans » uitgebracht op iOS ?;2012;2008;2010;2014;Expert;Deze mobiele videogame met massale multiplayer real-time strategie is ontwikkeld en uitgegeven door de Finse studio Supercell.;https://nl.wikipedia.org/wiki/Clash_of_Clans
28;nl;In welk jaar werd de eerste versie van « Candy Crush Saga » uitgebracht voor mobiel ?;2012;2006;2008;2010;Expert;« Candy Crush Saga » is vooraf geïnstalleerd op apparaten met Windows 10 als basis, samen met « Solitaire » en « Minesweeper ».;https://nl.wikipedia.org/wiki/Candy_Crush_Saga
29;nl;In welk jaar werd de eerste versie van « Fruit Ninja » uitgebracht voor mobiel ?;2010;2006;2008;2012;Expert;Ontwikkeld door Halfbrick Studios, « Fruit Ninja » maakt deel uit van de iOS en Xbox 360 starter kit (ook geschikt voor Kinect).;https://nl.wikipedia.org/wiki/Fruit_Ninja
30;nl;In welk jaar werd de eerste versie van « 8 Ball Pool » uitgebracht voor mobiel ?;2010;2008;2012;2014;Expert;De mobiele versie van « 8 Ball Pool » wordt beheerd door Miniclip, een gamebedrijf gevestigd in Zwitserland, Portugal, Italië en Engeland.;
