1;fr;La chicorée s'est répandue dans le Nord suite à l'absence de quelle matière première ?;Café;Cacao;Thé;Orge;Débutant;C'est la racine de la chicorée industrielle, tronçonnée en cossettes ou râpée, puis séchée, torréfiée et moulue, qui est utilisée.;https://fr.wikipedia.org/wiki/Chicorée_industrielle
2;fr;Quel fleuve passant à Tournai traverse également la ville de Valenciennes ?;Escaut;Scarpe;Yser;Deûle;Débutant;L'Escaut est un fleuve de 355 km de long qui traverse trois pays (France, Belgique et Pays-Bas) avant de se jeter en mer du Nord.;https://fr.wikipedia.org/wiki/Escaut
3;fr;Quelle boisson est aux gens du Nord ce que le cidre est aux Bretons ?;Bière;Armagnac;Kirsch;Triple sec;Débutant;L'essentiel de la production est assurée en Alsace, en Lorraine, dans le Nord-Pas-de-Calais, en Bretagne et en Bourgogne.;https://fr.wikipedia.org/wiki/Bière
4;fr;Durant quel mois des cyclistes quittent-ils Paris pour rejoindre Roubaix ?;Juin;Juillet;Août;Septembre;Débutant;Paris-Roubaix est une course cycliste créée en 1896 par Théodore Vienne après l'ouverture du nouveau vélodrome de Roubaix.;https://fr.wikipedia.org/wiki/Paris-Roubaix
5;fr;Que savourez-vous si vous demandez une blonde dans le Nord ?;Une bière;Un dessert;Un digestif;Un cocktail;Débutant;Il est souvent fait confusion entre le terme bière blonde qui désigne la couleur de la bière et les types de bières à proprement parler.;https://fr.wikipedia.org/wiki/Bière_blonde
6;fr;Dans quelle ville du Nord peut-on admirer le clair de lune en passant ?;Maubeuge;Cambrai;Douai;Béthune;Débutant;Taxi de métier, Pierre Perrin est connu pour « Un clair de lune à Maubeuge » (1962), chanson qui resta neuf semaines au hit-parade.;https://fr.wikipedia.org/wiki/Pierre_Perrin_(compositeur)
7;fr;De combien de mètres le cap Gris-Nez surplombe-t-il l'océan ?;45 mètres;35 mètres;25 mètres;55 mètres;Débutant;Situé à environ 15 km au nord de Boulogne-sur-Mer, il s'agit du point du littoral français le plus proche de l'Angleterre (30,3 km).;https://fr.wikipedia.org/wiki/Cap_Gris-Nez
8;fr;Quel architecte fit bâtir la citadelle de Lille et les fortifications de Dunkerque ?;Vauban;Ducret;Beausire;Groignard;Débutant;Baptisée par Vauban lui-même la reine des citadelles, la citadelle de Lille est un ouvrage militaire remarquable par ses dimensions.;https://fr.wikipedia.org/wiki/Citadelle_de_Lille
9;fr;Dans quelle ville du Nord l'industrie du cristal a-t-elle connu un remarquable essor ?;Arques;Saint-Omer;Houlle;Cléty;Débutant;La commune d'Arques est également célèbre pour son ancien ascenseur à bateaux des Fontinettes, aujourd'hui unique en France.;https://fr.wikipedia.org/wiki/Arques_(Pas-de-Calais)
10;fr;Quel sucre roux non raffiné est une spécialité belge et nordiste ?;Cassonade;Wasanbon;Cosumar;Panela;Débutant;On l'utilise principalement sur des crêpes, dans du fromage blanc, du riz au lait, des pommes au four ou simplement sur du pain.;https://fr.wikipedia.org/wiki/Cassonade_Graeffe
11;fr;À Tourcoing, quel édifice de 1905 est classé à l'inventaire des monuments historiques ?;Gare;Hôtel de Ville;Casino;Beffroi;Confirmé;La gare de Tourcoing servit de décor pour la scène d'ouverture du film « Le Corps de mon ennemi » (1976), réalisé par Henri Verneuil.;https://fr.wikipedia.org/wiki/Gare_de_Tourcoing
12;fr;En quelle année l'Eurotunnel a-t-il été ouvert à Coquelles au grand public ?;1994;1996;1998;2000;Confirmé;Getlink transporte chaque année 20 millions de passagers, 1,6 million de camions et 2 milliards de tonnes de marchandises.;https://fr.wikipedia.org/wiki/Getlink
13;fr;Quel parc d'attractions est installé dans la forêt de Merlimont ?;Bagatelle;Aquanor;Zygofolis;Scénoparc;Confirmé;Comprenant une quarantaine d'attractions, des jeux payants et des spectacles, c'est le plus ancien parc d'attractions français en activité.;https://fr.wikipedia.org/wiki/Parc_Bagatelle
14;fr;Quel motif floral retrouve-t-on sur le blason de la ville de Lille ?;Fleur de Lys;Croix;Aigle;Lion;Confirmé;Présente dans le monde romain byzantin, la fleur de lys est l'une des quatre figures les plus populaires avec les croix, l'aigle et le lion.;https://fr.wikipedia.org/wiki/Fleur_de_lys
15;fr;Comment appelle-t-on la terrine de lapin, veau, porc et poulet de la région ?;Potjevlesch;Touffaye;Pudding au pain;Pintxos;Confirmé;Ce plat est né dans le Westhoek au Moyen Âge, mais certains situent plus précisément son origine à la région dunkerquoise.;https://fr.wikipedia.org/wiki/Potjevleesch
16;fr;Quelle plante vivace et semi-aquatique est abondamment cultivée dans la région ?;Cresson;Roquette;Cerfeuil;Épinard;Confirmé;Le cresson présente un taux record de fer et de calcium ainsi que beaucoup de vitamine C, ce qui en fait un aliment de choix.;https://fr.wikipedia.org/wiki/Cresson_de_fontaine
17;fr;Quelle fut la dernière grande ville de France à être libérée le 9 mai 1945 ?;Dunkerque;Roubaix;Tourcoing;Calais;Confirmé;La ville de Dunkerque a donné son nom à une des chansons du groupe Indochine, figurant dans l'album « Paradize » sorti en 2002.;https://fr.wikipedia.org/wiki/Dunkerque
18;fr;La décoction de quelle racine a des effets bénéfiques sur les reins et l'estomac ?;Chicorée;Artichaut;Bardane;Chardon;Confirmé;La chicorée, sous forme de boisson combinée ou non au café, est très populaire en Belgique, ainsi que dans le Nord-Pas-de-Calais.;https://fr.wikipedia.org/wiki/Chicorée_industrielle
19;fr;Quelle variété de poisson peut-on venir caresser dans le bassin tactile de Nausicaa ?;Raies;Requins;Tortues;Saumons;Confirmé;Avec plus de 600 000 visiteurs par an, il s'agit du deuxième site touristique le plus fréquenté au nord de Paris après le Parc Astérix.;https://fr.wikipedia.org/wiki/Nausicaá_-_Centre_national_de_la_mer
20;fr;Dans quelle ville de France se trouve l'un des deux terminaux de l'Eurotunnel ?;Coquelles;Coulogne;Boursin;Marck;Confirmé;Coquelles est située à proximité du port de Calais, premier port français pour le trafic de voyageurs entre la France et l'Angleterre.;https://fr.wikipedia.org/wiki/Coquelles
21;fr;Pour quel géant de 6,25 mètres la ville de Cassel est-elle désormais célèbre ?;Reuze Papa;Belle Hélène;Binbin;T'chio Blaise;Expert;Le carnaval du lundi de Pâques est l'occasion d'une grande fête où Reuze Papa et Reuze Maman rentrent au bercail.;https://fr.wikipedia.org/wiki/Cassel_(Nord)
22;fr;Quel animal est représenté sur la girouette du beffroi de Bergues ?;Lion;Hirondelle;Coq;Ours;Expert;Le beffroi de Bergues a été endommagé par un incendie en 1940 et détruit par dynamitage par les troupes allemandes en 1944.;https://fr.wikipedia.org/wiki/Beffroi_de_Bergues
23;fr;Quel biscuit proche du Spéculoos est fabriqué à Aire-sur-la-Lys ?;Mastelle;Snickerdoodles;Gimblette;Kouign amann;Expert;Ce petit gâteau sec à base d'amande en poudre, de cassonade et de fleurs d'oranger a été créé à la fin du XVIIIe siècle par Cyrille Faes.;https://fr.wikipedia.org/wiki/Aire-sur-la-Lys
24;fr;Quel fut le premier nom de scène de Line Renaud, née à Armentières ?;Jacqueline Ray;Josette Daydé;Jane Chacun;Jeanne Aubert;Expert;La Line Renaud Road de Las vegas se trouve non loin des rues portant les noms de ses amis Frank Sinatra et Dean Martin.;https://fr.wikipedia.org/wiki/Line_Renaud
25;fr;Capitale mondiale de la chicorée, quelle ville propose un musée qui y est dédié ?;Orchies;Douai;Lécluse;Bouvignies;Expert;Orchies est le siège de la Société Leroux. Cette entreprise est Leader mondial pour la production et la transformation de la chicorée.;https://fr.wikipedia.org/wiki/Orchies
26;fr;De quel genre musical Didier Lockwood, natif de Calais, est-il un spécialiste ?;Jazz;Country;Reggae;Electro;Expert;Il est le co-fondateur du Festival des Puces, un festival de jazz manouche qui se tient chaque année aux Puces de Saint-Ouen.;https://fr.wikipedia.org/wiki/Didier_Lockwood
27;fr;Quel célèbre boxeur, natif de Hénin-Beaumont, a été surnommé le « démolisseur » ?;Charles Humez;Maurice Holtzer;Alphonse Halimi;Steve Hérélius;Expert;Il a dû arrêter sa carrière après une blessure lors d'une défense de son titre de champion d'Europe à Berlin le 4 octobre 1958.;https://fr.wikipedia.org/wiki/Charles_Humez
28;fr;Quel ancien port du Pas-de-Calais Dante évoque-t-il dans « Divine Comédie » ?;Wissant;Calais;Boulogne;Brest;Expert;La « Commedia » est l'oeuvre de Dante la plus célèbre et l'un des plus importants témoignages de la civilisation médiévale.;https://fr.wikipedia.org/wiki/Divine_Comédie
29;fr;Quel Roubaisien fut vainqueur du Paris-Roubaix en 1912 et 1914 ?;Charles Crupelandt;Henri Pélissier;Jean Alavoine;Achille Souchard;Expert;Mort en 1955, Charles Crupelandt était surnommé le Taureau du Nord pour son gabarit hors norme et surtout ses sprints.;https://fr.wikipedia.org/wiki/Charles_Crupelandt
30;fr;Quelle est la case la plus chère dans le « Monopoly » du Nord-Pas-de-Calais ?;Lille;Dunkerque;Roubaix;Tourcoing;Expert;Le Monopoly est un jeu de société sur parcours dont le but est, à travers l'achat et la vente de propriétés, de ruiner ses adversaires.;https://fr.wikipedia.org/wiki/Monopoly
1;en;Chicory spread in the North due to the lack of what raw material ?;Coffee;Cocoa;Tea;Barley;Débutant;It is the root of industrial chicory, cut into cossettes or grated, then dried, roasted and ground, which is used.;
2;en;Which river passing through Tournai also crosses the city of Valenciennes ?;Scheldt;scarf;yzer;Deule;Débutant;The Scheldt is a 355 km long river that crosses three countries (France, Belgium and the Netherlands) before flowing into the North Sea.;https://en.wikipedia.org/wiki/Scheldt
3;en;What drink is to the people of the North what cider is to the Bretons ?;Beer;Armagnac;kirsch;Triple sec;Débutant;Most of the production is carried out in Alsace, Lorraine, Nord-Pas-de-Calais, Brittany and Burgundy.;
4;en;During which month do cyclists leave Paris to reach Roubaix ?;June;July;August;September;Débutant;Paris-Roubaix is a cycling race created in 1896 by Théodore Vienne after the opening of the new Roubaix velodrome.;https://en.wikipedia.org/wiki/Paris–Roubaix
5;en;What do you savor if you ask for a blonde in the North ?;A beer;A dessert;A digestive;A cocktail;Débutant;It is often confused between the term blond beer which designates the color of the beer and the types of beer strictly speaking.;
6;en;In which city in the North can you admire the moonlight while passing ?;Maubeuge;Cambria;duai;Bethune;Débutant;A taxi driver, Pierre Perrin is known for « Un clair de lune à Maubeuge » (1962), a song which remained on the charts for nine weeks.;
7;en;How many meters does Cap Gris-Nez rise above the ocean ?;45 meters;35 meters;25 meters;55 meters;Débutant;Located about 15 km north of Boulogne-sur-Mer, it is the closest point on the French coast to England (30.3 km).;https://en.wikipedia.org/wiki/Cap_Gris-Nez
8;en;Which architect built the citadel of Lille and the fortifications of Dunkirk ?;Vauban;ducret;Beausire;growler;Débutant;Baptized by Vauban himself the queen of citadels, the citadel of Lille is a military structure remarkable for its dimensions.;https://en.wikipedia.org/wiki/Citadel_of_Lille
9;en;In which city in the North has the crystal industry experienced a remarkable boom ?;arches;Saint Omer;houle;Clety;Débutant;The town of Arques is also famous for its old Fontinettes boat lift, now unique in France.;https://en.wikipedia.org/wiki/Arques,_Pas-de-Calais
10;en;Which unrefined brown sugar is a Belgian and northern specialty ?;brown sugar;wasabon;cosumar;panela;Débutant;It is mainly used on pancakes, in cottage cheese, rice pudding, baked apples or simply on bread.;
11;en;In Tourcoing, which 1905 building is listed in the inventory of historical monuments ?;Station;City Hall;Casinos;Belfry;Confirmé;Tourcoing station served as the setting for the opening scene of the film « Le Corps de mon ennemi » (1976), directed by Henri Verneuil.;https://en.wikipedia.org/wiki/Tourcoing_station
12;en;In which year was the Eurotunnel opened in Coquelles to the general public ?;1994;1996;1998;2000;Confirmé;Getlink transports 20 million passengers, 1.6 million trucks and 2 billion tons of goods every year.;https://en.wikipedia.org/wiki/Getlink
13;en;Which amusement park is located in the forest of Merlimont ?;Trifle;Aquanor;Zygofolis;Scenoparc;Confirmé;Comprising around forty attractions, paying games and shows, it is the oldest active amusement park in France.;https://en.wikipedia.org/wiki/Parc_Bagatelle
14;en;What floral motif is found on the coat of arms of the city of Lille ?;Lily flower;Cross;Eagle;Leo;Confirmé;Present in the Byzantine Roman world, the fleur-de-lis is one of the four most popular figures along with the crosses, the eagle and the lion.;https://en.wikipedia.org/wiki/Fleur-de-lis
15;en;What is the local rabbit, veal, pork and chicken terrine called ?;Potjevlesch;Touffaye;bread pudding;Pintxos;Confirmé;This dish was born in the Westhoek in the Middle Ages, but some place its origin more precisely in the Dunkirk region.;https://en.wikipedia.org/wiki/Potjevleesch
16;en;What perennial, semi-aquatic plant is widely grown in the region ?;Watercress;arugula;Chervil;Spinach;Confirmé;Watercress has a record level of iron and calcium as well as a lot of vitamin C, which makes it a food of choice.;https://en.wikipedia.org/wiki/Watercress
17;en;What was the last major city in France to be liberated on May 9, 1945 ?;Dunkirk;Roubaix;Tourcoing;Calais;Confirmé;The city of Dunkirk gave its name to one of the songs of the group Indochine, appearing in the album « Paradize » released in 2002.;https://en.wikipedia.org/wiki/Dunkirk
18;en;The decoction of which root has beneficial effects on the kidneys and stomach ?;Chicory;Artichoke;Burdock;Thistle;Confirmé;Chicory, in the form of a drink combined or not with coffee, is very popular in Belgium, as well as in Nord-Pas-de-Calais.;
19;en;What variety of fish can you pet in the Nausicaa touch pool ?;Rays;Sharks;Turtles;Salmon;Confirmé;With more than 600,000 visitors per year, it is the second busiest tourist site north of Paris after Parc Astérix.;
20;en;In which city in France is one of the two Eurotunnel terminals located ?;Cockroaches;Coulogne;Boursine;Mark;Confirmé;Coquelles is located near the port of Calais, the leading French port for passenger traffic between France and England.;https://en.wikipedia.org/wiki/Coquelles
21;en;For which 6.25 meter giant is the city of Kassel now famous ?;Reuze Papa;Beautiful Helen;binbin;T'chio Blaise;Expert;The Easter Monday carnival is the occasion of a big party when Reuze Papa and Reuze Maman return to the fold.;https://en.wikipedia.org/wiki/Cassel,_Nord
22;en;What animal is represented on the weather vane of the belfry of Bergues ?;Leo;Swallow;Rooster;Bear;Expert;The Belfry of Bergues was damaged by fire in 1940 and destroyed by blasting by German troops in 1944.;
23;en;Which biscuit similar to Speculoos is made in Aire-sur-la-Lys ?;mastel;Snickerdoodles;Gimblette;Kouign amann;Expert;This little dry cake made from powdered almonds, brown sugar and orange blossoms was created at the end of the 18th century by Cyrille Faes.;https://en.wikipedia.org/wiki/Aire-sur-la-Lys
24;en;What was the first stage name of Line Renaud, born in Armentières ?;Jacqueline Ray;Josette Dayde;Jane Everyone;Jean Aubert;Expert;The Line Renaud Road in Las Vegas is near the streets named after his friends Frank Sinatra and Dean Martin.;https://en.wikipedia.org/wiki/Line_Renaud
25;en;World capital of chicory, which city offers a museum dedicated to it ?;orchids;duai;Lecluse;Bouvignies;Expert;Orchies is the headquarters of the Leroux Company. This company is the world leader in the production and processing of chicory.;https://en.wikipedia.org/wiki/Orchies
26;en;What musical genre is Didier Lockwood, a native of Calais, a specialist in ?;Jazz;Country;Reggae;Electro;Expert;He is the co-founder of the Festival des Puces, a gypsy jazz festival held every year at the Puces de Saint-Ouen.;https://en.wikipedia.org/wiki/Didier_Lockwood
27;en;Which famous boxer, native of Hénin-Beaumont, was nicknamed the ;Charles Humez;Maurice Holtzer;Alphonse Halimi;Steve Herelius;Expert;He had to stop his career after an injury during a defense of his European championship title in Berlin on October 4, 1958.;
28;en;Which ancient port of Pas-de-Calais does Dante evoke in « Divine Comédie » ?;wissant;Calais;Boulogne;Brest;Expert;The « Commedia » is Dante's most famous work and one of the most important testimonies of medieval civilisation.;
29;en;Which Roubaisien won the Paris-Roubaix in 1912 and 1914 ?;Charles Crupelandt;Henri Pelissier;John Alavoine;Achille Souchard;Expert;Died in 1955, Charles Crupelandt was nicknamed the Bull of the North for his exceptional size and especially his sprints.;https://en.wikipedia.org/wiki/Charles_Crupelandt
30;en;What is the most expensive space in the « Monopoly » of Nord-Pas-de-Calais ?;Lille;Dunkirk;Roubaix;Tourcoing;Expert;Monopoly is an on-course board game whose goal is, through the buying and selling of properties, to ruin opponents.;https://en.wikipedia.org/wiki/Monopoly (game)
1;de;Chicorée breitete sich im Norden aus Mangel an welchem Rohstoff aus ?;Kaffee;Kakao;Tee;Gerste;Débutant;Es ist die Wurzel des industriellen Chicorées, der in Schnitzel geschnitten oder gerieben, dann getrocknet, geröstet und gemahlen verwendet wird.;
2;de;Welcher Fluss, der durch Tournai fließt, durchquert auch die Stadt Valenciennes ?;Schelde;Schal;Yer;Deule;Débutant;Die Schelde ist ein 355 km langer Fluss, der drei Länder (Frankreich, Belgien und die Niederlande) durchquert, bevor er in die Nordsee mündet.;https://de.wikipedia.org/wiki/Schelde
3;de;Welches Getränk ist für die Menschen im Norden, was Apfelwein für die Bretonen ?;Bier;Armagnac;Kirsch;Dreifache Sekunde;Débutant;Der Großteil der Produktion findet im Elsass, in Lothringen, Nord-Pas-de-Calais, in der Bretagne und in Burgund statt.;
4;de;In welchem Monat verlassen Radfahrer Paris, um Roubaix zu erreichen ?;Juni;Juli;August;September;Débutant;Paris-Roubaix ist ein Radrennen, das 1896 von Théodore Vienne nach der Eröffnung des neuen Velodroms von Roubaix ins Leben gerufen wurde.;https://de.wikipedia.org/wiki/Paris–Roubaix
5;de;Was schmeckt dir, wenn du im Norden nach einer Blondine fragst ?;Ein Bier;Ein Nachtisch;Ein Digestif;Ein Cocktail;Débutant;Häufig wird der Begriff Lager, der die Farbe des Bieres bezeichnet, mit den Biersorten im engeren Sinne verwechselt.;
6;de;In welcher Stadt im Norden kann man im Vorbeigehen das Mondlicht bewundern ?;Maubeuge;Kambria;Duai;Bethune;Débutant;Der Taxifahrer Pierre Perrin ist bekannt für « Un clair de lune à Maubeuge » (1962), ein Lied, das neun Wochen in den Charts blieb.;
7;de;Wie viele Meter erhebt sich Cap Gris-Nez aus dem Ozean ?;45 Meter;35 Meter;25 Meter;55 Meter;Débutant;Etwa 15 km nördlich von Boulogne-sur-Mer gelegen, ist es der nächstgelegene Punkt an der französischen Küste zu England (30,3 km).;https://de.wikipedia.org/wiki/Cap_Gris-Nez
8;de;Welcher Architekt baute die Zitadelle von Lille und die Befestigungsanlagen von Dünkirchen ?;Vauban;ducret;Beausire;Knurrer;Débutant;Die Zitadelle von Lille, die von Vauban selbst zur Königin der Zitadellen getauft wurde, ist eine militärische Struktur, die sich durch ihre Dimensionen auszeichnet.;https://de.wikipedia.org/wiki/Zitadelle_Lille
9;de;In welcher Stadt im Norden hat die Kristallindustrie einen bemerkenswerten Aufschwung erlebt ?;Bögen;Heiliges Omer;Loch;Clety;Débutant;Die Stadt Arques ist auch berühmt für ihr altes Schiffshebewerk Fontinettes, das heute einzigartig in Frankreich ist.;https://de.wikipedia.org/wiki/Arques_(Pas-de-Calais)
10;de;Welcher unraffinierte braune Zucker ist eine belgische und nordische Spezialität ?;brauner Zucker;Wasabon;cosumar;Panela;Débutant;Es wird hauptsächlich auf Pfannkuchen, in Hüttenkäse, Milchreis, Bratäpfeln oder einfach auf Brot verwendet.;
11;de;Welches Gebäude von 1905 in Tourcoing ist im Inventar der historischen Denkmäler aufgeführt ?;Bahnhof;Rathaus;Kasinos;Glockenturm;Confirmé;Der Bahnhof Tourcoing diente als Kulisse für die Eröffnungsszene des Films « Le Corps de mon ennemi » (1976) unter der Regie von Henri Verneuil.;
12;de;In welchem Jahr wurde der Eurotunnel in Coquelles der Öffentlichkeit zugänglich gemacht ?;1994;1996;1998;2000;Confirmé;Getlink transportiert jedes Jahr 20 Millionen Passagiere, 1,6 Millionen Lkw und 2 Milliarden Tonnen Güter.;https://de.wikipedia.org/wiki/Getlink
13;de;Welcher Vergnügungspark befindet sich im Wald von Merlimont ?;Kleinigkeit;Aquanor;Zygofolis;Szeneparc;Confirmé;Mit rund vierzig Attraktionen, kostenpflichtigen Spielen und Shows ist er der älteste aktive Vergnügungspark Frankreichs.;https://de.wikipedia.org/wiki/Parc_Bagatelle
14;de;Welches Blumenmotiv findet sich auf dem Wappen der Stadt Lille ?;Lilienblume;Kreuz;Adler;Löwe;Confirmé;In der byzantinischen römischen Welt ist die Lilie neben den Kreuzen, dem Adler und dem Löwen eine der vier beliebtesten Figuren.;https://de.wikipedia.org/wiki/Lilie_(Heraldik)
15;de;Wie heißt die heimische Kaninchen-, Kalbs-, Schweine- und Hühnerterrine ?;Potjevlesch;Touffaye;Brotpudding;Pintxos;Confirmé;Dieses Gericht wurde im Mittelalter in Westhoek geboren, aber manche sehen seinen Ursprung genauer in der Region Dünkirchen.;
16;de;Welche mehrjährige, semi-aquatische Pflanze wird in der Region weit verbreitet angebaut ?;Brunnenkresse;Rucola;Kerbel;Spinat;Confirmé;Brunnenkresse hat einen Rekordgehalt an Eisen und Kalzium sowie viel Vitamin C, was sie zu einem Lebensmittel der Wahl macht.;https://de.wikipedia.org/wiki/Echte_Brunnenkresse
17;de;Was war die letzte größere Stadt in Frankreich, die am 9. Mai 1945 befreit wurde ?;Dünkirchen;Roubaix;Tourcoing;Calais;Confirmé;Die Stadt Dünkirchen gab einem der Lieder der Gruppe Indochine ihren Namen, der auf dem 2002 erschienenen Album « Paradize » erschien.;https://de.wikipedia.org/wiki/Dunkerque
18;de;Die Abkochung welcher Wurzel hat wohltuende Wirkungen auf Nieren und Magen ?;Chicorée;Artischocke;Klette;Distel;Confirmé;Chicorée, als Getränk mit oder ohne Kaffee, ist in Belgien, aber auch in Nord-Pas-de-Calais sehr beliebt.;
19;de;Welche Fischarten können Sie im Nausikaa-Streichbecken streicheln ?;Strahlen;Haie;Schildkröten;Lachs;Confirmé;Mit mehr als 600.000 Besuchern pro Jahr ist es nach dem Parc Astérix die zweitgrößte Touristenattraktion nördlich von Paris.;
20;de;In welcher Stadt in Frankreich befindet sich einer der beiden Eurotunnel-Terminals ?;Kakerlaken;Köln;Boursine;Markieren;Confirmé;Coquelles liegt in der Nähe des Hafens von Calais, dem führenden französischen Hafen für den Passagierverkehr zwischen Frankreich und England.;https://de.wikipedia.org/wiki/Coquelles
21;de;Für welchen 6,25-Meter-Giganten ist die Stadt Kassel heute berühmt ?;Reuze Papa;Schöne Helena;Mülleimer;T'chio Blaise;Expert;Der Karneval am Ostermontag ist der Anlass für eine große Party, wenn Reuze Papa und Reuze Maman in die Herde zurückkehren.;https://de.wikipedia.org/wiki/Cassel_(Nord)
22;de;Welches Tier ist auf der Wetterfahne des Glockenturms von Bergues dargestellt ?;Löwe;Schlucken;Hahn;Bär;Expert;Der Belfried von Bergues wurde 1940 durch einen Brand beschädigt und 1944 durch Sprengungen deutscher Truppen zerstört.;
23;de;Welcher Spekulatius-ähnliche Keks wird in Aire-sur-la-Lys hergestellt ?;Meister;Snickerdoodles;Gimbel;Kouign amann;Expert;Dieser kleine trockene Kuchen aus gemahlenen Mandeln, braunem Zucker und Orangenblüten wurde Ende des 18. Jahrhunderts von Cyrille Faes kreiert.;https://de.wikipedia.org/wiki/Aire-sur-la-Lys
24;de;Was war der erste Künstlername von Line Renaud, geboren in Armentières ?;Jacqueline Strahl;Josette Dayde;Jane Alle;Jean Aubert;Expert;Die Line Renaud Road in Las Vegas liegt in der Nähe der Straßen, die nach seinen Freunden Frank Sinatra und Dean Martin benannt sind.;https://de.wikipedia.org/wiki/Line_Renaud
25;de;Welthauptstadt der Zichorie, welche Stadt hat ihr ein Museum gewidmet ?;Orchideen;Duai;Lecluse;Bouvignies;Expert;Orchies ist der Hauptsitz der Leroux Company. Dieses Unternehmen ist weltweit führend in der Produktion und Verarbeitung von Chicorée.;https://de.wikipedia.org/wiki/Orchies
26;de;Auf welches Musikgenre ist der aus Calais stammende Didier Lockwood ein Spezialist ?;Jazz;Land;Reggae;Elektro;Expert;Er ist Mitbegründer des Festival des Puces, eines Gypsy-Jazz-Festivals, das jedes Jahr im Puces de Saint-Ouen stattfindet.;https://de.wikipedia.org/wiki/Didier_Lockwood
27;de;Welcher berühmte Boxer, gebürtig aus Hénin-Beaumont, erhielt den Spitznamen „Zerstörer“ ?;Charles Humez;Maurice Holtzer;Alfons Halimi;Steve Herelius;Expert;Seine Karriere musste er nach einer Verletzung bei der Verteidigung seines Europameistertitels am 4.;https://de.wikipedia.org/wiki/Charles_Humez
28;de;Welchen alten Hafen von Pas-de-Calais beschwört Dante in « Divine Comédie » herauf ?;Wisser;Calais;Boulogne;Brest;Expert;Die « Commedia » ist Dantes berühmtestes Werk und eines der wichtigsten Zeugnisse mittelalterlicher Zivilisation.;
29;de;Welcher Roubaisien gewann 1912 und 1914 das Paris-Roubaix ?;Charles Crupelandt;Henri Pelissier;John Alavone;Achille Souchard;Expert;Der 1955 verstorbene Charles Crupelandt wurde wegen seiner außergewöhnlichen Größe und insbesondere seiner Sprints als Stier des Nordens bezeichnet.;https://de.wikipedia.org/wiki/Charles_Crupelandt
30;de;Was ist die teuerste Fläche im « Monopoly » von Nord-Pas-de-Calais ?;Lille;Dünkirchen;Roubaix;Tourcoing;Expert;Monopoly ist ein On-Course-Brettspiel, dessen Ziel es ist, Gegner durch den Kauf und Verkauf von Grundstücken zu ruinieren.;https://de.wikipedia.org/wiki/Monopoly
1;es;La achicoria se propagó en el Norte por falta de qué materia prima ?;Café;Cacao;Té;cebada;Débutant;Es la raíz de achicoria industrial, cortada en cosetas o rallada, luego secada, tostada y molida, la que se utiliza.;
2;es;¿Qué río que pasa por Tournai también cruza la ciudad de Valenciennes ?;Escalda;bufanda;yzer;Deule;Débutant;El Escalda es un río de 355 km de largo que atraviesa tres países (Francia, Bélgica y los Países Bajos) antes de desembocar en el Mar del Norte.;https://es.wikipedia.org/wiki/Río Escalda
3;es;¿Qué bebida es para la gente del norte lo que es la sidra para los bretones ?;Cerveza;Armañac;Kirsch;Triple segundo;Débutant;La mayor parte de la producción se lleva a cabo en Alsacia, Lorena, Nord-Pas-de-Calais, Bretaña y Borgoña.;
4;es;¿En qué mes salen los ciclistas de París para llegar a Roubaix ?;junio;julio;agosto;septiembre;Débutant;Paris-Roubaix es una carrera ciclista creada en 1896 por Théodore Vienne tras la inauguración del nuevo velódromo de Roubaix.;https://es.wikipedia.org/wiki/París-Roubaix
5;es;¿Qué saboreas si pides una rubia en el Norte ?;Una cerveza;Un postre;Un digestivo;Un coctel;Débutant;A menudo se confunde entre el término lager, que designa el color de la cerveza, y los tipos de cerveza en sentido estricto.;
6;es;¿En qué ciudad del norte puedes admirar la luz de la luna al pasar ?;Maubeuge;Cambria;duai;Bethune;Débutant;Pierre Perrin, taxista, es conocido por « Un clair de lune à Maubeuge » (1962), una canción que permaneció en las listas durante nueve semanas.;
7;es;¿Cuántos metros se eleva Cap Gris-Nez sobre el océano ?;45 metros;35 metros;25 metros;55 metros;Débutant;Situado a unos 15 km al norte de Boulogne-sur-Mer, es el punto de la costa francesa más cercano a Inglaterra (30,3 km).;https://es.wikipedia.org/wiki/Cabo_Gris-Nez
8;es;¿Qué arquitecto construyó la ciudadela de Lille y las fortificaciones de Dunkerque ?;Vauban;duceto;Beausire;gruñidor;Débutant;Bautizada por el mismo Vauban como la reina de las ciudadelas, la ciudadela de Lille es una estructura militar notable por sus dimensiones.;
9;es;¿En qué ciudad del Norte ha experimentado un auge notable la industria del cristal ?;arcos;San Omer;hora;Clety;Débutant;La ciudad de Arques también es famosa por su antiguo ascensor de barcos Fontinettes, ahora único en Francia.;https://es.wikipedia.org/wiki/Arques_(Paso_de_Calais)
10;es;¿Qué azúcar moreno sin refinar es una especialidad belga y del norte ?;azúcar moreno;Wasabón;cosumar;panela;Débutant;Se utiliza principalmente en tortitas, requesón, arroz con leche, manzanas al horno o simplemente en pan.;
11;es;En Tourcoing, ¿qué edificio de 1905 figura en el inventario de monumentos históricos ?;Estación;Ayuntamiento;Casinos;Campanario;Confirmé;La estación de Tourcoing sirvió de escenario para la escena inicial de la película « Le Corps de mon ennemi » (1976), dirigida por Henri Verneuil.;
12;es;¿En qué año se abrió al público el Eurotúnel de Coquelles ?;1994;1996;1998;2000;Confirmé;Getlink transporta 20 millones de pasajeros, 1,6 millones de camiones y 2 mil millones de toneladas de mercancías cada año.;
13;es;¿Qué parque de atracciones se encuentra en el bosque de Merlimont ?;Bagatela;Aquanor;Zygofolis;Scenoparc;Confirmé;Con una cuarentena de atracciones, juegos y espectáculos de pago, es el parque de atracciones activo más antiguo de Francia.;
14;es;¿Qué motivo floral se encuentra en el escudo de armas de la ciudad de Lille ?;flor de lirio;Cruz;Águila;León;Confirmé;Presente en el mundo romano bizantino, la flor de lis es una de las cuatro figuras más populares junto con las cruces, el águila y el león.;https://es.wikipedia.org/wiki/Flor_de_lis
15;es;¿Cómo se llama la terrina local de conejo, ternera, cerdo y pollo ?;Potjevlesch;Touffaye;budín de pan;pintxos;Confirmé;Este plato nació en Westhoek en la Edad Media, pero algunos sitúan su origen más precisamente en la región de Dunkerque.;https://es.wikipedia.org/wiki/Potjevleesch
16;es;¿Qué planta semiacuática perenne se cultiva ampliamente en la región ?;berro;rúcula;perifollo;Espinacas;Confirmé;El berro tiene un nivel récord de hierro y calcio, así como mucha vitamina C, lo que lo convierte en un alimento de elección.;https://es.wikipedia.org/wiki/Nasturtium_officinale
17;es;¿Cuál fue la última gran ciudad de Francia en ser liberada el 9 de mayo de 1945 ?;Dunkerque;Roubaix;Turismo;Calais;Confirmé;La ciudad de Dunkerque dio nombre a una de las canciones del grupo Indochine, apareciendo en el álbum « Paradize » lanzado en 2002.;https://es.wikipedia.org/wiki/Dunkerque
18;es;¿La decocción de qué raíz tiene efectos beneficiosos sobre los riñones y el estómago ?;Achicoria;Alcachofa;Bardana;Cardo;Confirmé;La achicoria, en forma de bebida combinada o no con café, es muy popular en Bélgica, así como en Nord-Pas-de-Calais.;
19;es;¿Qué variedad de peces puedes acariciar en la piscina Nausicaa touch ?;Rayos;Tiburones;Tortugas;salmón;Confirmé;Con más de 600.000 visitantes al año, es el segundo sitio turístico más concurrido al norte de París después de Parc Astérix.;
20;es;¿En qué ciudad de Francia se encuentra una de las dos terminales de Eurotunnel ?;cucarachas;colonia;Boursine;marca;Confirmé;Coquelles se encuentra cerca del puerto de Calais, el puerto francés líder en tráfico de pasajeros entre Francia e Inglaterra.;https://es.wikipedia.org/wiki/Coquelles
21;es;¿Por qué gigante de 6,25 metros es ahora famosa la ciudad de Kassel ?;Papá Reuze;Hermosa Helena;papelera;T'chio Blaise;Expert;El carnaval del Lunes de Pascua es la ocasión de una gran fiesta cuando Reuze Papa y Reuze Maman regresan al redil.;https://es.wikipedia.org/wiki/Cassel_(Norte)
22;es;¿Qué animal está representado en la veleta del campanario de Bergues ?;León;Golondrina;gallo;Oso;Expert;El campanario de Bergues fue dañado por un incendio en 1940 y destruido por una voladura de las tropas alemanas en 1944.;
23;es;¿Qué galleta similar a Speculoos se hace en Aire-sur-la-Lys ?;mastel;Snickerdoodles;gimblette;Kouign amann;Expert;Este pequeño pastel seco elaborado con almendras en polvo, azúcar moreno y azahar fue creado a finales del siglo XVIII por Cyrille Faes.;https://es.wikipedia.org/wiki/Aire-sur-la-Lys
24;es;¿Cuál fue el primer nombre artístico de Line Renaud, nacida en Armentières ?;Rayo Jacqueline;Josette Dayde;Jane Todos;Juan Aubert;Expert;The Line Renaud Road en Las Vegas está cerca de las calles que llevan el nombre de sus amigos Frank Sinatra y Dean Martin.;https://es.wikipedia.org/wiki/Line_Renaud
25;es;Capital mundial de la achicoria, ¿qué ciudad ofrece un museo dedicado a ella ?;orquideas;duai;Leclusa;Bouvignies;Expert;Orchies es la sede de la Compañía Leroux. Esta empresa es líder mundial en la producción y procesamiento de achicoria.;https://es.wikipedia.org/wiki/Orchies
26;es;¿En qué género musical es especialista Didier Lockwood, natural de Calais ?;Jazz;País;reggae;electro;Expert;Es cofundador del Festival des Puces, un festival de jazz gitano que se celebra todos los años en el Puces de Saint-Ouen.;https://es.wikipedia.org/wiki/Didier_Lockwood
27;es;¿Qué famoso boxeador, nativo de Hénin-Beaumont, fue apodado el ;Carlos Húmez;Mauricio Holtzer;Alfonso Halimi;Steve Herelio;Expert;Tuvo que detener su carrera tras una lesión durante la defensa de su título de campeón de Europa en Berlín el 4 de octubre de 1958.;
28;es;¿Qué antiguo puerto de Paso de Calais evoca Dante en la « Divine Comédie » ?;Wissant;Calais;Bolonia;Brest;Expert;La « Commedia » es la obra más famosa de Dante y uno de los testimonios más importantes de la civilización medieval.;
29;es;¿Qué Roubaisien ganó la París-Roubaix en 1912 y 1914 ?;Carlos Crupelandt;Enrique Pelissier;Juan Alavoine;Achille Souchard;Expert;Fallecido en 1955, Charles Crupelandt fue apodado el Toro del Norte por su excepcional tamaño y sobre todo por sus sprints.;https://es.wikipedia.org/wiki/Charles_Crupelandt
30;es;¿Cuál es el espacio más caro del « Monopoly » de Nord-Pas-de-Calais ?;Lila;Dunkerque;Roubaix;Turismo;Expert;Monopoly es un juego de mesa en curso cuyo objetivo es, a través de la compra y venta de propiedades, arruinar a los oponentes.;https://es.wikipedia.org/wiki/Monopoly
1;it;La cicoria si è diffusa al Nord per mancanza di quale materia prima ?;Caffè;cacao;Tè;Orzo;Débutant;E' la radice della cicoria industriale, tagliata a fettine o grattugiata, poi essiccata, tostata e macinata, che viene utilizzata.;
2;it;Quale fiume, passando per Tournai, attraversa anche la città di Valenciennes ?;Schelda;sciarpa;yzer;Delè;Débutant;La Schelda è un fiume lungo 355 km che attraversa tre paesi (Francia, Belgio e Paesi Bassi) prima di sfociare nel Mare del Nord.;https://it.wikipedia.org/wiki/Schelda
3;it;Che bevanda è per la gente del nord che cosa è il sidro per i bretoni ?;Birra;Armagnac;Kirsch;Triplo secondo;Débutant;La maggior parte della produzione viene svolta in Alsazia, Lorena, Nord-Passo di Calais, Bretagna e Borgogna.;
4;it;In quale mese i ciclisti lasciano Parigi per raggiungere Roubaix ?;giugno;luglio;agosto;settembre;Débutant;La Parigi-Roubaix è una corsa ciclistica creata nel 1896 da Théodore Vienne dopo l'apertura del nuovo velodromo di Roubaix.;https://it.wikipedia.org/wiki/Parigi-Roubaix
5;it;Cosa assapori se chiedi una bionda al nord ?;Una birra;Un dolce;Un digestivo;Un cocktail;Débutant;Viene spesso confuso tra il termine lager, che designa il colore della birra, e le tipologie di birra in senso stretto.;
6;it;In quale città del nord puoi ammirare il chiaro di luna di passaggio ?;Maubeuge;Cambria;duai;Bethune;Débutant;Un tassista, Pierre Perrin è noto per « Un clair de lune à Maubeuge » (1962), una canzone che è rimasta in classifica per nove settimane.;
7;it;Quanti metri si erge Cap Gris-Nez al di sopra dell'oceano ?;45 metri;35 metri;25 metri;55 metri;Débutant;Situato a circa 15 km a nord di Boulogne-sur-Mer, è il punto più vicino della costa francese all'Inghilterra (30,3 km).;https://it.wikipedia.org/wiki/Cap_Gris-Nez
8;it;Quale architetto costruì la cittadella di Lille e le fortificazioni di Dunkerque ?;Vauban;ducreto;Beausire;ringhiatore;Débutant;Battezzata dallo stesso Vauban regina delle cittadelle, la cittadella di Lille è una struttura militare notevole per le sue dimensioni.;
9;it;In quale città del nord l'industria del cristallo ha conosciuto un notevole boom ?;archi;Sant'Omer;buca;Clety;Débutant;La città di Arques è anche famosa per il suo vecchio impianto di risalita delle Fontinettes, oggi unico in Francia.;https://it.wikipedia.org/wiki/Arques_(Passo_di_Calais)
10;it;Quale zucchero di canna grezzo è una specialità belga e settentrionale ?;zucchero di canna;Wasabon;cosumare;pannello;Débutant;Viene utilizzato principalmente sulle frittelle, nella ricotta, nel budino di riso, nelle mele al forno o semplicemente sul pane.;
11;it;A Tourcoing, quale edificio del 1905 è elencato nell'inventario dei monumenti storici ?;stazione;Municipio;Casinò;Campanile;Confirmé;La stazione di Tourcoing è stata l'ambientazione per la scena di apertura del film « Le Corps de mon ennemi » (1976), diretto da Henri Verneuil.;https://it.wikipedia.org/wiki/Stazione_di_Tourcoing
12;it;In quale anno è stato aperto al pubblico l'Eurotunnel di Coquelles ?;1994;1996;1998;2000;Confirmé;Getlink trasporta 20 milioni di passeggeri, 1,6 milioni di camion e 2 miliardi di tonnellate di merci ogni anno.;https://it.wikipedia.org/wiki/Getlink
13;it;Quale parco divertimenti si trova nella foresta di Merlimont ?;sciocchezza;Acquanor;Zigofolis;Scenoparco;Confirmé;Composto da una quarantina di attrazioni, giochi e spettacoli a pagamento, è il più antico parco divertimenti attivo in Francia.;
14;it;Quale motivo floreale si trova sullo stemma della città di Lille ?;Fiore di giglio;Croce;Aquila;Leone;Confirmé;Presente nel mondo romano bizantino, il giglio è una delle quattro figure più popolari insieme alle croci, all'aquila e al leone.;https://it.wikipedia.org/wiki/Giglio_(araldica)
15;it;Come si chiama la terrina locale di coniglio, vitello, maiale e pollo ?;Potjevlesch;Touffay;budino di pane;Pintxos;Confirmé;Questo piatto è nato nel Westhoek nel Medioevo, ma alcuni ne collocano l'origine più precisamente nella regione di Dunkerque.;https://it.wikipedia.org/wiki/Potjevleesch
16;it;Quale pianta perenne semiacquatica è ampiamente coltivata nella regione ?;crescione;rucola;Cerfoglio;Spinaci;Confirmé;Il crescione ha un livello record di ferro e calcio, oltre a molta vitamina C, il che lo rende un alimento preferito.;https://it.wikipedia.org/wiki/Nasturtium_officinale
17;it;Qual è stata l'ultima grande città francese ad essere liberata il 9 maggio 1945 ?;Dunkerque;Roubaix;Tourcoing;Calais;Confirmé;La città di Dunkerque ha dato il nome a una delle canzoni del gruppo Indochine, che appare nell'album « Paradize » pubblicato nel 2002.;https://it.wikipedia.org/wiki/Dunkerque
18;it;Il decotto di quale radice ha effetti benefici sui reni e sullo stomaco ?;cicoria;Carciofo;Bardana;cardo;Confirmé;La cicoria, sotto forma di bevanda abbinata o meno al caffè, è molto popolare in Belgio, così come nel Nord-Pas-de-Calais.;
19;it;Che varietà di pesci puoi accarezzare nella piscina tattile Nausicaa ?;Raggi;squali;tartarughe;salmone;Confirmé;Con oltre 600.000 visitatori all'anno, è il secondo sito turistico più trafficato a nord di Parigi dopo il Parc Astérix.;
20;it;In quale città della Francia si trova uno dei due terminal dell'Eurotunnel ?;scarafaggi;Coulogne;Borsina;Marco;Confirmé;Coquelles si trova vicino al porto di Calais, il principale porto francese per il traffico passeggeri tra Francia e Inghilterra.;https://it.wikipedia.org/wiki/Coquelles
21;it;Per quale gigante di 6,25 metri è ormai famosa la città di Kassel ?;Reuze Papà;Bella Elena;cestino;T'chio Blaise;Expert;Il carnevale del lunedì di Pasqua è l'occasione di una grande festa quando Reuze Papa e Reuze Maman tornano all'ovile.;https://it.wikipedia.org/wiki/Cassel_(Francia)
22;it;Quale animale è rappresentato sulla banderuola del campanile di Bergues ?;Leone;rondine;Gallo;Orso;Expert;Il Campanile di Bergues fu danneggiato da un incendio nel 1940 e distrutto da un'esplosione dalle truppe tedesche nel 1944.;
23;it;Quale biscotto simile a Speculoos viene prodotto ad Aire-sur-la-Lys ?;mastello;Snickerdoodles;Gimblette;Kouign amann;Expert;Questa piccola torta secca a base di polvere di mandorle, zucchero di canna e fiori d'arancio è stata creata alla fine del 18° secolo da Cyrille Faes.;https://it.wikipedia.org/wiki/Aire-sur-la-Lys
24;it;Qual è stato il primo nome d'arte di Line Renaud, nata ad Armentières ?;Jacqueline Ray;Josette Dayde;Jane Tutti;Jean Aubert;Expert;La Line Renaud Road a Las Vegas si trova vicino alle strade intitolate ai suoi amici Frank Sinatra e Dean Martin.;https://it.wikipedia.org/wiki/Line_Renaud
25;it;Capitale mondiale della cicoria, quale città offre un museo ad essa dedicato ?;orchidee;duai;Lecluse;Bouvignies;Expert;Orchies è la sede della Leroux Company. Questa azienda è leader mondiale nella produzione e lavorazione della cicoria.;https://it.wikipedia.org/wiki/Orchies
26;it;Di che genere musicale è Didier Lockwood, originario di Calais, specialista ?;Jazz;Paese;Reggae;Elettro;Expert;È co-fondatore del Festival des Puces, un festival jazz gitano che si tiene ogni anno al Puces de Saint-Ouen.;https://it.wikipedia.org/wiki/Didier_Lockwood
27;it;Quale famoso pugile, originario di Hénin-Beaumont, era soprannominato il ;Carlo Humez;Maurice Holtzer;Alfonso Halimi;Steve Herelius;Expert;Ha dovuto interrompere la sua carriera dopo un infortunio durante la difesa del suo titolo di campionato europeo a Berlino il 4 ottobre 1958.;https://it.wikipedia.org/wiki/Charles_Humez
28;it;Quale antico porto di Pas-de-Calais evoca Dante nella « Divine Comédie » ?;saggio;Calais;Boulogne;Brest;Expert;La « Commedia » è l'opera più famosa di Dante e una delle più importanti testimonianze della civiltà medievale.;
29;it;Quale Roubaisien vinse la Parigi-Roubaix nel 1912 e nel 1914 ?;Charles Crupelandt;Henri Pelissier;Giovanni Alavoine;Achille Souchard;Expert;Morto nel 1955, Charles Crupelandt fu soprannominato il Toro del Nord per le sue eccezionali dimensioni e soprattutto per i suoi sprint.;https://it.wikipedia.org/wiki/Charles_Crupelandt
30;it;Qual è lo spazio più costoso del « Monopoly » del Nord-Passo di Calais ?;Lilla;Dunkerque;Roubaix;Tourcoing;Expert;Il monopolio è un gioco da tavolo in corso il cui obiettivo è, attraverso l'acquisto e la vendita di proprietà, rovinare gli avversari.;https://it.wikipedia.org/wiki/Monopoly
1;nl;Witlof verspreidde zich in het noorden door gebrek aan welke grondstof ?;Koffie;Cacao;Thee;Gerst;Débutant;Het is de wortel van industrieel cichorei, in cossettes gesneden of geraspt, vervolgens gedroogd, geroosterd en gemalen, die wordt gebruikt.;
2;nl;Welke rivier die door Doornik stroomt, doorkruist ook de stad Valenciennes ?;Schelde;sjaal;yzer;Deule;Débutant;De Schelde is een 355 km lange rivier die drie landen (Frankrijk, België en Nederland) doorkruist alvorens uit te monden in de Noordzee.;https://nl.wikipedia.org/wiki/Schelde (rivier)
3;nl;Welke drank is voor de mensen in het noorden wat cider is voor de Bretons ?;Bier;Armagnac;kirsch;Drie seconden;Débutant;Het grootste deel van de productie vindt plaats in de Elzas, Lotharingen, Nord-Pas-de-Calais, Bretagne en Bourgondië.;
4;nl;In welke maand verlaten fietsers Parijs om Roubaix te bereiken ?;juni;juli;augustus;september;Débutant;Paris-Roubaix is een wielerwedstrijd die in 1896 werd opgericht door Théodore Vienne na de opening van de nieuwe wielerbaan van Roubaix.;https://nl.wikipedia.org/wiki/Parijs-Roubaix
5;nl;Waar geniet je van als je om een blondine in het noorden vraagt ?;Een biertje;Een toetje;Een spijsvertering;Een cocktail;Débutant;Het wordt vaak verward tussen de term pils, die de kleur van het bier aangeeft, en de soorten bier strikt genomen.;
6;nl;In welke stad in het noorden kun je het maanlicht bewonderen tijdens het passeren ?;Maubeuge;Cambria;duai;Bethune;Débutant;Pierre Perrin, een taxichauffeur, staat bekend om « Un clair de lune à Maubeuge » (1962), een nummer dat negen weken in de hitlijsten stond.;
7;nl;Hoeveel meter steekt Cap Gris-Nez boven de oceaan uit ?;45 meter;35 meter;25 meter;55 meter;Débutant;Het ligt ongeveer 15 km ten noorden van Boulogne-sur-Mer en is het dichtstbijzijnde punt aan de Franse kust naar Engeland (30,3 km).;https://nl.wikipedia.org/wiki/Cap_Gris-Nez
8;nl;Welke architect bouwde de citadel van Lille en de vestingwerken van Duinkerke ?;Vauban;ducret;Beausire;grommer;Débutant;De citadel van Lille, gedoopt door Vauban zelf, de koningin van de citadellen, is een militair bouwwerk dat opmerkelijk is vanwege zijn afmetingen.;https://nl.wikipedia.org/wiki/Citadel_van_Rijsel
9;nl;In welke stad in het noorden heeft de kristalindustrie een opmerkelijke bloei doorgemaakt ?;bogen;Sint Omer;huis;Clety;Débutant;De stad Arques is ook beroemd om zijn oude Fontinettes-bootlift, nu uniek in Frankrijk.;https://nl.wikipedia.org/wiki/Arques_(Pas-de-Calais)
10;nl;Welke ongeraffineerde bruine suiker is een Belgische en noordelijke specialiteit ?;bruine suiker;Wasabon;cosumar;panela;Débutant;Het wordt voornamelijk gebruikt op pannenkoeken, in kwark, rijstpudding, gebakken appels of gewoon op brood.;https://nl.wikipedia.org/wiki/Cassonade
11;nl;Welk gebouw uit 1905 staat in Tourcoing op de inventaris van historische monumenten ?;Station;Stadhuis;Casino's;Belfort;Confirmé;Station Tourcoing diende als decor voor de openingsscène van de film « Le Corps de mon ennemi » (1976), geregisseerd door Henri Verneuil.;https://nl.wikipedia.org/wiki/Station_Tourcoing
12;nl;In welk jaar werd de Eurotunnel in Coquelles voor het grote publiek geopend ?;1994;1996;1998;2000;Confirmé;Getlink vervoert jaarlijks 20 miljoen passagiers, 1,6 miljoen vrachtwagens en 2 miljard ton goederen.;https://nl.wikipedia.org/wiki/Getlink
13;nl;Welk pretpark ligt in het bos van Merlimont ?;Kleinigheid;Aquanor;Zygofolis;Scenoparc;Confirmé;Met een veertigtal attracties, betalende spelletjes en shows is het het oudste actieve pretpark van Frankrijk.;
14;nl;Welk bloemmotief staat op het wapen van de stad Lille ?;Lelie Bloem;Kruis;Adelaar;Leeuw;Confirmé;Aanwezig in de Byzantijnse Romeinse wereld, is de fleur-de-lis een van de vier meest populaire figuren, samen met de kruisen, de adelaar en de leeuw.;https://nl.wikipedia.org/wiki/Fleur_de_lis
15;nl;Hoe heet de lokale konijnen-, kalfs-, varkens- en kippenterrine ?;Potjevlesch;Touffaye;broodpudding;Pintxos;Confirmé;Dit gerecht werd in de middeleeuwen in de Westhoek geboren, maar sommigen vinden zijn oorsprong meer bepaald in de regio van Duinkerken.;https://nl.wikipedia.org/wiki/Potjevleesch
16;nl;Welke meerjarige, semi-aquatische plant wordt op grote schaal in de regio gekweekt ?;Waterkers;rucola;Kervel;Spinazie;Confirmé;Waterkers heeft een recordgehalte aan ijzer en calcium, evenals veel vitamine C, waardoor het een voedsel bij uitstek is.;https://nl.wikipedia.org/wiki/Witte_waterkers
17;nl;Wat was de laatste grote stad in Frankrijk die op 9 mei 1945 werd bevrijd ?;Duinkerken;Roubaix;Tourcoing;Calais;Confirmé;De stad Duinkerken gaf zijn naam aan een van de nummers van de groep Indochine, die verscheen op het album « Paradize » dat in 2002 werd uitgebracht.;https://nl.wikipedia.org/wiki/Duinkerke
18;nl;Het afkooksel van welke wortel heeft gunstige effecten op de nieren en maag ?;Witlof;Artisjok;Klis;Distel;Confirmé;Witlof, in de vorm van een drankje, al dan niet gecombineerd met koffie, is erg populair in België, maar ook in Nord-Pas-de-Calais.;
19;nl;Welke soorten vissen kun je aaien in de Nausicaa touch pool ?;Stralen;Haaien;Schildpadden;Zalm;Confirmé;Met meer dan 600.000 bezoekers per jaar is het na Parc Astérix de drukste toeristische trekpleister ten noorden van Parijs.;
20;nl;In welke stad in Frankrijk bevindt zich een van de twee Eurotunnel-terminals ?;Kakkerlakken;Coulogne;Boursine;Markeer;Confirmé;Coquelles ligt vlakbij de haven van Calais, de belangrijkste Franse haven voor passagiersvervoer tussen Frankrijk en Engeland.;https://nl.wikipedia.org/wiki/Coquelles
21;nl;Om welke reus van 6,25 meter is de stad Kassel nu beroemd ?;Reuze Papa;Mooie Helena;binbin;T'chio Blaise;Expert;Het carnaval van Paasmaandag is de gelegenheid van een groot feest wanneer Reuze Papa en Reuze Maman terugkeren naar de kudde.;https://nl.wikipedia.org/wiki/Kassel_(Frankrijk)
22;nl;Welk dier staat afgebeeld op de windwijzer van het belfort van Bergues ?;Leeuw;slikken;Haan;Beer;Expert;Het Belfort van Bergues werd in 1940 door brand beschadigd en in 1944 verwoest door explosies door Duitse troepen.;https://nl.wikipedia.org/wiki/Belfort_van_Sint-Winoksbergen
23;nl;Welk koekje vergelijkbaar met Speculoos wordt gemaakt in Aire-sur-la-Lys ?;mastel;Snickerdoodles;Gimblette;Kouign amann;Expert;Deze kleine droge cake gemaakt van amandelpoeder, bruine suiker en oranjebloesem werd aan het einde van de 18e eeuw gemaakt door Cyrille Faes.;https://nl.wikipedia.org/wiki/Aire-sur-la-Lys
24;nl;Wat was de eerste artiestennaam van Line Renaud, geboren in Armentières ?;Jacqueline Ray;Josette Dayde;Jane Iedereen;Jean Aubert;Expert;The Line Renaud Road in Las Vegas ligt in de buurt van de straten die zijn vernoemd naar zijn vrienden Frank Sinatra en Dean Martin.;https://nl.wikipedia.org/wiki/Line_Renaud
25;nl;Wereldhoofdstad van cichorei, in welke stad is een museum gewijd ?;orchideeën;duai;Lecluse;Bouvignies;Expert;Orchies is het hoofdkantoor van de Leroux Company. Dit bedrijf is wereldleider in de productie en verwerking van witlof.;https://nl.wikipedia.org/wiki/Orchies
26;nl;In welk muziekgenre is Didier Lockwood, geboren in Calais, een specialist ?;Jazz;Land;Reggae;Elektro;Expert;Hij is mede-oprichter van het Festival des Puces, een zigeunerjazzfestival dat elk jaar in de Puces de Saint-Ouen wordt gehouden.;https://nl.wikipedia.org/wiki/Didier_Lockwood
27;nl;Welke beroemde bokser, afkomstig uit Hénin-Beaumont, kreeg de bijnaam ;Charles Humez;Maurice Holtzer;Alphonse Halimi;Steve Herelius;Expert;Hij moest zijn loopbaan stopzetten na een blessure tijdens een verdediging van zijn Europese kampioenstitel in Berlijn op 4 oktober 1958.;
28;nl;Welke oude havenstad van Pas-de-Calais roept Dante op in « Divine Comédie » ?;wissant;Calais;Boulogne;Brest;Expert;De « Commedia » is Dantes beroemdste werk en een van de belangrijkste getuigenissen van de middeleeuwse beschaving.;
29;nl;Welke Roubaisien won de Parijs-Roubaix in 1912 en 1914 ?;Charles Crupelandt;Henri Pelissier;John Alavoine;Achille Souchard;Expert;Charles Crupelandt stierf in 1955 en kreeg de bijnaam de Stier van het Noorden vanwege zijn uitzonderlijke grootte en vooral zijn sprints.;https://nl.wikipedia.org/wiki/Charles_Crupelandt
30;nl;Wat is de duurste ruimte in het « Monopoly » van Nord-Pas-de-Calais ?;Rijsel;Duinkerken;Roubaix;Tourcoing;Expert;Monopoly is een bordspel op de baan waarvan het doel is, door het kopen en verkopen van eigendommen, tegenstanders te ruïneren.;https://nl.wikipedia.org/wiki/Monopoly
