1;fr;Quelle recette originaire de Naples est faite à base de galette de pâte à pain ?;Pizza;Poutine;Taco;Truffade;Débutant;Cuite au four, la pizza traditionnelle est principalement garnie d'huile d'olive, de sauce tomate, de mozzarella et d'autres ingrédients.;https://fr.wikipedia.org/wiki/Pizza
2;fr;Quelle sauce est faite à base de boeuf haché, sauce tomate et oignons ?;Bolognaise;Vincotto;Pesto;Génoise;Débutant;À Bologne, la sauce bolognaise est surtout utilisée avec des tagliatelles, lasagnes, cannellonis, pâtes au four, ou polenta.;https://fr.wikipedia.org/wiki/Sauce_bolognaise
3;fr;Quelle préparation propose du boeuf cru coupé en tranches très fines ?;Carpaccio;Crostino;Frico;Risotto;Débutant;Cette recette d'origine a depuis été déclinée en de nombreuses variantes, à base d'autres viandes, mais aussi de poissons.;https://fr.wikipedia.org/wiki/Carpaccio
4;fr;Quelle spécialité à base de viande de veau peut se préparer à la milanaise ?;Escalope;Aiguillette;Carcasse;Persillé;Débutant;Elle est traditionnellement cuite au beurre, et généralement servie avec des légumes ou salade, et éventuellement du jus de citron.;https://fr.wikipedia.org/wiki/Escalope_à_la_milanaise
5;fr;Quelle réduction d'un bouillon de riz est cuit avec divers ingrédients ?;Risotto;Paella;Congri;Massa;Débutant;Le safran est à l'origine utilisé pour relever le goût du risotto, et son usage est reconnaissable grâce à sa coloration jaune.;https://fr.wikipedia.org/wiki/Risotto
6;fr;Quelle liqueur de citron originaire d'Italie est entre autres produite à Capri ?;Limoncello;Granizado;Martini;Sidecar;Débutant;Le limoncello est peu cher à produire, ne nécessitant que du sucre, de l'eau, des zestes de citron, de l'alcool et du temps de maturation.;https://fr.wikipedia.org/wiki/Limoncello
7;fr;Quelles pâtes alimentaires se présentent en forme de feuilles rectangulaires ?;Lasagnes;Cannelloni;Fusilli;Tortellini;Débutant;Originaires du centre-sud italien, les lasagnes sont déclinées sous de multiples variantes dans le monde (épinard, aubergine, pesto).;https://fr.wikipedia.org/wiki/Lasagnes
8;fr;Quelle recette de pâtes farcies pliées est une spécialité du nord-ouest de l'Italie ?;Ravioli;Ducana;Samoussa;Orama;Débutant;La farce des raviolis peut être composée de légumes, fromages, viandes, poissons, pomme de terre, herbes, biscuits ou des fruits.;https://fr.wikipedia.org/wiki/Ravioli
9;fr;Quelle variété de pâtes longues est vendue sous forme de lanières ?;Tagliatelles;Luinguine;Spaghetti;Fettuccine;Débutant;Les tagliatelles sont souvent cuisinées avec une sauce bolognaise, ou à la sauce tomate napolitaine, ou à la carbonara.;https://fr.wikipedia.org/wiki/Tagliatelle
10;fr;Quel plat de pâtes est jeté dans une poêle avec des oeufs et des lardons ?;Carbonara;Tortellini;Ravioli;Lasagne;Débutant;La recette moderne des pâtes à la carbonara utilise des spaghettis, du guanciale, du pecorino, du jaune d'oeuf et du poivre.;https://fr.wikipedia.org/wiki/Pâtes_à_la_carbonara
11;fr;Quelle cuisine italienne préfère les pâtes de semoule de blé dur ?;Napolitaine;Lombarde;Toscane;Sarde;Confirmé;Le temps de cuisson des pâtes est très important et elles doivent être cuites al dente, surtout si elles sont cuisinées à la poêle.;https://fr.wikipedia.org/wiki/Cuisine_napolitaine
12;fr;Quel dessert du Piémont incorpore de la crème, du lait, du sucre et de la gélatine ?;Panna cotta;Barfi;Manjar;Blanc-manger;Confirmé;Pour le gélifiant, la recette piémontaise moderne de la panna cotta utilise une petite quantité de gélatine de porc ou de poisson.;https://fr.wikipedia.org/wiki/Panna_cotta
13;fr;Quelle pizza typique des Pouilles est pliée en deux pour en faire une pâte farcie ?;Calzone;Stromboli;Panzerotti;Sicilienne;Confirmé;Le plus souvent, les pizzas calzone sont préparées par un traiteur, à la demande du client et sont dégustées très chaudes.;https://fr.wikipedia.org/wiki/Calzone
14;fr;Quel condiment, originaire de Ligurie, est semblable au pistou provençal ?;Pesto;Agliata;Mojo;Toum;Confirmé;Le pesto est obtenu en pilant (remuant sous pression) le basilic avec du sel, des pignons de pin et de l'ail, assaisonné d'huile d'olive.;https://fr.wikipedia.org/wiki/Pesto
15;fr;Quel dessert est obtenu en incorporant du marsala à des jaunes d'oeufs ?;Sabayon;Budino;Maritozzo;Pastiera;Confirmé;Cette incorporation se fait au fouet et à feu vif, jusqu'à obtenir une préparation mousseuse et parfumée, servie chaude ou tiède.;https://fr.wikipedia.org/wiki/Sabayon
16;fr;Quelle boisson alcoolisée douce présente une légère saveur d'amande amère ?;Amaretto;Negroni;Grappa;Sambuca;Confirmé;Titrant généralement à 28 degrés d'alcool, l'amaretto est l'une des liqueurs pouvant servir à aromatiser le tiramisu, un dessert italien.;https://fr.wikipedia.org/wiki/Amaretto
17;fr;Quel dérivé de la pizza se présente sous la forme d'un roulé au fromage ?;Stromboli;Poutine;Frico;Tiropita;Confirmé;Le stromboli contient de la mozzarella, de charcuterie italienne tel du salami, de la coppa ou de la bresaola ainsi que des légumes.;https://fr.wikipedia.org/wiki/Stromboli_(plat)
18;fr;Quel dessert traditionnel italien signifie « redonne-moi des forces » ?;Tiramisu;Trianon;Opéra;Brownie;Confirmé;Il est conseillé de ne pas immerger entièrement les biscuits du tiramisu dans le café, au risque d'une consistance spongieuse.;https://fr.wikipedia.org/wiki/Tiramisu
19;fr;Laquelle de ces spécialités n'est pas d'origine italienne mais espagnole ?;Paella;Polenta;Carbonara;Grappa;Confirmé;Originaire de la région de Valence, à l'est et au sud-est de péninsule Ibérique, la paella tient son nom de la poêle qui sert à la cuisiner.;https://fr.wikipedia.org/wiki/Paella
20;fr;Quel entremets glacé italien, typiquement sicilien, est servi semi-congelé ?;Granita;Cendol;Mellorine;Halo-halo;Confirmé;La préparation de la granita est unique et lui donne un aspect de neige, obtenu en respectant une phase précise de solidification.;https://fr.wikipedia.org/wiki/Granita
21;fr;Quel terme désigne à la fois une tartine et une préparation de tomates ?;Bruschetta;Loubia;Clamato;Salmorejo;Expert;Il s'agit souvent d'une tranche de pain de campagne, rassis ou grillé au gril ou au four, sur laquelle on frotte une gousse d'ail.;https://fr.wikipedia.org/wiki/Bruschetta
22;fr;Quel long drink alcoolisé est entre autres composé de prosecco et d'eau de Seltz ?;Spritz;Hyprocas;Grappa;Aquardiente;Expert;Depuis 2015, la contre-étiquette de la bouteille d'Aperol indique le verre à pied comme idéal pour la préparation d'Aperol Spritz.;https://fr.wikipedia.org/wiki/Spritz
23;fr;Quelle région d'Italie est une des seules à avoir adopté le pain sans sel ?;Toscane;Lombardie;Calabre;Vénétie;Expert;La cuisine toscane se caractérise par le manque d'homogénéité et par la divergence radicale des recettes et des traditions culinaires.;https://fr.wikipedia.org/wiki/Cuisine_toscane
24;fr;Quelle eau-de-vie de marc de raisin est produite en Italie et à Saint-Marin ?;Grappa;Sambuca;Amaretto;Negroni;Expert;Produit pauvre par définition, cette boisson alcoolisée a été baptisée pour la première fois grappa à la fin du XIXe siècle.;https://fr.wikipedia.org/wiki/Grappa
25;fr;Avec les intestins de quel animal sont préparés les rigatoni con la pajata ?;Veau;Porc;Cheval;Chèvre;Expert;L'intestin est coupé en morceaux de 20 à 25 cm de long, qui sont liés entre eux par un fil blanc, formant ainsi des anneaux.;https://fr.wikipedia.org/wiki/Rigatoni_con_la_pajata
26;fr;Quelle pâte semi-liquide est constituée d'eau et de farine de céréales ?;Polenta;Baccala;Cotoletta;Rafanata;Expert;Celle-ci est versée dans un chaudron d'eau bouillante salée et est traditionnellement agitée en continu avec un bâton de noisetier.;https://fr.wikipedia.org/wiki/Polenta
27;fr;Quel ragoût de tronçons de jarret de veau est un plat traditionnel milanais ?;Osso buco;Paupiette;Hochepot;Tripou;Expert;Connu depuis le XVIIIe siècle, l'osso buco peut s'accompagner de risotto, polenta, purée de pommes de terre ou pâtes fraîches.;https://fr.wikipedia.org/wiki/Osso_buco
28;fr;Quelle mousse glacée italienne propose trois parfums différents ?;Spumone;Zeppole;Ciambella;Amaretti;Expert;Le spumone (de spuma, qui signifie mousse; au pluriel spumoni) peut également parfois contenir des fruits confits ou des noix.;https://fr.wikipedia.org/wiki/Spumone
29;fr;Quelle entreprise italienne produit un amaro parfumé à l'écorce d'orange ?;Campari;Bacardi;Jinro;Cuervo;Expert;Un amaro se consomme habituellement comme digestif, mais nombre d'amers italiens se consomment fréquemment en cocktail.;https://fr.wikipedia.org/wiki/Campari
30;fr;Quels chaussons de pâte à pizza, originaires des Pouilles, sont parfois appelés calzone ?;Panzerotti;Piadina;Scaccia;Farinata;Expert;Préparés à l'avance, les panzerotti peuvent être réchauffés ensuite au four, dans les établissements de restauration rapide.;https://fr.wikipedia.org/wiki/Panzerotti
1;en;Which recipe from Naples is made with bread dough pancakes ?;Pizza;Putin;Taco;Truffade;Débutant;Baked in the oven, traditional pizza is mainly topped with olive oil, tomato sauce, mozzarella and other ingredients.;https://en.wikipedia.org/wiki/Pizza
2;en;What sauce is made from ground beef, tomato sauce and onions ?;Bolognese;Vincotto;Pesto;Sponge cake;Débutant;In Bologna, Bolognese sauce is mainly used with tagliatelle, lasagna, cannelloni, baked pasta, or polenta.;https://en.wikipedia.org/wiki/Bolognese_sauce
3;en;What preparation uses raw beef cut into very thin slices ?;Carpaccio;Crostin;Frico;Risotto;Débutant;This original recipe has since been declined in numerous variations, based on other meats, but also fish.;https://en.wikipedia.org/wiki/Carpaccio
4;en;What veal specialty can be prepared Milanese style ?;Escalope;Aiguillette;Carcass;Marbled;Débutant;It is traditionally cooked in butter, and generally served with vegetables or salad, and possibly lemon juice.;
5;en;What reduction of a rice broth is cooked with various ingredients ?;Risotto;Paella;Congri;Massa;Débutant;Saffron is originally used to enhance the flavor of risotto, and its use is recognizable thanks to its yellow coloring.;https://en.wikipedia.org/wiki/Risotto
6;en;Which lemon liqueur from Italy is produced in Capri, among others ?;Limoncello;Granizado;Martini;Sidecar;Débutant;Limoncello is inexpensive to produce, requiring only sugar, water, lemon zest, alcohol and maturation time.;https://en.wikipedia.org/wiki/Limoncello
7;en;Which pasta comes in the shape of rectangular sheets ?;Lasagna;Cannelloni;Shot;Tortellini;Débutant;Originating from south-central Italy, lasagna is available in multiple variations around the world (spinach, eggplant, pesto).;https://en.wikipedia.org/wiki/Lasagna
8;en;Which folded stuffed pasta recipe is a specialty of northwest Italy ?;Ravioli;Ducana;Samosa;Orama;Débutant;The ravioli stuffing can be made from vegetables, cheese, meat, fish, potatoes, herbs, biscuits or fruit.;https://en.wikipedia.org/wiki/Ravioli
9;en;What variety of long pasta is sold in strip form ?;Tagliatelle;Luinguine;Spaghetti;Fettuccine;Débutant;Tagliatelle is often cooked with a Bolognese sauce, or Neapolitan tomato sauce, or carbonara.;https://en.wikipedia.org/wiki/Tagliatelle
10;en;What pasta dish is thrown in a pan with eggs and bacon ?;Carbonara;Tortellini;Ravioli;Lasagna;Débutant;The modern carbonara pasta recipe uses spaghetti, guanciale, pecorino, egg yolk and pepper.;
11;en;Which Italian cuisine prefers durum wheat semolina pasta ?;Neapolitan;Lombardy;Tuscany;Sardinian;Confirmé;The cooking time of pasta is very important and it must be cooked al dente, especially if cooked in a pan.;https://en.wikipedia.org/wiki/Neapolitan_cuisine
12;en;What Piedmont dessert incorporates cream, milk, sugar and gelatin ?;Panna cotta;Barfi;Manjar;Blancmange;Confirmé;For the gelling agent, the modern Piedmontese recipe for panna cotta uses a small amount of pork or fish gelatin.;https://en.wikipedia.org/wiki/Panna_cotta
13;en;What typical Apulian pizza is folded in half to make a stuffed dough ?;Calzone;Stromboli;Panzerotti;Sicilian;Confirmé;Most often, calzone pizzas are prepared by a caterer, at the customer's request and are eaten very hot.;https://en.wikipedia.org/wiki/Calzone
14;en;What condiment, originally from Liguria, is similar to Provençal pistou ?;Pesto;Agliata;Mojo;Toum;Confirmé;Pesto is made by pounding (stirring under pressure) basil with salt, pine nuts and garlic, seasoned with olive oil.;https://en.wikipedia.org/wiki/Pesto
15;en;What dessert is obtained by incorporating marsala into egg yolks ?;Zabayon;Budino;Maritozzo;Pastiera;Confirmé;This incorporation is done with a whisk and over high heat, until you obtain a foamy and fragrant preparation, served hot or lukewarm.;https://en.wikipedia.org/wiki/Zabaione
16;en;What mild alcoholic beverage has a slight bitter almond flavor ?;Amaretto;Negroni;Grappa;Sambuca;Confirmé;Generally with an alcohol content of 28 degrees, amaretto is one of the liqueurs that can be used to flavor tiramisu, an Italian dessert.;https://en.wikipedia.org/wiki/Amaretto
17;en;What pizza derivative comes in the form of a cheese roll ?;Stromboli;Putin;Frico;Tiropita;Confirmé;The stromboli contains mozzarella, Italian cold cuts such as salami, coppa or bresaola as well as vegetables.;https://en.wikipedia.org/wiki/Stromboli_(food)
18;en;What traditional Italian dessert means « give me strength » ?;Tiramisu;Trianon;Opera;Brownies;Confirmé;It is recommended not to completely immerse the tiramisu biscuits in the coffee, as this could result in a spongy consistency.;https://en.wikipedia.org/wiki/Tiramisu
19;en;Which of these specialties is not of Italian but of Spanish origin ?;Paella;Polenta;Carbonara;Grappa;Confirmé;Originally from the Valencia region, to the east and southeast of the Iberian Peninsula, paella takes its name from the pan used to cook it.;https://en.wikipedia.org/wiki/Paella
20;en;Which Italian frozen dessert, typically Sicilian, is served semi-frozen ?;Granite;Cendol;Mellorine;Halo-halo;Confirmé;The preparation of granita is unique and gives it a snow-like appearance, obtained by respecting a precise solidification phase.;https://en.wikipedia.org/wiki/Granita
21;en;What term designates both a toast and a tomato preparation ?;Bruschetta;Loubia;Clamato;Salmorejo;Expert;It is often a slice of country bread, stale or toasted on the grill or in the oven, on which a clove of garlic is rubbed.;https://en.wikipedia.org/wiki/Bruschetta
22;en;What alcoholic long drink is made, among other things, from prosecco and seltzer ?;Spritz;Hyprocas;Grappa;Aquardient;Expert;Since 2015, the back label of the Aperol bottle indicates the stemmed glass as ideal for the preparation of Aperol Spritz.;https://en.wikipedia.org/wiki/Spritz (cocktail)
23;en;Which region of Italy is one of the only ones to have adopted salt-free bread ?;Tuscany;Lombardy;Calabria;Veneto;Expert;Tuscan cuisine is characterized by the lack of homogeneity and the radical divergence of recipes and culinary traditions.;
24;en;What grape marc brandy is produced in Italy and San Marino ?;Grappa;Sambuca;Amaretto;Negroni;Expert;A poor product by definition, this alcoholic drink was first called grappa at the end of the 19th century.;https://en.wikipedia.org/wiki/Grappa
25;en;With the intestines of which animal are rigatoni con la pajata prepared ?;Calf;Pork;Horse;Goat;Expert;The intestine is cut into pieces 20-25 cm long, which are tied together with a white thread, thus forming rings.;https://en.wikipedia.org/wiki/Rigatoni_con_la_pajata
26;en;Which semi-liquid dough is made from water and cereal flour ?;Polenta;Baccalaureate;Cotoletta;Rafanata;Expert;This is poured into a cauldron of boiling salted water and is traditionally stirred continuously with a hazel stick.;https://en.wikipedia.org/wiki/Polenta
27;en;Which veal shank stew is a traditional Milanese dish ?;Ossobucco;Paupiette;Hochepot;Tripou;Expert;Known since the 18th century, osso buco can be accompanied by risotto, polenta, mashed potatoes or fresh pasta.;https://en.wikipedia.org/wiki/Ossobuco
28;en;Which Italian frozen mousse has three different flavors ?;Spumone;Zeppole;Ciambella;Amaretti;Expert;Spumone (from spuma, meaning foam; plural spumoni) can also sometimes contain candied fruit or nuts.;https://en.wikipedia.org/wiki/Spumoni
29;en;Which Italian company produces an amaro flavored with orange peel ?;Campari;Bacardi;Jinro;Cuervo;Expert;An amaro is usually consumed as a digestive, but many Italian bitters are frequently consumed in cocktails.;https://en.wikipedia.org/wiki/Campari Group
30;en;Which pizza dough turnovers, originating from Puglia, are sometimes called calzone ?;Panzerotti;Piadina;Scaccia;Farinata;Expert;Prepared in advance, panzerotti can then be reheated in the oven in fast food establishments.;https://en.wikipedia.org/wiki/Panzerotto
1;de;Welches Rezept aus Neapel besteht aus Brotteigpfannkuchen ?;Pizza;Putin;Taco;Truffade;Débutant;Traditionelle im Ofen gebackene Pizza wird hauptsächlich mit Olivenöl, Tomatensauce, Mozzarella und anderen Zutaten belegt.;https://de.wikipedia.org/wiki/Pizza
2;de;Welche Soße wird aus Hackfleisch, Tomatensoße und Zwiebeln hergestellt ?;Bolognese;Vincotto;Pesto;Biskuitkuchen;Débutant;In Bologna wird Bolognese-Sauce hauptsächlich zu Tagliatelle, Lasagne, Cannelloni, gebackenen Nudeln oder Polenta verwendet.;https://de.wikipedia.org/wiki/Ragù_alla_bolognese
3;de;Bei welcher Zubereitung wird rohes, in sehr dünne Scheiben geschnittenes Rindfleisch verwendet ?;Carpaccio;Crostin;Frico;Risotto;Débutant;Dieses Originalrezept wurde seitdem in zahlreichen Variationen verfeinert, die auf anderen Fleischsorten, aber auch Fisch basieren.;https://de.wikipedia.org/wiki/Carpaccio
4;de;Welche Kalbsspezialität lässt sich nach Mailänder Art zubereiten ?;Schnitzel;Aiguillette;Kadaver;Marmoriert;Débutant;Es wird traditionell in Butter gekocht und im Allgemeinen mit Gemüse oder Salat und möglicherweise Zitronensaft serviert.;
5;de;Welche Reduktion einer Reisbrühe wird mit verschiedenen Zutaten gekocht ?;Risotto;Paella;Congri;Massa;Débutant;Safran wird ursprünglich zur Geschmacksverfeinerung von Risotto verwendet und ist an seiner gelben Farbe erkennbar.;https://de.wikipedia.org/wiki/Risotto
6;de;Welcher Zitronenlikör aus Italien wird unter anderem in Capri hergestellt ?;Limoncello;Graniziert;Martini;Beiwagen;Débutant;Limoncello ist kostengünstig herzustellen und erfordert lediglich Zucker, Wasser, Zitronenschale, Alkohol und Reifezeit.;https://de.wikipedia.org/wiki/Limoncello
7;de;Welche Nudeln gibt es in Form rechteckiger Blätter ?;Lasagne;Cannelloni;Schuss;Tortellini;Débutant;Die ursprünglich aus Südmittelitalien stammende Lasagne ist weltweit in zahlreichen Variationen erhältlich (Spinat, Aubergine, Pesto).;https://de.wikipedia.org/wiki/Lasagne
8;de;Welches Rezept für gefaltete gefüllte Nudeln ist eine Spezialität aus Nordwestitalien ?;Ravioli;Ducana;Samosa;Orama;Débutant;Die Ravioli-Füllung kann aus Gemüse, Käse, Fleisch, Fisch, Kartoffeln, Kräutern, Keksen oder Obst hergestellt werden.;https://de.wikipedia.org/wiki/Ravioli
9;de;Welche Sorte langer Nudeln wird in Streifenform verkauft ?;Tagliatelle;Luinguine;Spaghetti;Fettuccine;Débutant;Tagliatelle werden oft mit Bolognese-Sauce, neapolitanischer Tomatensauce oder Carbonara zubereitet.;https://de.wikipedia.org/wiki/Tagliatelle
10;de;Welches Nudelgericht wird mit Eiern und Speck in eine Pfanne geworfen ?;Carbonara;Tortellini;Ravioli;Lasagne;Débutant;Das moderne Carbonara-Nudelrezept verwendet Spaghetti, Guanciale, Pecorino, Eigelb und Pfeffer.;
11;de;Welche italienische Küche bevorzugt Nudeln aus Hartweizengrieß ?;Neapolitanisch;Lombardei;Toskana;Sardisch;Confirmé;Die Kochzeit von Nudeln ist sehr wichtig und sie müssen al dente gekocht werden, insbesondere wenn sie in der Pfanne gekocht werden.;https://de.wikipedia.org/wiki/Kampanische_Küche
12;de;Welches Dessert aus dem Piemont enthält Sahne, Milch, Zucker und Gelatine ?;Pannacotta;Barfi;Manjar;Blancmange;Confirmé;Als Geliermittel verwendet das moderne piemontesische Rezept für Panna Cotta eine kleine Menge Schweine- oder Fischgelatine.;https://de.wikipedia.org/wiki/Panna_cotta
13;de;Welche typische apulische Pizza wird in der Mitte gefaltet, um einen gefüllten Teig zu erhalten ?;Calzone;Stromboli;Panzerotti;Sizilianisch;Confirmé;Am häufigsten werden Calzone-Pizzen auf Wunsch des Kunden von einem Caterer zubereitet und sehr heiß gegessen.;https://de.wikipedia.org/wiki/Calzone
14;de;Welches ursprünglich aus Ligurien stammende Gewürz ähnelt dem provenzalischen Pistou ?;Pesto;Agliata;Mojo;Toum;Confirmé;Pesto wird durch Zerstampfen (Rühren unter Druck) von Basilikum mit Salz, Pinienkernen und Knoblauch hergestellt und mit Olivenöl gewürzt.;https://de.wikipedia.org/wiki/Pesto
15;de;Welches Dessert erhält man, wenn man Marsala in Eigelb einarbeitet ?;Zabayon;Budino;Maritozzo;Pastiera;Confirmé;Diese Einarbeitung erfolgt mit einem Schneebesen und bei starker Hitze, bis eine schaumige und duftende Zubereitung entsteht, die heiß oder lauwarm serviert wird.;https://de.wikipedia.org/wiki/Zabaglione
16;de;Welches milde alkoholische Getränk hat einen leichten Bittermandelgeschmack ?;Amaretto;Negroni;Grappa;Sambuca;Confirmé;Mit einem Alkoholgehalt von in der Regel 28 Grad gehört Amaretto zu den Likören, mit denen man Tiramisu, ein italienisches Dessert, würzen kann.;https://de.wikipedia.org/wiki/Amaretto
17;de;Welches Pizza-Derivat gibt es in Form eines Käsebrötchens ?;Stromboli;Putin;Frico;Tiropita;Confirmé;Die Stromboli enthalten Mozzarella, italienischen Aufschnitt wie Salami, Coppa oder Bresaola sowie Gemüse.;
18;de;Welches traditionelle italienische Dessert soll mir « Kraft geben » ?;Tiramisu;Trianon;Oper;Brownies;Confirmé;Es wird empfohlen, die Tiramisu-Kekse nicht vollständig in den Kaffee einzutauchen, da dies zu einer schwammigen Konsistenz führen könnte.;https://de.wikipedia.org/wiki/Tiramisu
19;de;Welche dieser Spezialitäten ist nicht italienischen, sondern spanischen Ursprungs ?;Paella;Polenta;Carbonara;Grappa;Confirmé;Die Paella stammt ursprünglich aus der Region Valencia im Osten und Südosten der Iberischen Halbinsel und hat ihren Namen von der Pfanne, in der sie zubereitet wird.;https://de.wikipedia.org/wiki/Paella
20;de;Welches italienische Tiefkühldessert, typisch sizilianisch, wird halbgefroren serviert ?;Granit;Cendol;Mellorine;Halo-Halo;Confirmé;Die Zubereitung von Granita ist einzigartig und verleiht ihm ein schneeähnliches Aussehen, das durch die Einhaltung einer genauen Erstarrungsphase erreicht wird.;https://de.wikipedia.org/wiki/Granita
21;de;Welcher Begriff bezeichnet sowohl einen Toast als auch eine Tomatenzubereitung ?;Bruschetta;Loubia;Clamato;Salmorejo;Expert;Dabei handelt es sich oft um eine Scheibe Landbrot, altbacken oder auf dem Grill oder im Ofen geröstet, auf die eine Knoblauchzehe gerieben wird.;https://de.wikipedia.org/wiki/Bruschetta
22;de;Welcher alkoholische Longdrink wird unter anderem aus Prosecco und Selters hergestellt ?;Spritz;Hyprocas;Grappa;Aquardient;Expert;Seit 2015 weist das hintere Etikett der Aperol-Flasche darauf hin, dass sich das Stielglas ideal für die Zubereitung von Aperol Spritz eignet.;https://de.wikipedia.org/wiki/Spritz
23;de;Welche Region Italiens ist eine der wenigen, die salzfreies Brot eingeführt hat ?;Toskana;Lombardei;Kalabrien;Venetien;Expert;Die toskanische Küche zeichnet sich durch mangelnde Homogenität und radikale Divergenz der Rezepte und kulinarischen Traditionen aus.;https://de.wikipedia.org/wiki/Toskanische_Küche
24;de;Welcher Tresterbrand wird in Italien und San Marino hergestellt ?;Grappa;Sambuca;Amaretto;Negroni;Expert;Dieses alkoholische Getränk ist per Definition ein schlechtes Produkt und wurde Ende des 19. Jahrhunderts erstmals Grappa genannt.;https://de.wikipedia.org/wiki/Grappa
25;de;Aus den Därmen von welchem Tier werden Rigatoni con la pajata zubereitet ?;Kalb;Schweinefleisch;Pferd;Ziege;Expert;Der Darm wird in 20-25 cm lange Stücke geschnitten, die mit einem weißen Faden zusammengebunden werden und so Ringe bilden.;https://de.wikipedia.org/wiki/Rigatoni_con_la_pajata
26;de;Welcher halbflüssige Teig wird aus Wasser und Getreidemehl hergestellt ?;Polenta;Abitur;Cotoletta;Rafanata;Expert;Dieses wird in einen Kessel mit kochendem Salzwasser gegossen und traditionell mit einem Haselnussstiel ständig gerührt.;https://de.wikipedia.org/wiki/Polenta
27;de;Welcher Kalbshaxeneintopf ist ein traditionelles Mailänder Gericht ?;Ossobucco;Paupiette;Hochepot;Tripou;Expert;Osso Buco ist seit dem 18. Jahrhundert bekannt und kann mit Risotto, Polenta, Kartoffelpüree oder frischen Nudeln serviert werden.;https://de.wikipedia.org/wiki/Ossobuco
28;de;Welche italienische gefrorene Mousse hat drei verschiedene Geschmacksrichtungen ?;Spumone;Zeppole;Ciambella;Amaretti;Expert;Spumone (von spuma, was Schaum bedeutet; Plural spumoni) kann manchmal auch kandierte Früchte oder Nüsse enthalten.;https://de.wikipedia.org/wiki/Spumoni
29;de;Welches italienische Unternehmen stellt Amaro mit Orangenschalengeschmack her ?;Campari;Bacardi;Jinro;Cuervo;Expert;Ein Amaro wird normalerweise als Digestif konsumiert, aber viele italienische Bitterstoffe werden häufig in Cocktails konsumiert.;https://de.wikipedia.org/wiki/Davide Campari-Milano
30;de;Welche aus Apulien stammenden Pizzateigtaschen werden manchmal Calzone genannt ?;Panzerotti;Piadina;Scaccia;Farinata;Expert;Fertig zubereitet können Panzerotti dann in Fast-Food-Restaurants im Ofen aufgewärmt werden.;https://de.wikipedia.org/wiki/Panzerotto
1;es;¿Qué receta de Nápoles se hace con tortitas de masa de pan ?;Pizza;Putin;Tacos;Trufada;Débutant;La pizza tradicional, horneada en el horno, se cubre principalmente con aceite de oliva, salsa de tomate, mozzarella y otros ingredientes.;https://es.wikipedia.org/wiki/Pizza
2;es;¿Qué salsa se hace con carne molida, salsa de tomate y cebolla ?;boloñesa;vincotto;pesto;Bizcocho;Débutant;En Bolonia, la salsa boloñesa se utiliza principalmente con tallarines, lasaña, canelones, pasta al horno o polenta.;https://es.wikipedia.org/wiki/Boloñesa
3;es;¿En qué preparación se utiliza carne de res cruda cortada en rodajas muy finas ?;Carpacho;Crostina;Frico;Risotto;Débutant;Desde entonces, esta receta original ha sido objeto de numerosas variaciones, basadas en otras carnes, pero también en pescado.;https://es.wikipedia.org/wiki/Carpaccio
4;es;¿Qué especialidad de ternera se puede preparar a la milanesa ?;Escalope;Aiguillette;Canal;Marmoleado;Débutant;Tradicionalmente se cocina en mantequilla y generalmente se sirve con verduras o ensalada y posiblemente con jugo de limón.;
5;es;¿Qué reducción de un caldo de arroz se cocina con varios ingredientes ?;Risotto;Paella;Congrí;masa;Débutant;El azafrán se utilizaba originalmente para realzar el sabor del risotto, y su uso es reconocible gracias a su color amarillo.;https://es.wikipedia.org/wiki/Risotto
6;es;¿Qué licor de limón italiano se produce, entre otros, en Capri ?;limoncello;Granizados;martini;Sidecar;Débutant;El limoncello es económico de producir y solo requiere azúcar, agua, ralladura de limón, alcohol y tiempo de maduración.;https://es.wikipedia.org/wiki/Limoncello
7;es;¿Qué pasta viene en forma de láminas rectangulares ?;Lasaña;Canelones;Disparo;Tortellini;Débutant;Originaria del centro-sur de Italia, la lasaña está disponible en múltiples variaciones en todo el mundo (espinacas, berenjenas, pesto).;https://es.wikipedia.org/wiki/Lasaña
8;es;¿Qué receta de pasta rellena plegada es una especialidad del noroeste de Italia ?;Ravioles;Ducana;Samosas;Orama;Débutant;El relleno de los ravioles se puede preparar con verduras, queso, carne, pescado, patatas, hierbas, galletas o frutas.;https://es.wikipedia.org/wiki/Ravioli
9;es;¿Qué variedad de pasta larga se comercializa en forma de tiras ?;Tagliatelle;Luinguino;Espaguetis;Fetuccini;Débutant;Los tallarines a menudo se cocinan con salsa boloñesa, salsa de tomate napolitana o carbonara.;
10;es;¿Qué plato de pasta se echa en una sartén con huevos y tocino ?;carbonara;Tortellini;Ravioles;Lasaña;Débutant;La receta moderna de pasta carbonara utiliza espaguetis, guanciale, queso pecorino, yema de huevo y pimienta.;
11;es;¿Qué cocina italiana prefiere la pasta de sémola de trigo duro ?;napolitano;Lombardía;Toscana;sardo;Confirmé;El tiempo de cocción de la pasta es muy importante y debe cocinarse al dente, sobre todo si se cocina en sartén.;https://es.wikipedia.org/wiki/Gastronomía_de_Nápoles
12;es;¿Qué postre piamontés incorpora nata, leche, azúcar y gelatina ?;Panna cotta;Barfi;Manjar;Manjar blanco;Confirmé;Como agente gelificante, la receta piamontesa moderna de panna cotta utiliza una pequeña cantidad de gelatina de cerdo o pescado.;https://es.wikipedia.org/wiki/Panna_cotta
13;es;¿Qué pizza típica de Apulia se dobla por la mitad para formar una masa rellena ?;Calzone;Estrómboli;Panzerotti;siciliano;Confirmé;La mayoría de las veces, las pizzas calzone las prepara un proveedor de catering, a petición del cliente, y se comen muy calientes.;https://es.wikipedia.org/wiki/Calzone
14;es;¿Qué condimento, originario de Liguria, se parece al pistou provenzal ?;pesto;Agliata;Mojo;Tour;Confirmé;El pesto se elabora machacando (revolviendo bajo presión) albahaca con sal, piñones y ajo, aderezado con aceite de oliva.;https://es.wikipedia.org/wiki/Pesto
15;es;¿Qué postre se obtiene incorporando marsala a las yemas de huevo ?;Zabayón;Budino;Maritozo;Pastiera;Confirmé;Esta incorporación se realiza con una batidora y a fuego alto, hasta obtener una preparación espumosa y fragante, servida caliente o tibia.;https://es.wikipedia.org/wiki/Zabaione
16;es;¿Qué bebida alcohólica suave tiene un ligero sabor a almendra amarga ?;Amareto;Negroni;Grapa;Sambuca;Confirmé;Generalmente con una graduación alcohólica de 28 grados, el amaretto es uno de los licores que se pueden utilizar para condimentar el tiramisú, un postre italiano.;https://es.wikipedia.org/wiki/Amaretto
17;es;¿Qué derivado de la pizza viene en forma de rollo de queso ?;Estrómboli;Putin;Frico;Tiropita;Confirmé;El stromboli contiene mozzarella, embutidos italianos como salami, coppa o bresaola, además de verduras.;https://es.wikipedia.org/wiki/Stromboli_(alimento)
18;es;¿Qué postre tradicional italiano significa « dame fuerzas » ?;Tiramisú;Trianón;Ópera;brownies;Confirmé;Se recomienda no sumergir completamente las galletas de tiramisú en el café, ya que esto podría dar como resultado una consistencia esponjosa.;https://es.wikipedia.org/wiki/Tiramisú
19;es;¿Cuál de estas especialidades no es de origen italiano sino español ?;Paella;Polenta;carbonara;Grapa;Confirmé;Originaria de la región de Valencia, al este y sureste de la Península Ibérica, la paella toma su nombre de la sartén con la que se cocina.;https://es.wikipedia.org/wiki/Paella
20;es;¿Qué postre helado italiano, típicamente siciliano, se sirve semicongelado ?;Granito;Cendol;Mellorina;Halo-halo;Confirmé;La preparación del granizado es única y le confiere un aspecto de nieve, que se obtiene respetando una fase de solidificación precisa.;https://es.wikipedia.org/wiki/Granita
21;es;¿Qué término designa tanto una tostada como una preparación con tomate ?;Brusqueta;Loubia;clamato;Salmorejo;Expert;Suele ser una rebanada de pan de campo, duro o tostado a la parrilla o al horno, sobre la que se frota un diente de ajo.;https://es.wikipedia.org/wiki/Bruschetta
22;es;¿Qué trago alcohólico se elabora, entre otras cosas, con prosecco y seltzer ?;Rocíe;Hiprocas;Grapa;Aquardiente;Expert;Desde 2015, la contraetiqueta de la botella de Aperol indica que el vaso con pie es ideal para la preparación de Aperol Spritz.;https://es.wikipedia.org/wiki/Spritz
23;es;¿Qué región de Italia es una de las únicas que ha adoptado el pan sin sal ?;Toscana;Lombardía;Calabria;Véneto;Expert;La cocina toscana se caracteriza por la falta de homogeneidad y la divergencia radical de recetas y tradiciones culinarias.;https://es.wikipedia.org/wiki/Gastronomía_de_Toscana
24;es;¿Qué aguardiente de orujo se produce en Italia y San Marino ?;Grapa;Sambuca;Amareto;Negroni;Expert;Producto pobre por definición, esta bebida alcohólica recibió el nombre de grappa por primera vez a finales del siglo XIX.;https://es.wikipedia.org/wiki/Grappa
25;es;¿Con los intestinos de qué animal se preparan los rigatoni con la pajata ?;Becerro;Cerdo;Caballo;Cabra;Expert;El intestino se corta en trozos de 20-25 cm de largo, que se atan con un hilo blanco formando así anillos.;
26;es;¿Qué masa semilíquida se elabora con agua y harina de cereales ?;Polenta;Bachillerato;Cotoleta;Rafanata;Expert;Esto se vierte en un caldero de agua hirviendo con sal y tradicionalmente se revuelve continuamente con una rama de avellana.;https://es.wikipedia.org/wiki/Polenta
27;es;¿Qué guiso de pierna de ternera es un plato tradicional milanés ?;Osobuco;Paupiette;Hochepot;Trípou;Expert;Conocido desde el siglo XVIII, el ossobuco se puede acompañar con risotto, polenta, puré de patatas o pasta fresca.;https://es.wikipedia.org/wiki/Osobuco
28;es;¿Qué mousse helada italiana tiene tres sabores diferentes ?;Espumona;Zeppole;Ciambella;Amaretti;Expert;La espumona (de spuma, que significa espuma; plural spumoni) a veces también puede contener frutas confitadas o nueces.;https://es.wikipedia.org/wiki/Spumone
29;es;¿Qué empresa italiana produce un amaro con sabor a piel de naranja ?;Campari;Bacardí;Jinro;Cuervo;Expert;El amaro suele consumirse como digestivo, pero muchos amargos italianos se consumen con frecuencia en cócteles.;https://es.wikipedia.org/wiki/Grupo Campari
30;es;¿Qué empanadas de masa de pizza, originarias de Apulia, a veces se llaman calzone ?;Panzerotti;piadina;escacia;Farinata;Expert;Los panzerotti, preparados con antelación, se pueden recalentar en el horno en establecimientos de comida rápida.;https://es.wikipedia.org/wiki/Panzerotto
1;it;Quale ricetta napoletana è fatta con le frittelle di pasta di pane ?;Pizza;Putin;Taco;Truffade;Débutant;Cotta al forno, la pizza tradizionale è principalmente condita con olio d'oliva, salsa di pomodoro, mozzarella e altri ingredienti.;https://it.wikipedia.org/wiki/Pizza
2;it;Quale salsa è composta da carne macinata, salsa di pomodoro e cipolle ?;Bolognese;Vincotto;Pesto;Pan di Spagna;Débutant;A Bologna il ragù alla bolognese viene utilizzato principalmente con tagliatelle, lasagne, cannelloni, pasta al forno o polenta.;https://it.wikipedia.org/wiki/Ragù_bolognese
3;it;In quale preparazione si utilizza carne di manzo cruda tagliata a fettine sottilissime ?;Carpaccio;Crostin;Frico;Risotto;Débutant;Questa ricetta originale è stata da allora declinata in numerose varianti, a base di altre carni, ma anche di pesce.;https://it.wikipedia.org/wiki/Carpaccio (gastronomia)
4;it;Quale specialità di vitello si può preparare alla milanese ?;Scaloppine;Aiguillette;Carcassa;Marmorizzato;Débutant;È tradizionalmente cotto nel burro e generalmente servito con verdure o insalata ed eventualmente succo di limone.;
5;it;Quale riduzione di brodo di riso si cucina con vari ingredienti ?;Risotto;Paella;Congri;Massa;Débutant;Lo zafferano viene originariamente utilizzato per esaltare il sapore del risotto, e il suo utilizzo è riconoscibile grazie alla sua colorazione gialla.;https://it.wikipedia.org/wiki/Risotto
6;it;Quale liquore al limone italiano viene prodotto a Capri, tra gli altri ?;Limoncello;Granizzato;Martini;Sidecar;Débutant;Il limoncello è poco costoso da produrre e richiede solo zucchero, acqua, scorza di limone, alcool e tempo di maturazione.;https://it.wikipedia.org/wiki/Limoncello
7;it;Quale pasta ha la forma di sfoglie rettangolari ?;Lasagne;Cannelloni;Tiro;Tortellini;Débutant;Originarie dell'Italia centro-meridionale, le lasagne sono disponibili in molteplici varianti in tutto il mondo (spinaci, melanzane, pesto).;https://it.wikipedia.org/wiki/Lasagne al forno
8;it;Quale ricetta di pasta piegata ripiena è una specialità del nord-ovest d'Italia ?;Ravioli;Ducana;Samosa;Orama;Débutant;Il ripieno dei ravioli può essere composto da verdure, formaggio, carne, pesce, patate, erbe aromatiche, biscotti o frutta.;https://it.wikipedia.org/wiki/Ravioli
9;it;Quale varietà di pasta lunga viene venduta a strisce ?;Tagliatelle;Luiguine;Spaghetti;Fettuccine;Débutant;Le tagliatelle vengono spesso cucinate con sugo alla bolognese, salsa di pomodoro napoletana o carbonara.;https://it.wikipedia.org/wiki/Tagliatelle
10;it;Quale piatto di pasta viene buttato in padella con uova e pancetta ?;Carbonare;Tortellini;Ravioli;Lasagne;Débutant;La ricetta moderna della pasta alla carbonara utilizza spaghetti, guanciale, pecorino, tuorlo d'uovo e pepe.;
11;it;Quale cucina italiana preferisce la pasta di semola di grano duro ?;Napoletano;Lombardia;Toscana;Sardo;Confirmé;Il tempo di cottura della pasta è molto importante e deve essere cotta al dente, soprattutto se cotta in padella.;https://it.wikipedia.org/wiki/Cucina_napoletana
12;it;Quale dolce piemontese incorpora panna, latte, zucchero e gelatina ?;Panna cotta;Barfi;Manjar;Biancomangiare;Confirmé;La moderna ricetta piemontese della panna cotta utilizza come gelificante una piccola quantità di gelatina di maiale o di pesce.;https://it.wikipedia.org/wiki/Panna_cotta
13;it;Quale tipica pizza pugliese viene piegata a metà per ottenere un impasto ripieno ?;Calzone;Stromboli;Panzerotti;siciliano;Confirmé;Molto spesso le pizze calzoni vengono preparate da un ristoratore, su richiesta del cliente e vengono consumate molto calde.;https://it.wikipedia.org/wiki/Calzone
14;it;Quale condimento, originario della Liguria, somiglia al pistou provenzale ?;Pesto;Agliata;Mojo;Tum;Confirmé;Il pesto si ottiene pestando (agitando sotto pressione) il basilico con sale, pinoli e aglio, condito con olio d'oliva.;https://it.wikipedia.org/wiki/Pesto alla genovese
15;it;Quale dolce si ottiene incorporando il marsala ai tuorli d'uovo ?;Zabaione;Budino;Maritozzo;Pastiera;Confirmé;Questa incorporazione si effettua con una frusta e a fuoco vivo, fino ad ottenere una preparazione schiumosa e profumata, servita calda o tiepida.;https://it.wikipedia.org/wiki/Zabaione
16;it;Quale bevanda alcolica delicata ha un leggero sapore di mandorla amara ?;Amaretto;Negroni;Grappa;Sambuca;Confirmé;Generalmente con una gradazione alcolica di 28 gradi, l'amaretto è uno dei liquori che si possono utilizzare per aromatizzare il tiramisù, un dolce italiano.;https://it.wikipedia.org/wiki/Amaretto (liquore)
17;it;Quale derivato della pizza si presenta sotto forma di panino al formaggio ?;Stromboli;Putin;Frico;Tiropita;Confirmé;Lo stromboli contiene mozzarella, salumi italiani come salame, coppa o bresaola oltre a verdure.;https://it.wikipedia.org/wiki/Pizza_arrotolata
18;it;Cosa significa dolce tradizionale italiano « dammi la forza » ?;Tiramisù;Trianon;Opera;Brownies;Confirmé;Si consiglia di non immergere completamente i biscotti tiramisù nel caffè, poiché ciò potrebbe risultare in una consistenza spugnosa.;https://it.wikipedia.org/wiki/Tiramisù
19;it;Quale di queste specialità non è di origine italiana ma spagnola ?;Paella;Polenta;Carbonare;Grappa;Confirmé;Originaria della regione valenciana, a est e sud-est della penisola iberica, la paella prende il nome dalla padella utilizzata per cucinarla.;https://it.wikipedia.org/wiki/Paella
20;it;Quale dolce gelato italiano, tipicamente siciliano, viene servito semicongelato ?;Granito;Cendol;Mellorina;Alone-alone;Confirmé;La preparazione della granita è unica e le conferisce un aspetto simile alla neve, ottenuto rispettando una precisa fase di solidificazione.;https://it.wikipedia.org/wiki/Granita
21;it;Quale termine designa sia un toast che una preparazione a base di pomodoro ?;Bruschetta;Loubia;Clamato;Salmorejo;Expert;Spesso si tratta di una fetta di pane rustico, raffermo o tostato sulla griglia o al forno, su cui viene strofinato uno spicchio d'aglio.;https://it.wikipedia.org/wiki/Bruschetta
22;it;Quale long drink alcolico è composto, tra le altre cose, da prosecco e seltzer ?;Spritz;Iproca;Grappa;Acquardiente;Expert;Dal 2015 la retroetichetta della bottiglia di Aperol indica il calice come ideale per la preparazione di Aperol Spritz.;https://it.wikipedia.org/wiki/Spritz
23;it;Quale regione d'Italia è una delle uniche ad aver adottato il pane senza sale ?;Toscana;Lombardia;Calabria;Veneto;Expert;La cucina toscana è caratterizzata dalla disomogeneità e dalla radicale divergenza di ricette e tradizioni culinarie.;https://it.wikipedia.org/wiki/Cucina_toscana
24;it;Quale acquavite di vinacce viene prodotta in Italia e a San Marino ?;Grappa;Sambuca;Amaretto;Negroni;Expert;Prodotto povero per definizione, questa bevanda alcolica venne chiamata grappa per la prima volta alla fine dell'Ottocento.;https://it.wikipedia.org/wiki/Grappa
25;it;Con le budella di quale animale si preparano i rigatoni con la pajata ?;Vitello;Maiale;Cavallo;Capra;Expert;L'intestino viene tagliato in pezzi lunghi 20-25 cm, che vengono legati insieme con un filo bianco, formando così degli anelli.;https://it.wikipedia.org/wiki/Rigatoni_con_la_pajata
26;it;Quale impasto semiliquido è composto da acqua e farina di cereali ?;Polenta;Baccalaureato;Cotoletta;Rafanata;Expert;Questo viene versato in un paiolo di acqua bollente salata e viene tradizionalmente mescolato continuamente con un bastoncino di nocciolo.;https://it.wikipedia.org/wiki/Polenta
27;it;Quale stinco di vitello è un piatto della tradizione milanese ?;Ossobucco;Paupietta;Hochepot;Tripou;Expert;Conosciuto fin dal XVIII secolo, l'ossobuco può essere accompagnato da risotti, polenta, purè di patate o pasta fresca.;https://it.wikipedia.org/wiki/Ossobuco_alla_milanese
28;it;Quale mousse ghiacciata italiana ha tre gusti diversi ?;Spumone;Zeppole;Ciambella;Amaretti;Expert;Lo spumone (da spuma, che significa schiuma; plurale spumoni) può talvolta contenere anche frutta candita o noci.;https://it.wikipedia.org/wiki/Spumone
29;it;Quale azienda italiana produce un amaro aromatizzato alla scorza d'arancia ?;Campari;Bacardi;Jinro;Cuervo;Expert;Un amaro viene solitamente consumato come digestivo, ma molti amari italiani vengono spesso consumati nei cocktail.;https://it.wikipedia.org/wiki/Davide Campari-Milano
30;it;Quali panzerotti di pasta per pizza, originari della Puglia, vengono talvolta chiamati calzone ?;Panzerotti;Piadine;Scaccia;Farinata;Expert;Preparati in anticipo, i panzerotti possono poi essere riscaldati al forno nei fast food.;https://it.wikipedia.org/wiki/Panzerotto
1;nl;Welk recept uit Napels is gemaakt met brooddeegpannenkoekjes ?;Pizza;Poetin;Taco;Truffade;Débutant;Traditionele pizza, gebakken in de oven, wordt voornamelijk belegd met olijfolie, tomatensaus, mozzarella en andere ingrediënten.;https://nl.wikipedia.org/wiki/Pizza
2;nl;Welke saus wordt gemaakt van rundergehakt, tomatensaus en uien ?;Bolognese;Vincotto;Pest;Biscuitgebak;Débutant;In Bologna wordt Bolognese saus vooral gebruikt bij tagliatelle, lasagne, cannelloni, gebakken pasta of polenta.;https://nl.wikipedia.org/wiki/Bolognesesaus
3;nl;Bij welke bereiding wordt rauw rundvlees gebruikt dat in zeer dunne plakjes is gesneden ?;Carpaccio;Crostin;Frico;Risotto;Débutant;Dit originele recept is sindsdien in talloze variaties afgewezen, op basis van ander vlees, maar ook vis.;https://nl.wikipedia.org/wiki/Carpaccio (gerecht)
4;nl;Welke kalfsspecialiteit kan op Milanese wijze worden bereid ?;Schnitzel;Aiguillet;Karkas;Gemarmerd;Débutant;Het wordt traditioneel gekookt in boter en wordt meestal geserveerd met groenten of salade, en eventueel citroensap.;
5;nl;Welke reductie van een rijstbouillon wordt gekookt met verschillende ingrediënten ?;Risotto;Paëlla;Congri;Massa;Débutant;Saffraan wordt oorspronkelijk gebruikt om de smaak van risotto te versterken en het gebruik ervan is herkenbaar aan de gele kleur.;https://nl.wikipedia.org/wiki/Risotto
6;nl;Welke citroenlikeur uit Italië wordt onder andere in Capri geproduceerd ?;Limoncello;Granizado;Martini;Zijspan;Débutant;Limoncello is goedkoop te produceren en vereist alleen suiker, water, citroenschil, alcohol en rijpingstijd.;https://nl.wikipedia.org/wiki/Limoncello
7;nl;Welke pasta heeft de vorm van rechthoekige vellen ?;Lasagne;Canneloni;Schot;Tortellini;Débutant;Afkomstig uit Zuid-Midden-Italië is lasagne in meerdere varianten over de hele wereld verkrijgbaar (spinazie, aubergine, pesto).;https://nl.wikipedia.org/wiki/Lasagne
8;nl;Welk recept voor gevouwen gevulde pasta is een specialiteit uit Noordwest-Italië ?;Ravioli;Ducana;Samosa;Orama;Débutant;De raviolivulling kan gemaakt worden van groenten, kaas, vlees, vis, aardappelen, kruiden, koekjes of fruit.;https://nl.wikipedia.org/wiki/Ravioli
9;nl;Welke soort lange pasta wordt in reepvorm verkocht ?;Tagliatelle;Luinguïne;Spaghetti;Fettuccine;Débutant;Tagliatelle wordt vaak gekookt met een Bolognese saus, of Napolitaanse tomatensaus, of carbonara.;https://nl.wikipedia.org/wiki/Tagliatelle
10;nl;Welk pastagerecht wordt in een pan met eieren en spek gegooid ?;Carbonara;Tortellini;Ravioli;Lasagne;Débutant;Het moderne recept voor carbonara-pasta maakt gebruik van spaghetti, guanciale, pecorino, eigeel en peper.;
11;nl;Welke Italiaanse keuken geeft de voorkeur aan pasta met harde tarwegriesmeel ?;Napolitaans;Lombardije;Toscane;Sardijns;Confirmé;De kooktijd van pasta is erg belangrijk en moet al dente worden gekookt, vooral als deze in een pan wordt gekookt.;
12;nl;Welk dessert uit Piemonte bevat room, melk, suiker en gelatine ?;Pannacotta;Barfi;Manjar;Blancmange;Confirmé;Voor het geleermiddel gebruikt het moderne Piemontese recept voor panna cotta een kleine hoeveelheid varkens- of visgelatine.;https://nl.wikipedia.org/wiki/Panna_cotta
13;nl;Welke typische Apulische pizza wordt dubbelgevouwen tot een gevuld deeg ?;Calzone;Stromboli;Panzerotti;Siciliaans;Confirmé;Meestal worden Calzone-pizza's op verzoek van de klant door een cateraar bereid en zeer warm gegeten.;https://nl.wikipedia.org/wiki/Calzone
14;nl;Welke smaakmaker, oorspronkelijk uit Ligurië, lijkt op Provençaalse pistou ?;Pest;Agliata;Mojo;Toum;Confirmé;Pesto wordt gemaakt door basilicum fijn te stampen (roeren onder druk) met zout, pijnboompitten en knoflook, op smaak gebracht met olijfolie.;https://nl.wikipedia.org/wiki/Pesto
15;nl;Welk dessert wordt verkregen door marsala in eierdooiers te verwerken ?;Zabayon;Budino;Maritozzo;Pastiera;Confirmé;Dit verwerken gebeurt met een garde en op hoog vuur, totdat je een schuimige en geurige bereiding verkrijgt, die warm of lauw wordt geserveerd.;https://nl.wikipedia.org/wiki/Zabaglione
16;nl;Welke milde alcoholische drank heeft een licht bittere amandelsmaak ?;Amaretto;Negroni;Grappa;Sambuca;Confirmé;Met een alcoholgehalte van doorgaans 28 graden is amaretto een van de likeuren die gebruikt kunnen worden om tiramisu, een Italiaans dessert, op smaak te brengen.;https://nl.wikipedia.org/wiki/Amaretto
17;nl;Welk pizzaderivaat heeft de vorm van een kaasbroodje ?;Stromboli;Poetin;Frico;Tiropita;Confirmé;De stromboli bevat mozzarella, Italiaanse vleeswaren zoals salami, coppa of bresaola en groenten.;
18;nl;Welk traditioneel Italiaans dessert betekent « geef mij kracht » ?;Tiramisu;Trianon;Oper;Brownies;Confirmé;Het wordt aanbevolen om de tiramisukoekjes niet volledig in de koffie onder te dompelen, omdat dit een sponsachtige consistentie kan veroorzaken.;https://nl.wikipedia.org/wiki/Tiramisu
19;nl;Welke van deze specialiteiten is niet van Italiaanse maar van Spaanse afkomst ?;Paëlla;Polenta;Carbonara;Grappa;Confirmé;Oorspronkelijk afkomstig uit de regio Valencia, ten oosten en zuidoosten van het Iberisch schiereiland, ontleent paella zijn naam aan de pan waarin het wordt gekookt.;https://nl.wikipedia.org/wiki/Paella
20;nl;Welk Italiaans bevroren dessert, typisch Siciliaans, wordt half bevroren geserveerd ?;Graniet;Cendol;Mellorine;Halo-halo;Confirmé;De bereiding van granita is uniek en geeft het een sneeuwachtig uiterlijk, verkregen door een nauwkeurige stollingsfase te respecteren.;https://nl.wikipedia.org/wiki/Granita
21;nl;Welke term duidt zowel een toast als een tomatenbereiding aan ?;Bruschetta;Loubia;Clamato;Salmorejo;Expert;Vaak is het een sneetje boerenbrood, oud of geroosterd op de grill of in de oven, waarover een teentje knoflook wordt gewreven.;https://nl.wikipedia.org/wiki/Bruschetta
22;nl;Welke alcoholische longdrink wordt er onder andere gemaakt van prosecco en seltzer ?;Spritz;Hyprocas;Grappa;Waterman;Expert;Sinds 2015 geeft het achteretiket van de Aperol-fles aan dat het glas met steel ideaal is voor de bereiding van Aperol Spritz.;https://nl.wikipedia.org/wiki/Spritz
23;nl;Welke regio van Italië is een van de weinige regio's waar zoutvrij brood is ingevoerd ?;Toscane;Lombardije;Calabrië;Veneto;Expert;De Toscaanse keuken wordt gekenmerkt door het gebrek aan homogeniteit en de radicale divergentie van recepten en culinaire tradities.;
24;nl;Welke druivendrafbrandewijn wordt geproduceerd in Italië en San Marino ?;Grappa;Sambuca;Amaretto;Negroni;Expert;Deze alcoholische drank is per definitie een slecht product en werd eind 19e eeuw voor het eerst grappa genoemd.;https://nl.wikipedia.org/wiki/Grappa (drank)
25;nl;Met de darmen van welk dier wordt rigatoni con la pajata bereid ?;Kalf;Varkensvlees;Paard;Geit;Expert;De darm wordt in stukken van 20-25 cm lang gesneden, die met een witte draad aan elkaar worden gebonden en zo ringen vormen.;
26;nl;Welk halfvloeibaar deeg wordt gemaakt van water en graanmeel ?;Polenta;Baccalaureaat;Cotoletta;Rafanata;Expert;Dit wordt in een ketel met kokend gezouten water gegoten en traditioneel continu geroerd met een hazelaarstokje.;https://nl.wikipedia.org/wiki/Polenta
27;nl;Welke kalfsschenkelstoofpot is een traditioneel Milanees gerecht ?;Ossobuco;Paupiet;Hochepot;Tripou;Expert;Osso buco, bekend sinds de 18e eeuw, kan vergezeld worden van risotto, polenta, aardappelpuree of verse pasta.;https://nl.wikipedia.org/wiki/Ossobuco
28;nl;Welke Italiaanse diepvriesmousse heeft drie verschillende smaken ?;Spumone;Zeppole;Ciambella;Amaretti;Expert;Spumone (van spuma, wat schuim betekent; meervoud spumoni) kan soms ook gekonfijt fruit of noten bevatten.;
29;nl;Welk Italiaans bedrijf produceert een amaro op smaak gebracht met sinaasappelschil ?;Campari;Bacardi;Jinro;Cuervo;Expert;Een amaro wordt meestal geconsumeerd als digestief, maar veel Italiaanse bitters worden vaak geconsumeerd in cocktails.;https://nl.wikipedia.org/wiki/Davide Campari-Milano
30;nl;Welke pizzadeegflappen, afkomstig uit Puglia, worden ook wel calzone genoemd ?;Panzerotti;Piadina;Scaccia;Farinata;Expert;Van tevoren bereide panzerotti kunnen vervolgens in fastfoodrestaurants in de oven worden opgewarmd.;
