1;fr;Bruxelles est la capitale de la Communauté française et flamande de quel pays ?;Belgique;Pays-Bas;Suisse;Luxembourg;Débutant;Surnommée la « Capitale de l'Europe », elle accueille le Parlement européen, la Commission européenne et d'autres institutions. ;https://fr.wikipedia.org/wiki/Bruxelles
2;fr;Laquelle des trois régions de Belgique la ville de Bruxelles compose-t-elle ?;Bruxelles-Capitale;Région wallonne;Région flamande;Limbourg;Débutant;La ville est une entité propre, formant à elle seule la Région de Bruxelles-Capitale, qui compte 19 communes, dont Anderlecht.;https://fr.wikipedia.org/wiki/Région_de_Bruxelles-Capitale
3;fr;À quel endroit du territoire belge est à peu près située la ville de Bruxelles ?;Centre;Sud;Nord;Ouest;Débutant;C'est à Bruxelles-Capitale que siègent la plupart des institutions de l'UE, ainsi que de nombreuses organisations internationales.;https://fr.wikipedia.org/wiki/Bruxelles
4;fr;Par quelle ceinture autoroutière la banlieue de Bruxelles est-elle délimitée ?;Ring;A17;A1;A601;Débutant;Un des premiers tronçons du Ring a été construit à la fin des années 1960 en tant que morceau de l'autoroute Bruxelles-Paris.;https://fr.wikipedia.org/wiki/Ring_de_Bruxelles
5;fr;Quel gratte-ciel situé à Bruxelles est le plus grand de Belgique ?;Tour du Midi;Tour Astro;Tour des Finances;Tour Rogier;Débutant;Haute de 150 m, la Tour du Midi, qu'il ne faut pas confondre avec la Tour des Finances, se trouve en face de la gare du Midi.;https://fr.wikipedia.org/wiki/Tour_du_Midi
6;fr;Quel bâtiment emblématique est le siège de la Commission européenne de Bruxelles ?;Berlaymont;Solvay;Castellani;Stoclet;Débutant;Le Berlaymont a failli être détruit lors des travaux de désamiantage, mais une rénovation longue et coûteuse a permis de le préserver.;https://fr.wikipedia.org/wiki/Bâtiment_Berlaymont
7;fr;Quelle est la principale langue parlée à Bruxelles, ville cosmopolite de Belgique ?;Français;Néerlandais;Allemand;Espagnol;Débutant;Le néerlandais reste langue officielle et est enseigné à l'école, mais dans les faits, seuls environ 10% des Bruxellois l'utilisent.;https://fr.wikipedia.org/wiki/Bruxelles
8;fr;Quelle est la principale université francophone de la capitale belge ?;ULB;UCL;ULG;USL;Débutant;Fondée en 1834, l'Université libre de Bruxelles est régulièrement citée comme faisant partie des 150 meilleures universités mondiales.;https://fr.wikipedia.org/wiki/Université_libre_de_Bruxelles
9;fr;Quel train, inspiré du TGV, assure la liaison entre Bruxelles, Paris et Amsterdam ?;Thalys;Eurostar;Elipsos;Iris;Débutant;Les rames du Thalys sont basées sur la technologie du TGV français mais adaptées aux différents réseaux électriques européens.;https://fr.wikipedia.org/wiki/Thalys
10;fr;En combien de communes la région de Bruxelles-Capitale est-elle divisée ?;19;22;25;28;Débutant;La ville de Bruxelles, la plus vaste d'entre elles, s'étend du centre au nord de l'agglomération et est entourée par les 18 autres.;https://fr.wikipedia.org/wiki/Région_de_Bruxelles-Capitale
11;fr;Quel est le climat de la région de Bruxelles comme de l'ensemble de la Belgique ?;Tempéré océanique;Tropical humide;Polaire;Subarctique;Confirmé;Ce climat est dû à la proximité de l'océan Atlantique et du Gulf Stream qui régule le temps grâce à l'inertie calorifique de ses eaux.;https://fr.wikipedia.org/wiki/Bruxelles
12;fr;Combien observe-t-on environ de jours de précipitations par an sur Bruxelles ?;200;150;100;50;Confirmé;En Belgique, les régions côtières sont généralement un peu plus sèches, tandis que les Ardennes sont encore bien plus arrosées.;https://fr.wikipedia.org/wiki/Bruxelles
13;fr;Quel quartier de Bruxelles renferme le Palais royal, le Palais de la Nation et la place Royale ?;Quartier des Palais;Marolles;Sablon;Midi-Lemonnier;Confirmé;En contrebas se situe la gare centrale et le Mont des Arts où se trouvent la Bibliothèque et la Cinémathèque royale de Belgique.;https://fr.wikipedia.org/wiki/Ville_de_Bruxelles
14;fr;Quel est le plus grand quartier d'affaires de Bruxelles et de Belgique ?;Léopold;Helmet;Saint-Job;Diamant;Confirmé;Aujourd'hui, les bâtiments administratifs ont remplacé la majorité des hôtels de maître et des maisons bourgeoises du quartier.;https://fr.wikipedia.org/wiki/Quartier_Léopold
15;fr;À Bruxelles, le bois de la Cambre est une extension de quelle grande forêt historique ?;Forêt de Soignes;Forêt de Chaux;Forêt de Retz;Forêt de Brotonne;Confirmé;Aujourd'hui, la forêt de Soignes est un espace protégé classé au patrimoine mondial de l'UNESCO pour ses hêtres remarquables.;https://fr.wikipedia.org/wiki/Forêt_de_Soignes
16;fr;Quelle est l'estimation du nombre d'étudiants dans la région de Bruxelles-Capitale ?;100 000;80 000;60 000;40 000;Confirmé;Bruxelles compte plus de 30 établissements d'enseignement supérieur : universités, écoles d'art et aux hautes écoles.;https://fr.wikipedia.org/wiki/Région_de_Bruxelles-Capitale
17;fr;Quel train, majoritairement détenu par la SNCF, relie Bruxelles à Londres ?;Eurostar;Thalys;Alleo;Vauban;Confirmé;Composée de dix-huit voitures et de deux motrices, chaque rame mesure 393 m de long et peut transporter jusqu'à 750 passagers.;https://fr.wikipedia.org/wiki/Eurostar
18;fr;Quel axe routier bruxellois comprend huit tunnels et plusieurs voies rapides ?;Petite ceinture;Grande boucle;Petit noeud;Grand ring;Confirmé;Faisant partie de la ceinture autoroutière, son nom fait référence à une ancienne ligne de chemin de fer qui ceinturait Bruxelles.;https://fr.wikipedia.org/wiki/Bruxelles
19;fr;Comment est couramment nommé l'aéroport de Bruxelles-National ?;Zaventem;Zandhoven;Zottegem;Zwevegem;Confirmé;Le nom Brussels Airport a été adopté en 2006 pour renforcer l'image internationale, le nom Aéroport de Zaventem restant très utilisé.;https://fr.wikipedia.org/wiki/Aéroport_de_Bruxelles
20;fr;Quelle est la troisième plus grande salle de concert de Bruxelles, en banlieue sud ?;Forest National;Le Botanique;Tour et Taxis;Cirque Royal;Confirmé;Située sur la commune bruxelloise de Forest, elle est inaugurée au début de 1971 par des représentations du Ballet du XXe siècle.;https://fr.wikipedia.org/wiki/Forest_National
21;fr;Combien d'habitants pouvait-on compter environ à Bruxelles au 1er janvier 2015 ?;177 000;197 000;157 000;137 000;Expert;À l'époque, un projet de création d'une zone dont la population et les limites devaient être définies avec précision était en cours.;https://fr.wikipedia.org/wiki/Bruxelles
22;fr;Comment est appelé le coeur historique et géographique de la ville de Bruxelles ?;Pentagone;Hexagone;Octogone;Dodécagone;Expert;Équivalent du City road londonien, le Pentagone est un endroit où la culture bruxelloise prend vie, avec ses commerçants et musées.;https://fr.wikipedia.org/wiki/Bruxelles
23;fr;Combien d'hectares d'espaces verts recouvrent la Région Bruxelles-Capitale ?;8 000;6 000;4 000;2 000;Expert;« Bruxelles, ville verte » développe davantage de zones de verdure, via des toitures végétalisées et des jardins communautaires.;https://fr.wikipedia.org/wiki/Région_de_Bruxelles-Capitale
24;fr;En quelle année la ville de Bruxelles a-t-elle fêté son millénaire officiel ?;1979;1959;1999;1939;Expert;Habitée dès l'Antiquité, c'est au Moyen Âge, à partir de 979, que la ville commença à prendre forme en tant que centre urbain majeur.;https://fr.wikipedia.org/wiki/Bruxelles
25;fr;Avec quelle autre ville Bruxelles compte-t-elle le plus de journalistes accrédités ?;Washington;Madrid;Dublin;Marseille;Expert;Washington a été créée à la suite de la signature du Residence Act en 1790, qui prévoyait la création d'une capitale fédérale.;https://fr.wikipedia.org/wiki/Bruxelles
26;fr;Quel édifice bruxellois est considéré comme référence de l'architecture éclectique ?;Palais de Justice;Villa Empain;Maison Horta;Café Métropole;Expert;Avec sa façade, ses colonnes et son dôme majestueux, le Palais de Justice est l'un des plus grands bâtiments judiciaires au monde.;https://fr.wikipedia.org/wiki/Palais_de_justice_de_Bruxelles
27;fr;Quel style architectural bruxellois est l'oeuvre de Victor Horta et Henry Van de Velde ?;Art nouveau;Art déco;Art moderne;Art baroque;Expert;Avant la Première Guerre mondiale, ce mouvement évolua vers un style plus géométrique, caractéristique du mouvement Art déco.;https://fr.wikipedia.org/wiki/Art_nouveau
28;fr;À combien de kilomètres s'étend le réseau d'égouts de la ville de Bruxelles ?;1 500;2 000;2 500;3 000;Expert;Il fait l'objet d'un plan d'assainissement et même de renouvellement des parties les plus anciennes remontant à plus d'un siècle.;https://fr.wikipedia.org/wiki/Bruxelles
29;fr;Quel théâtre bruxellois est très caractéristique de l'architecture des années 1960 ?;Théâtre 140;Théâtre Mercelis;Théâtre Varia;Théâtre du Méridien;Expert;Il se distingue par sa programmation originale et son rôle de laboratoire pour des oeuvres contemporaines et expérimentales.;https://fr.wikipedia.org/wiki/Théâtre_140
30;fr;Quel célèbre musée bruxellois est logé dans l'Hôtel du Lotto ?;Musée Magritte;Musée du jouet;Musée du cinéma;Musée BELvue;Expert;Au cours des siècles, les propriétaires se sont succédés pour transformer le bâtiment en hôtel, en bijouterie et enfin en musée.;https://fr.wikipedia.org/wiki/Musée_Magritte
1;en;Brussels is the capital of the French and Flemish Community of which country ?;Belgium;Netherlands;Switzerland;Germany;Débutant;Made up of 19 municipalities, Bruxelles-Capitale is an urban region with its own government and parliament.;
2;en;Which of the three regions of Belgium does the city of Brussels make up ?;Brussels-Capital;Walloon region;Flemish region;Limburg;Débutant;If we compare it to most of the regions of Europe, Brussels-capital has a relatively small area.;
3;en;Where in Belgium is the city of Brussels located roughly ?;Center;South;North;West;Débutant;Most of the EU institutions, as well as many international organizations, sit in Brussels-Capital.;
4;en;By what motorway belt is the suburb of Brussels delimited ?;Ring;A17;A1;A601;Débutant;One of the first sections of the Ring was built in the late 1960s as a part of the Brussels-Paris motorway.;https://en.wikipedia.org/wiki/Brussels_Ring
5;en;Which skyscraper in Brussels is the tallest in Belgium ?;Tour du Midi;Astro Tower;Finance Tower;Rogier Tower;Débutant;150 m high, the Tour du Midi, which should not be confused with the Tour des Finances, is located opposite the Gare du Midi.;https://en.wikipedia.org/wiki/Tour_du_Midi
6;en;Which building is the headquarters of the European Commission in Brussels ?;Berlaymont;Solvay;Castellani;Stoclet;Débutant;The Berlaymont building also houses the services attached to the offices of the president and commissioners.;
7;en;What is the main language spoken in Brussels, the capital of Belgium ?;French;Dutch;German;Spanish;Débutant;However, the use of English in the Brussels-Capital region and its periphery is a growing phenomenon.;
8;en;What is the most important French-speaking university in Brussels ?;ULB;UCL;ULG;USL;Débutant;Founded in 1834, ULB is regularly cited as one of the top 150 universities in the world.;
9;en;Which train, inspired by the TGV, connects Brussels to Paris, Amsterdam and Cologne ?;Thalys;Eurostar;Elipsos;Iris;Débutant;Thalys trains coexist with Eurostar trainsets, TGV Réseau or Sud-Est trainsets and ICE trainsets.;https://en.wikipedia.org/wiki/Thalys
10;en;How many municipalities is the Brussels-Capital Region divided into ?;19;22;25;28;Débutant;The city of Brussels, the largest of them, stretches from the center to the north of the agglomeration and is surrounded by the other 18.;
11;en;What is the climate like in the Brussels region and in all of Belgium ?;Temperate oceanic;Tropical wet;Fleece;Subarctic;Confirmé;This climate is due to the proximity of the Atlantic Ocean and the Gulf Stream which regulates the weather thanks to the calorific inertia of its waters.;
12;en;About how many days of precipitation per year are there in Brussels ?;200;150;100;50;Confirmé;These rainfall statistics make it, after Dublin, the rainiest capital in Europe (in number of days).;
13;en;Which district of Brussels contains the Royal Palace, the Palais de la Nation and the Place Royale ?;Palace district;Marolles;Sablon;Midi-Lemonnier;Confirmé;Below is the central station and the Mont des Arts where the Library and the Royal Belgian Cinematheque are located.;https://en.wikipedia.org/wiki/City_of_Brussels
14;en;What is the largest business district in Brussels and Belgium ?;Leopold;Helmet;Saint-Job;Diamond;Confirmé;Today, the administrative buildings have replaced the majority of the mansions and bourgeois houses of the district.;
15;en;In Brussels, which forest does the Bois de la Cambre extend ?;Sonian Forest;Lime Forest;Forest of Retz;Forest of Brotonne;Confirmé;The Forêt de Soignes is connected with the Bois de la Cambre, a forest and country walk that enters the town.;
16;en;How many people is the student population of Brussels-Capital estimated ?;50,000;40,000;30,000;20,000;Confirmé;The Brussels school population recorded a total of 231,567 pupils for the 2010/2011 school year.;
17;en;Which train, mainly owned by SNCF, connects Brussels to London ?;Eurostar;Thalys;Alleo;Vauban;Confirmé;Composed of eighteen cars and two motor coaches, each train is 393 m long and can carry up to 750 passengers.;https://en.wikipedia.org/wiki/Eurostar
18;en;Which Brussels road axis includes a series of eight tunnels and expressways ?;Small belt;Big loop;Small knot;Large ring;Confirmé;The city center, called the “Pentagon”, is delimited by a belt of boulevards, equivalent to the Parisian boulevards.;
19;en;What is Brussels-National airport commonly called ?;Zaventem;Ternat;Wemmel;Tremelo;Confirmé;The airport is used for European flights and international flights to Africa, Asia or the Middle East.;
20;en;What is the third largest concert hall in Brussels, in the southern suburbs ?;Forest National;The Botany;Tour and Taxis;Cirque Royal;Confirmé;Located in the Brussels municipality of Forest, it was inaugurated at the beginning of 1971 with performances by the 20th Century Ballet.;https://en.wikipedia.org/wiki/Forest_National
21;en;How many inhabitants could there be approximately in Brussels on January 1, 2015 ?;177,000;197,000;157,000;137,000;Expert;At the time, a government project to create an area whose population and boundaries had to be precisely defined was underway.;
22;en;What is the historic heart of the city of Brussels called ?;Pentagon;Hexagon;Octagon;Dodecagon;Expert;Equivalent to the London City Road, the Pentagon is however arranged to the north and east as urban highways.;
23;en;How many hectares of green spaces cover the surface of the Brussels-Capital Region ?;8,000;6,000;4000;2,000;Expert;The integrity of all of Brussels' green spaces is classified as a Natura 2000 site to conserve flora and fauna.;
24;en;In what year did the city of Brussels celebrate its official millennium ?;1979;1959;1999;1939;Expert;There are however vestiges and toponyms relating to the civilization of megaliths, dolmens and standing stones.;
25;en;With which other city does Brussels have the most accredited journalists ?;Washington;Madrid;Dublin;Marseilles;Expert;Washington was created following the signing of the Residence Act in 1790, which provided for the creation of a federal capital.;
26;en;Which Brussels building is considered a benchmark of eclectic architecture ?;Palace of Justice;Villa Empain;Horta House;Café Métropole;Expert;Located on the largest square in Brussels, the courthouse is larger than St. Peter's Basilica in Rome.;https://en.wikipedia.org/wiki/Palais_de_Justice,_Brussels
27;en;What architectural style in Brussels is the work of Victor Horta and Henry Van de Velde ?;Art Nouveau;Art Deco;Modern art;Baroque art;Expert;Before World War I, this movement evolved into a more geometric style, characteristic of the Art Deco movement.;https://en.wikipedia.org/wiki/Art_Nouveau
28;en;How many kilometers does the city of Brussels sewer network extend ?;1,500;2,000;2,500;3,000;Expert;It is the subject of a plan for cleaning up and even renewing the oldest parts dating back more than a century.;
29;en;Which Brussels theater is very characteristic of the architecture of the 1960s ?;Theater 140;Mercelis Theater;Varia Theater;Théâtre du Méridien;Expert;Théâtre 140 is a Brussels theater founded in 1963 by Jo Dekmine who remained its director until 2015.;
30;en;Which famous Brussels museum is housed in the Hôtel du Lotto ?;Magritte Museum;Toy museum;Cinema Museum;BELvue Museum;Expert;Over the centuries, the owners have succeeded in transforming the building into a hotel, a jewelry store and finally a museum.;
1;de;Brüssel ist die Hauptstadt der französischen und flämischen Gemeinschaft in welchem Land ?;Belgien;Niederlande;Schweiz;Deutschland;Débutant;Bruxelles-Capitale besteht aus 19 Gemeinden und ist eine Stadtregion mit eigener Regierung und eigenem Parlament.;https://de.wikipedia.org/wiki/Brüssel
2;de;Welche der drei Regionen Belgiens bildet die Stadt Brüssel ?;Brüssel-Hauptstadt;Wallonische Region;Flämische Region;Limburg;Débutant;Wenn wir es mit den meisten Regionen Europas vergleichen, hat die Brüsseler Hauptstadt eine relativ kleine Fläche.;
3;de;Wo in Belgien liegt die Stadt Brüssel ungefähr ?;Zentrum;Süd;Norden;West;Débutant;Die meisten EU-Institutionen sowie viele internationale Organisationen sitzen in Brüssel-Hauptstadt.;https://de.wikipedia.org/wiki/Brüssel
4;de;Durch welchen Autobahngürtel wird der Vorort Brüssel abgegrenzt ?;Ring;A17;A1;A601;Débutant;Einer der ersten Abschnitte des Rings wurde Ende der 1960er Jahre als Teil der Autobahn Brüssel-Paris gebaut.;https://de.wikipedia.org/wiki/Ring_0
5;de;Welcher Wolkenkratzer in Brüssel ist der höchste in Belgien ?;Tour du Midi;Astro Tower;Finanzturm;Rogier Tower;Débutant;Die 150 m hohe Tour du Midi, die nicht mit der Tour des Finances zu verwechseln ist, befindet sich gegenüber dem Gare du Midi.;https://de.wikipedia.org/wiki/Tour_du_Midi
6;de;In welchem Gebäude befindet sich der Sitz der Europäischen Kommission in Brüssel ?;Berlaymont;Solvay;Castellani;Stoclet;Débutant;Das Berlaymont-Gebäude beherbergt auch die Dienstleistungen, die an die Büros des Präsidenten und der Kommissare angeschlossen sind.;
7;de;Was ist die Hauptsprache in Brüssel, der Hauptstadt Belgiens ?;Französisch;Niederländisch;Deutsch;Spanisch;Débutant;Die Verwendung von Englisch in der Region Brüssel-Hauptstadt und ihrer Peripherie ist jedoch ein wachsendes Phänomen.;https://de.wikipedia.org/wiki/Brüssel
8;de;Was ist die wichtigste französischsprachige Universität in Brüssel ?;ULB;UCL;ULG;USL;Débutant;Die ULB wurde 1834 gegründet und wird regelmäßig als eine der 150 besten Universitäten der Welt bezeichnet.;
9;de;Welcher vom TGV inspirierte Zug verbindet Brüssel mit Paris, Amsterdam und Köln ?;Thalys;Eurostar;Elipsos;Iris;Débutant;Thalys-Züge koexistieren mit Eurostar-Zügen, TGV Réseau- oder Sud-Est-Zügen und ICE-Zügen.;https://de.wikipedia.org/wiki/Thalys
10;de;In wie viele Gemeinden ist die Region Brüssel-Hauptstadt unterteilt ?;19;22;25;28;Débutant;Die größte Stadt Brüssel erstreckt sich vom Zentrum nördlich des Ballungsraums und ist von den anderen 18 umgeben.;
11;de;Wie ist das Klima in der Region Brüssel und in ganz Belgien ?;Gemäßigte ozeanische;Tropisch nass;Vlies;Subarktis;Confirmé;Dieses Klima ist auf die Nähe des Atlantischen Ozeans und des Golfstroms zurückzuführen, der das Wetter dank der kalorischen Trägheit seiner Gewässer reguliert.;https://de.wikipedia.org/wiki/Brüssel
12;de;Wie viele Regentage pro Jahr gibt es in Brüssel ?;200;150;100;50;Confirmé;Diese Niederschlagsstatistik macht es nach Dublin zur regnerischsten Hauptstadt Europas (in Tagen).;https://de.wikipedia.org/wiki/Brüssel
13;de;In welchem Brüsseler Stadtteil befinden sich der Königspalast, das Palais de la Nation und der Place Royale ?;Palastviertel;Marolles;Sablon;Midi-Lemonnier;Confirmé;Unten befinden sich der Hauptbahnhof und der Mont des Arts, wo sich die Bibliothek und die Royal Belgian Cinematheque befinden.;https://de.wikipedia.org/wiki/Stadt_Brüssel
14;de;Was ist das größte Geschäftsviertel in Brüssel und Belgien ?;Leopold;Helm;Saint-Job;Diamant;Confirmé;Heute haben die Verwaltungsgebäude die Mehrheit der Villen und bürgerlichen Häuser des Bezirks ersetzt.;
15;de;Welchen Wald erstreckt sich in Brüssel über den Bois de la Cambre ?;Sonian Forest;Kalkwald;Wald von Retz;Wald von Brotonne;Confirmé;Der Forêt de Soignes ist mit dem Bois de la Cambre verbunden, einem Wald- und Landweg, der in die Stadt führt.;
16;de;Wie viele Personen schätzt die Studentenbevölkerung von Brüssel-Hauptstadt ?;50.000;40.000;30.000;20.000;Confirmé;Die Brüsseler Schulbevölkerung verzeichnete im Schuljahr 2010/2011 insgesamt 231.567 Schüler.;
17;de;Welcher Zug, der hauptsächlich der SNCF gehört, verbindet Brüssel mit London ?;Eurostar;Thalys;Alleo;Vauban;Confirmé;Jeder Zug besteht aus 18 Wagen und zwei Reisebussen, ist 393 m lang und kann bis zu 750 Fahrgäste befördern.;
18;de;Welche Brüsseler Straßenachse umfasst eine Reihe von acht Tunneln und Schnellstraßen ?;Kleiner Gürtel;Große Schleife;Kleiner Knoten;Großer Ring;Confirmé;Das Stadtzentrum, „Pentagon“ genannt, wird von einem Gürtel aus Boulevards begrenzt, der den Pariser Boulevards entspricht.;https://de.wikipedia.org/wiki/Brüssel
19;de;Wie wird der Brüssel-Nationalflughafen allgemein genannt ?;Zaventem;Ternat;Wemmel;Tremelo;Confirmé;Der Flughafen wird für europäische Flüge und internationale Flüge nach Afrika, Asien oder in den Nahen Osten genutzt.;
20;de;Was ist der drittgrößte Konzertsaal in Brüssel in den südlichen Vororten ?;Forest National;Die Botanik;Tour und Taxis;Cirque Royal;Confirmé;Es befindet sich in der Brüsseler Gemeinde Forest und wurde Anfang 1971 mit Aufführungen des Balletts des 20. Jahrhunderts eingeweiht.;https://de.wikipedia.org/wiki/Forest_National
21;de;Wie viele Einwohner könnte es am 1. Januar 2015 ungefähr in Brüssel geben ?;177.000;197.000;157.000;137.000;Expert;Zu dieser Zeit war ein Regierungsprojekt zur Schaffung eines Gebiets im Gange, dessen Bevölkerung und Grenzen genau definiert werden mussten.;https://de.wikipedia.org/wiki/Brüssel
22;de;Wie heißt das historische Herz der Stadt Brüssel ?;Pentagon;Sechseck;Achteck;Dodecagon;Expert;Entsprechend der London City Road ist das Pentagon jedoch im Norden und Osten als städtische Autobahnen angeordnet.;https://de.wikipedia.org/wiki/Brüssel
23;de;Wie viele Hektar Grünflächen bedecken die Oberfläche der Region Brüssel-Hauptstadt ?;8.000;6.000;4000;2.000;Expert;Die Integrität aller Grünflächen in Brüssel wird als Natura 2000-Gebiet eingestuft, um Flora und Fauna zu erhalten.;
24;de;In welchem Jahr feierte die Stadt Brüssel ihr offizielles Jahrtausend ?;1979;1959;1999;1939;Expert;Es gibt jedoch Spuren und Toponyme in Bezug auf die Zivilisation von Megalithen, Dolmen und stehenden Steinen.;https://de.wikipedia.org/wiki/Brüssel
25;de;Mit welcher anderen Stadt hat Brüssel die am meisten akkreditierten Journalisten ?;Washington;Madrid;Dublin;Marseille;Expert;Washington wurde nach der Unterzeichnung des Residence Act im Jahr 1790 gegründet, der die Schaffung einer Bundeshauptstadt vorsah.;https://de.wikipedia.org/wiki/Brüssel
26;de;Welches Brüsseler Gebäude gilt als Maßstab für vielseitige Architektur ?;Palast der Gerechtigkeit;Villa Empain;Horta Haus;Café Métropole;Expert;Das Gerichtsgebäude befindet sich auf dem größten Platz in Brüssel und ist größer als der Petersdom in Rom.;https://de.wikipedia.org/wiki/Justizpalast_(Brüssel)
27;de;Welchen Baustil in Brüssel haben Victor Horta und Henry Van de Velde ?;Jugendstil;Art Deco;Moderne Kunst;Barockkunst;Expert;Vor dem Ersten Weltkrieg entwickelte sich diese Bewegung zu einem geometrischeren Stil, der für die Art-Deco-Bewegung charakteristisch ist.;https://de.wikipedia.org/wiki/Jugendstil
28;de;Wie viele Kilometer erstreckt sich das Kanalnetz der Stadt Brüssel ?;1.500;2.000;2.500;3.000;Expert;Es ist Gegenstand eines Plans zur Reinigung und sogar Erneuerung der ältesten Teile, die mehr als ein Jahrhundert zurückreichen.;https://de.wikipedia.org/wiki/Brüssel
29;de;Welches Brüsseler Theater ist sehr charakteristisch für die Architektur der 1960er Jahre ?;Theater 140;Mercelis Theater;Varia Theater;Théâtre du Méridien;Expert;Das Théâtre 140 ist ein Brüsseler Theater, das 1963 von Jo Dekmine gegründet wurde, der bis 2015 dessen Direktor blieb.;
30;de;Welches berühmte Brüsseler Museum befindet sich im Hôtel du Lotto ?;Magritte Museum;Spielzeugmuseum;Kinomuseum;BELvue Museum;Expert;Im Laufe der Jahrhunderte ist es den Eigentümern gelungen, das Gebäude in ein Hotel, ein Juweliergeschäft und schließlich ein Museum umzuwandeln.;
1;es;Bruselas es la capital de la Comunidad Francesa y Flamenca de qué país ?;Bélgica;Holanda;Suiza;Alemania;Débutant;Compuesto por 19 municipios, Bruxelles-Capitale es una región urbana con su propio gobierno y parlamento.;
2;es;¿Cuál de las tres regiones de Bélgica forma la ciudad de Bruselas ?;Bruselas-Capital;Región valona;Región flamenca;Limburgo;Débutant;Si lo comparamos con la mayoría de las regiones de Europa, la capital de Bruselas tiene un área relativamente pequeña.;
3;es;¿En qué parte de Bélgica se encuentra aproximadamente la ciudad de Bruselas ?;Centro;Sur;Norte;Oeste;Débutant;La mayoría de las instituciones de la UE, así como muchas organizaciones internacionales, se encuentran en Bruselas-Capital.;
4;es;¿Por qué cinturón de autopistas está delimitado el suburbio de Bruselas ?;Anillo;A17;A1;A601;Débutant;Uno de los primeros tramos del Anillo se construyó a finales de la década de 1960 como parte de la autopista Bruselas-París.;
5;es;¿Qué rascacielos de Bruselas es el más alto de Bélgica ?;Tour du Midi;Astro Tower;Torre de finanzas;Torre Rogier;Débutant;A 150 m de altura, el Tour du Midi, que no debe confundirse con el Tour des Finances, se encuentra frente a la Gare du Midi.;https://es.wikipedia.org/wiki/Tour_du_Midi
6;es;¿Qué edificio es la sede de la Comisión Europea en Bruselas ?;Berlaymont;Solvay;Castellani;Stoclet;Débutant;El edificio Berlaymont también alberga los servicios adjuntos a las oficinas del presidente y los comisionados.;
7;es;¿Cuál es el idioma principal que se habla en Bruselas, la capital de Bélgica ?;Francés;Holandés;Alemán;Español;Débutant;Sin embargo, el uso del inglés en la región de Bruselas-Capital y su periferia es un fenómeno creciente.;
8;es;¿Cuál es la universidad francófona más importante de Bruselas ?;ULB;UCL;ULG;USL;Débutant;Fundada en 1834, ULB es citada regularmente como una de las 150 mejores universidades del mundo.;
9;es;¿Qué tren, inspirado en el TGV, conecta Bruselas con París, Ámsterdam y Colonia ?;Thalys;Eurostar;Elipsos;Iris;Débutant;Los trenes Thalys coexisten con los trenes Eurostar, los trenes TGV Réseau o Sud-Est y los trenes ICE.;https://es.wikipedia.org/wiki/Thalys
10;es;¿En cuántos municipios se divide la Región de Bruselas-Capital ?;19;22;25;28;Débutant;La ciudad de Bruselas, la mayor de ellas, se extiende desde el centro hasta el norte de la aglomeración y está rodeada por las otras 18.;
11;es;¿Cómo es el clima en la región de Bruselas y en toda Bélgica ?;Oceánico templado;Tropical húmedo;Vellón;Subártico;Confirmé;Este clima se debe a la proximidad del Océano Atlántico y la Corriente del Golfo que regula el clima gracias a la inercia calorífica de sus aguas.;
12;es;Aproximadamente, ¿cuántos días de precipitación al año hay en Bruselas ?;200;150;100;50;Confirmé;Estas estadísticas de precipitación la convierten, después de Dublín, en la capital más lluviosa de Europa (en número de días).;
13;es;¿Qué distrito de Bruselas contiene el Palacio Real, el Palais de la Nation y la Place Royale ?;Distrito del palacio;Marolles;Sablon;Midi-Lemonnier;Confirmé;A continuación se encuentra la estación central y el Mont des Arts, donde se encuentran la Biblioteca y la Real Cinemateca Belga.;https://es.wikipedia.org/wiki/Bruselas
14;es;¿Cuál es el distrito comercial más grande de Bruselas y Bélgica ?;Leopold;Casco ","Helmet;Saint-Job;Diamante;Confirmé;Hoy, los edificios administrativos han reemplazado a la mayoría de las mansiones y casas burguesas del distrito.;
15;es;En Bruselas, ¿qué bosque se extiende el Bois de la Cambre ?;Bosque de Sonian;Bosque de cal;Bosque de Retz;Bosque de Brotonne;Confirmé;El Forêt de Soignes está conectado con el Bois de la Cambre, un paseo por el bosque y el campo que entra en la ciudad.;
16;es;¿Cuántas personas se estima en la población estudiantil de Bruselas-Capital ?;50,000;40.000;30,000;20.000;Confirmé;La población escolar de Bruselas registró un total de 231.567 alumnos durante el año escolar 2010/2011.;
17;es;¿Qué tren, principalmente propiedad de SNCF, conecta Bruselas con Londres ?;Eurostar;Thalys;Alleo;Vauban;Confirmé;Compuesto por dieciocho coches y dos autocares, cada tren tiene 393 m de largo y puede transportar hasta 750 pasajeros.;https://es.wikipedia.org/wiki/Eurostar
18;es;¿Qué eje vial de Bruselas incluye una serie de ocho túneles y autopistas ?;Cinturón pequeño;Gran bucle;Pequeño nudo;Anillo grande;Confirmé;El centro de la ciudad, llamado “Pentágono”, está delimitado por un cinturón de bulevares, equivalente a los bulevares parisinos.;
19;es;¿Cómo se llama comúnmente el aeropuerto de Bruselas-Nacional ?;Zaventem;Ternat;Wemmel;Tremelo;Confirmé;El aeropuerto se utiliza para vuelos europeos y vuelos internacionales a África, Asia u Oriente Medio.;
20;es;¿Cuál es la tercera sala de conciertos más grande de Bruselas, en los suburbios del sur ?;Forest National;La botánica;Tour y Taxis;Cirque Royal;Confirmé;Ubicado en el municipio bruselense de Forest, fue inaugurado a principios de 1971 con actuaciones del Ballet del Siglo XX.;
21;es;¿Cuántos habitantes podría haber aproximadamente en Bruselas el 1 de enero de 2015 ?;177,000;197,000;157,000;137,000;Expert;En ese momento, estaba en marcha un proyecto gubernamental para crear un área cuya población y límites debían definirse con precisión.;
22;es;¿Cómo se llama el corazón histórico de la ciudad de Bruselas ?;Pentágono;Hexágono;Octágono;Dodecágono;Expert;Sin embargo, equivalente a London City Road, el Pentágono está dispuesto al norte y al este como carreteras urbanas.;
23;es;¿Cuántas hectáreas de espacios verdes cubren la superficie de la Región de Bruselas-Capital ?;8,000;6.000;4000;2,000;Expert;La integridad de todos los espacios verdes de Bruselas está clasificada como lugar Natura 2000 para conservar la flora y la fauna.;
24;es;¿En qué año celebró la ciudad de Bruselas su milenio oficial ?;1979;1959;1999;1939;Expert;Sin embargo, existen vestigios y topónimos relacionados con la civilización de megalitos, dólmenes y menhires.;
25;es;¿Con qué otra ciudad tiene Bruselas los periodistas más acreditados ?;Washington;Madrid;Dublin;Marsella;Expert;Washington se creó tras la firma de la Ley de Residencia en 1790, que preveía la creación de una capital federal.;
26;es;¿Qué edificio de Bruselas se considera un referente de la arquitectura ecléctica ?;Palacio de Justicia;Villa Empain;Casa Horta;Café Métropole;Expert;Ubicado en la plaza más grande de Bruselas, el palacio de justicia es más grande que la Basílica de San Pedro en Roma.;https://es.wikipedia.org/wiki/Palacio_de_Justicia_de_Bruselas
27;es;¿Qué estilo arquitectónico en Bruselas es obra de Victor Horta y Henry Van de Velde ?;Art Nouveau;Art Deco;Arte moderno;Arte barroco;Expert;Antes de la Primera Guerra Mundial, este movimiento evolucionó hacia un estilo más geométrico, característico del movimiento Art Deco.;https://es.wikipedia.org/wiki/Modernismo_(arte)
28;es;¿Cuántos kilómetros se extiende la red de alcantarillado de la ciudad de Bruselas ?;1,500;2,000;2,500;3,000;Expert;Es objeto de un plan de limpieza e incluso renovación de las partes más antiguas que se remontan a más de un siglo.;
29;es;¿Qué teatro de Bruselas es muy característico de la arquitectura de los años sesenta ?;Teatro 140;Teatro Mercelis;Teatro Varia;Théâtre du Méridien;Expert;Théâtre 140 es un teatro de Bruselas fundado en 1963 por Jo Dekmine, quien fue su director hasta 2015.;
30;es;¿Qué famoso museo de Bruselas se encuentra en el Hôtel du Lotto ?;Museo Magritte;Museo del juguete;Museo del Cine;Museo BELvue;Expert;A lo largo de los siglos, los propietarios han logrado transformar el edificio en un hotel, una joyería y finalmente un museo.;
1;it;Bruxelles è la capitale della Comunità francese e fiamminga di quale paese ?;Belgio;Paesi Bassi;Svizzera;Germania;Débutant;Composta da 19 comuni, Bruxelles-Capitale è una regione urbana con un proprio governo e parlamento.;https://it.wikipedia.org/wiki/Bruxelles
2;it;Quale delle tre regioni del Belgio è composta dalla città di Bruxelles ?;Bruxelles-Capitale;Regione vallona;Regione fiamminga;Limburg;Débutant;Se lo confrontiamo con la maggior parte delle regioni d'Europa, Bruxelles-Capitale ha un'area relativamente piccola.;
3;it;Dove si trova all'incirca la città di Bruxelles in Belgio ?;Centro;Sud;Nord;Ovest;Débutant;La maggior parte delle istituzioni dell'UE, così come molte organizzazioni internazionali, hanno sede a Bruxelles-Capitale.;https://it.wikipedia.org/wiki/Bruxelles
4;it;Da quale cintura autostradale è delimitato il sobborgo di Bruxelles ?;Anello;A17;A1;A601;Débutant;Una delle prime sezioni dell'Anello è stata costruita alla fine degli anni '60 come parte dell'autostrada Bruxelles-Parigi.;https://it.wikipedia.org/wiki/Ring_0
5;it;Quale grattacielo di Bruxelles è il più alto del Belgio ?;Tour du Midi;Torre Astro;Torre delle finanze;Torre Rogier;Débutant;Alto 150 m, il Tour du Midi, da non confondere con il Tour des Finances, si trova di fronte alla Gare du Midi.;https://it.wikipedia.org/wiki/Tour_du_Midi
6;it;Quale edificio è la sede della Commissione europea a Bruxelles ?;Berlaymont;Solvay;Castellani;Stoclet;Débutant;L'edificio Berlaymont ospita anche i servizi annessi agli uffici del presidente e dei commissari.;
7;it;Qual è la lingua principale parlata a Bruxelles, la capitale del Belgio ?;Francese;Olandese;Tedesco;Spagnolo;Débutant;Tuttavia, l'uso dell'inglese nella regione di Bruxelles-Capitale e nella sua periferia è un fenomeno in crescita.;https://it.wikipedia.org/wiki/Bruxelles
8;it;Qual è la più importante università francofona a Bruxelles ?;ULB;UCL;ULG;USL;Débutant;Fondata nel 1834, ULB è regolarmente citata come una delle 150 migliori università del mondo.;
9;it;Quale treno, ispirato al TGV, collega Bruxelles a Parigi, Amsterdam e Colonia ?;Thalys;Eurostar;Elipsos;Iris;Débutant;I treni Thalys coesistono con Eurostar, TGV Réseau o Sud-Est e ICE.;https://it.wikipedia.org/wiki/Thalys
10;it;In quanti comuni è suddivisa la Regione di Bruxelles-Capitale ?;19;22;25;28;Débutant;La città di Bruxelles, la più grande di esse, si estende dal centro al nord dell'agglomerato ed è circondata dalle altre 18.;
11;it;Com'è il clima nella regione di Bruxelles e in tutto il Belgio ?;Oceanica temperata;Tropicale umido;Vello;Subartico;Confirmé;Questo clima è dovuto alla vicinanza dell'Oceano Atlantico e della Corrente del Golfo che regola il tempo grazie all'inerzia calorifica delle sue acque.;https://it.wikipedia.org/wiki/Bruxelles
12;it;Quanti giorni di precipitazioni all'anno ci sono a Bruxelles ?;200;150;100;50;Confirmé;Queste statistiche sulle precipitazioni la rendono, dopo Dublino, la capitale più piovosa d'Europa (in numero di giorni).;https://it.wikipedia.org/wiki/Bruxelles
13;it;Quale quartiere di Bruxelles contiene il Palazzo Reale, il Palais de la Nation e la Place Royale ?;Quartiere del palazzo;Marolles;Sablon;Midi-Lemonnier;Confirmé;Sotto c'è la stazione centrale e il Mont des Arts dove si trovano la Biblioteca e la Cineteca Reale Belga.;https://it.wikipedia.org/wiki/Bruxelles_(comune)
14;it;Qual è il più grande quartiere degli affari di Bruxelles e del Belgio ?;Leopold;Casco;Saint-Job;Diamante;Confirmé;Oggi gli edifici amministrativi hanno sostituito la maggior parte dei palazzi e delle case borghesi del quartiere.;
15;it;A Bruxelles, quale foresta si estende il Bois de la Cambre ?;Foresta di Sonian;Foresta di calce;Foresta di Retz;Foresta di Brotonne;Confirmé;La Forêt de Soignes è collegata al Bois de la Cambre, una passeggiata forestale e campestre che entra in città.;
16;it;Quante persone è stimata la popolazione studentesca di Bruxelles-Capitale ?;50.000;40.000;30.000;20.000;Confirmé;La popolazione scolastica di Bruxelles ha registrato un totale di 231.567 alunni per l'anno scolastico 2010/2011.;
17;it;Quale treno, principalmente di proprietà della SNCF, collega Bruxelles a Londra ?;Eurostar;Thalys;Alleo;Vauban;Confirmé;Composto da diciotto carrozze e due pullman, ogni treno è lungo 393 me può trasportare fino a 750 passeggeri.;https://it.wikipedia.org/wiki/Eurostar (Eurotunnel)
18;it;Quale asse stradale di Bruxelles comprende una serie di otto tunnel e superstrade ?;Cintura piccola;Big loop;Piccolo nodo;Anello grande;Confirmé;Il centro cittadino, chiamato “Pentagono”, è delimitato da una cintura di viali, equivalente ai viali parigini.;https://it.wikipedia.org/wiki/Bruxelles
19;it;Come viene comunemente chiamato l'aeroporto di Bruxelles-National ?;Zaventem;Ternat;Wemmel;Tremelo;Confirmé;L'aeroporto è utilizzato per voli europei e voli internazionali verso l'Africa, l'Asia o il Medio Oriente.;
20;it;Qual è la terza sala da concerto più grande di Bruxelles, nella periferia meridionale ?;Forest National;La botanica;Tour e taxi;Cirque Royal;Confirmé;Situato nel comune di Forest, a Bruxelles, è stato inaugurato all'inizio del 1971 con le esibizioni del 20th Century Ballet.;https://it.wikipedia.org/wiki/Forest_National
21;it;Quanti abitanti potrebbero esserci approssimativamente a Bruxelles il 1 gennaio 2015 ?;177.000;197.000;157.000;137.000;Expert;All'epoca era in corso un progetto governativo per creare un'area la cui popolazione e i cui confini dovevano essere definiti con precisione.;https://it.wikipedia.org/wiki/Bruxelles
22;it;Come si chiama il cuore storico della città di Bruxelles ?;Pentagono;Esagono;Ottagono;Dodecagon;Expert;Equivalente alla London City Road, il Pentagono è comunque organizzato a nord e ad est come autostrade urbane.;https://it.wikipedia.org/wiki/Bruxelles
23;it;Quanti ettari di spazi verdi coprono la superficie della Regione di Bruxelles-Capitale ?;8.000;6.000;4000;2.000;Expert;L'integrità di tutti gli spazi verdi di Bruxelles è classificata come sito Natura 2000 per la conservazione della flora e della fauna.;
24;it;In che anno la città di Bruxelles ha celebrato il suo millennio ufficiale ?;1979;1959;1999;1939;Expert;Tuttavia, ci sono vestigia e toponimi relativi alla civiltà di megaliti, dolmen e pietre erette.;https://it.wikipedia.org/wiki/Bruxelles
25;it;Con quale altra città Bruxelles ha i giornalisti più accreditati ?;Washington;Madrid;Dublino;Marsiglia;Expert;Washington è stata creata in seguito alla firma del Residence Act nel 1790, che prevedeva la creazione di una capitale federale.;https://it.wikipedia.org/wiki/Bruxelles
26;it;Quale edificio di Bruxelles è considerato un punto di riferimento dell'architettura eclettica ?;Palazzo di Giustizia;Villa Empain;Casa Horta;Café Métropole;Expert;Situato nella piazza più grande di Bruxelles, il tribunale è più grande della Basilica di San Pietro a Roma.;https://it.wikipedia.org/wiki/Palazzo_di_Giustizia_(Bruxelles)
27;it;Quale stile architettonico a Bruxelles è il lavoro di Victor Horta e Henry Van de Velde ?;Art Nouveau;Art Deco;Arte moderna;Arte barocca;Expert;Prima della prima guerra mondiale, questo movimento si è evoluto in uno stile più geometrico, caratteristico del movimento Art Déco.;https://it.wikipedia.org/wiki/Art_Nouveau
28;it;Quanti chilometri si estende la rete fognaria della città di Bruxelles ?;1.500;2.000;2.500;3.000;Expert;È oggetto di un piano di bonifica e anche di rinnovo delle parti più antiche risalenti a più di un secolo fa.;https://it.wikipedia.org/wiki/Bruxelles
29;it;Quale teatro di Bruxelles è molto caratteristico dell'architettura degli anni '60 ?;Teatro 140;Teatro Mercelis;Teatro Varia;Théâtre du Méridien;Expert;Théâtre 140 è un teatro di Bruxelles fondato nel 1963 da Jo Dekmine che ne è rimasto il direttore fino al 2015.;
30;it;Quale famoso museo di Bruxelles si trova all'Hôtel du Lotto ?;Museo Magritte;Museo del giocattolo;Museo del Cinema;Museo BELvue;Expert;Nel corso dei secoli i proprietari sono riusciti a trasformare l'edificio in un albergo, una gioielleria e infine un museo.;
1;nl;Brussel is de hoofdstad van de Franse en Vlaamse Gemeenschap van welk land;België;Nederland;Zwitserland;Duitsland;Débutant;Bruxelles-Capitale, bestaande uit 19 gemeenten, is een stadsgewest met een eigen regering en parlement.;https://nl.wikipedia.org/wiki/Brussel (stedelijk gebied)
2;nl;Welke van de drie gewesten van België vormt de stad Brussel;Brussels Hoofdstedelijk Gewest;Waals Gewest;Vlaams Gewest;Limburg;Débutant;Als we het vergelijken met de meeste regio's van Europa, heeft de hoofdstad van Brussel een relatief kleine oppervlakte.;
3;nl;Waar in België ligt ongeveer de stad Brussel ?;Centrum;Zuid;Noord;West;Débutant;De meeste EU-instellingen, evenals veel internationale organisaties, zijn gevestigd in Brussel-Hoofdstad.;https://nl.wikipedia.org/wiki/Brussel (stedelijk gebied)
4;nl;Door welke autosnelweggordel wordt de voorstad van Brussel afgebakend ?;Ring;A17;A1;A601;Débutant;Een van de eerste delen van de Ring werd eind jaren '60 aangelegd als onderdeel van de autosnelweg Brussel-Parijs.;https://nl.wikipedia.org/wiki/R0_(België)
5;nl;Welke wolkenkrabber in Brussel is de hoogste van België;Tour du Midi;Astro-toren;Financietoren;Rogiertoren;Débutant;150 m hoog, de Tour du Midi, niet te verwarren met de Tour des Finances, ligt tegenover het Gare du Midi.;https://nl.wikipedia.org/wiki/Zuidertoren_(Brussel)
6;nl;Welk gebouw is het hoofdkantoor van de Europese Commissie in Brussel;Berlaymont;Solvay;Castellani;Stoclet;Débutant;Het Berlaymont-gebouw herbergt ook de diensten die verbonden zijn aan de kantoren van de president en de commissarissen.;
7;nl;Wat is de belangrijkste taal die wordt gesproken in Brussel, de hoofdstad van België;Frans;Nederlands;Duits;Spaans;Débutant;Het gebruik van Engels in het Brussels Hoofdstedelijk Gewest en zijn periferie is echter een groeiend fenomeen.;https://nl.wikipedia.org/wiki/Brussel (stedelijk gebied)
8;nl;Wat is de belangrijkste Franstalige universiteit in Brussel;ULB;UCL;ULG;USL;Débutant;De ULB, opgericht in 1834, wordt regelmatig genoemd als een van de 150 beste universiteiten ter wereld.;
9;nl;Welke trein, geïnspireerd door de TGV, verbindt Brussel met Parijs, Amsterdam en Keulen;Thalys;Eurostar;Elipsos;Iris;Débutant;Thalys-treinen bestaan naast Eurostar-treinstellen, TGV Réseau- of Sud-Est-treinstellen en ICE-treinstellen.;https://nl.wikipedia.org/wiki/Thalys
10;nl;In hoeveel gemeenten is het Brussels Hoofdstedelijk Gewest verdeeld;19;22;25;28;Débutant;De stad Brussel, de grootste, strekt zich uit van het centrum tot het noorden van de agglomeratie en wordt omringd door de andere 18.;
11;nl;Hoe is het klimaat in de regio Brussel en in heel België;Gematigd oceanisch;Tropisch nat;Fleece;Subarctisch;Confirmé;Dit klimaat is te danken aan de nabijheid van de Atlantische Oceaan en de Golfstroom die het weer reguleert dankzij de calorische traagheid van zijn wateren.;https://nl.wikipedia.org/wiki/Brussel (stedelijk gebied)
12;nl;Hoeveel dagen neerslag valt er ongeveer per jaar in Brussel;200;150;100;50;Confirmé;Deze neerslagstatistieken maken het, na Dublin, de meest regenachtige hoofdstad van Europa (in aantal dagen).;https://nl.wikipedia.org/wiki/Brussel (stedelijk gebied)
13;nl;In welke wijk van Brussel bevinden zich het Koninklijk Paleis, het Palais de la Nation en het Koningsplein;Paleiswijk;Marollen;Zavel;Midi-Lemonnier;Confirmé;Beneden is het centraal station en de Kunstberg waar de Bibliotheek en de Koninklijke Belgische Cinematheek zijn gevestigd.;https://nl.wikipedia.org/wiki/Brussel_(stad)
14;nl;Wat is het grootste zakendistrict van Brussel en België;Leopold;Helm;Saint-Job;Diamant;Confirmé;Vandaag hebben de administratieve gebouwen de meerderheid van de herenhuizen en burgerlijke huizen van de wijk vervangen.;
15;nl;In Brussel, welk bos strekt zich uit over het Ter Kamerenbos;Zoniënwoud;Kalkbos;Bos van Retz;Bos van Brotonne;Confirmé;Het Zoniënwoud is verbonden met het Ter Kamerenbos, een bos- en plattelandswandeling die de stad binnenkomt.;
16;nl;Hoeveel mensen wordt geschat op de studentenpopulatie van Brussel-Hoofdstad ?;50.000;40.000;30.000;20.000;Confirmé;De Brusselse schoolbevolking telde in het schooljaar 2010/2011 in totaal 231.567 leerlingen.;
17;nl;Welke trein, voornamelijk eigendom van de SNCF, verbindt Brussel met Londen ?;Eurostar;Thalys;Alleo;Vauban;Confirmé;Elke trein bestaat uit achttien wagens en twee touringcars, is 393 m lang en kan tot 750 passagiers vervoeren.;https://nl.wikipedia.org/wiki/Eurostar
18;nl;Welke Brusselse wegenas omvat een reeks van acht tunnels en autowegen ?;Kleine riem;Grote lus;Kleine knoop;Grote ring;Confirmé;Het hart van de stad, het Pentagon genaamd, wordt afgebakend door een gordel van boulevards, gelijk aan de Parijse boulevards.;https://nl.wikipedia.org/wiki/Brussel (stedelijk gebied)
19;nl;Hoe wordt de luchthaven Brussel-Nationaal gewoonlijk genoemd ?;Zaventem;Ternat;Wemmel;Tremelo;Confirmé;De luchthaven wordt gebruikt voor Europese vluchten en internationale vluchten naar Afrika, Azië of het Midden-Oosten.;
20;nl;Wat is de derde grootste concertzaal van Brussel, in de zuidelijke buitenwijken ?;Vorst Nationaal;De plantkunde;Tour en taxi's;Cirque Royal;Confirmé;Gelegen in de Brusselse gemeente Vorst, werd het begin 1971 ingehuldigd met optredens van het 20th Century Ballet.;https://nl.wikipedia.org/wiki/Vorst_Nationaal
21;nl;Hoeveel inwoners zouden er op 1 januari 2015 ongeveer in Brussel kunnen zijn ?;177.000;197.000;157.000;137.000;Expert;Destijds was er een overheidsproject aan de gang om een gebied te creëren waarvan de bevolking en de grenzen nauwkeurig moesten worden bepaald.;https://nl.wikipedia.org/wiki/Brussel (stedelijk gebied)
22;nl;Hoe heet het historische hart van de stad Brussel ?;Pentagon;Zeshoek;Achthoek;Twaalfhoek;Expert;Gelijk aan de London City Road, is het Pentagon echter in het noorden en oosten ingericht als stedelijke snelwegen.;https://nl.wikipedia.org/wiki/Brussel (stedelijk gebied)
23;nl;Hoeveel hectare groene ruimte beslaat de oppervlakte van het Brussels Hoofdstedelijk Gewest ?;8.000;6.000;4000;2000;Expert;De integriteit van alle groene ruimten in Brussel is geclassificeerd als Natura 2000-gebied voor het behoud van flora en fauna.;
24;nl;In welk jaar vierde de stad Brussel haar officiële millennium ?;1979;1959;1999;1939;Expert;Er zijn echter overblijfselen en toponiemen met betrekking tot de beschaving van megalieten, hunebedden en staande stenen.;https://nl.wikipedia.org/wiki/Brussel (stedelijk gebied)
25;nl;Met welke andere stad heeft Brussel de meest geaccrediteerde journalisten ?;Washington;Madrid;Dublin;Marseille;Expert;Washington werd opgericht na de ondertekening van de Residence Act in 1790, die voorzag in de oprichting van een federale hoofdstad.;https://nl.wikipedia.org/wiki/Brussel (stedelijk gebied)
26;nl;Welk Brussels gebouw wordt beschouwd als een ijkpunt van eclectische architectuur ?;Paleis van Justitie;Villa Empain;Hortahuis;Café Métropole;Expert;Gelegen aan het grootste plein van Brussel, is het gerechtsgebouw groter dan de Sint-Pietersbasiliek in Rome.;https://nl.wikipedia.org/wiki/Justitiepaleis_van_Brussel
27;nl;Welke bouwstijl in Brussel is het werk van Victor Horta en Henry Van de Velde ?;Jugendstil;Art Deco;Moderne kunst;Barokke kunst;Expert;Voor de Eerste Wereldoorlog evolueerde deze beweging naar een meer geometrische stijl, kenmerkend voor de Art Deco-beweging.;https://nl.wikipedia.org/wiki/Jugendstil
28;nl;Hoeveel kilometer reikt het rioolnetwerk van de stad Brussel ?;1.500;2000;2500;3.000;Expert;Het is het onderwerp van een plan om de oudste delen van meer dan een eeuw oud op te schonen en zelfs te vernieuwen.;https://nl.wikipedia.org/wiki/Brussel (stedelijk gebied)
29;nl;Welk Brussels theater is heel kenmerkend voor de architectuur van de jaren zestig ?;Theater 140;Mercelis Theater;Varia Theater;Théâtre du Méridien;Expert;Théâtre 140 is een Brussels theater opgericht in 1963 door Jo Dekmine, die tot 2015 directeur bleef.;
30;nl;Welk beroemd Brussels museum is gehuisvest in Hôtel du Lotto ?;Magritte Museum;Speelgoedmuseum;Bioscoopmuseum;BELvue Museum;Expert;De eigenaren zijn er door de eeuwen heen in geslaagd het pand om te toveren tot hotel, juwelier en uiteindelijk museum.;
