1;fr;De quelle espèce animale font partie les fourmis, de l'ordre des hyménoptères ?;Insectes;Mammifères;Poissons;Invertébrés;Débutant;Certaines espèces de fourmis forment des supercolonies à plusieurs centaines de millions d'individus et à plus de 50 colonies.;https://fr.wikipedia.org/wiki/Fourmi
2;fr;Quel habitat des fourmis est généralement conçu par construction de dômes ?;Fourmilière;Nid;Cage;Niche;Débutant;La fourmilière a pour but de protéger la ou les reines et de garantir à la colonie une sécurité et un abri face aux intempéries.;https://fr.wikipedia.org/wiki/Fourmilière
3;fr;Dans quel film d'animation, sorti des studios Pixar, Tilt est-il un ouvrier fourmi ?;« 1001 pattes »;« Toy Story »;« Monstres et Cie »;« Ratatouille »;Débutant;Woody, le cow-boy héros du film d'animation « Toy Story », est apparu dans le bêtisier du générique de fin.;https://fr.wikipedia.org/wiki/1001_pattes
4;fr;Quels insectes sont parfois appelés « fourmis blanches » au sein de colonies hiérarchisées ?;Les termites;Les blattes;Les cafards;Les cancrelats;Débutant;Les termites se rencontrent surtout dans les pays chauds, où certaines espèces construisent de grands nids en terre mâchée.;https://fr.wikipedia.org/wiki/Termite
5;fr;Avec l'Antarctique, quelle région du monde n'est pas colonisée par les fourmis ?;Groenland;Afrique du Sud;Russie;Japon;Débutant;En 2013, plus de 12 000 espèces ont été répertoriées, mais il en reste probablement des milliers encore à découvrir.;https://fr.wikipedia.org/wiki/Fourmi
6;fr;Au sein d'une colonie de fourmis, qui pond les oeufs dans la fourmilière ?;La reine;L'ouvrière;La guerrière;La tisserande;Débutant;Certaines espèces de fourmis peuvent tolérer plusieurs reines lorsque la colonie est conséquente.;https://fr.wikipedia.org/wiki/Fourmi
7;fr;Avec quoi les fourmis sentent-elles le repérage de pistes olfactives ?;Leurs antennes;Leurs pattes;Leur abdomen;Leur queue;Débutant;Les fourmis peuvent aussi détecter à quel groupe de travail (par exemple la recherche de nourriture) l'une ou l'autre appartient.;https://fr.wikipedia.org/wiki/Fourmi
8;fr;Avec quel autre insecte la fourmi partage-t-elle une célèbre fable de Jean de La Fontaine ?;La cigale;La mouche;La coccinelle;La libellule;Débutant;« La Cigale et la Fourmi » est la première fable du livre I de Jean de La Fontaine située dans le premier recueil des « Fables de La Fontaine ».;https://fr.wikipedia.org/wiki/La_Cigale_et_la_Fourmi_(La_Fontaine)
9;fr;Laquelle de ces méthodes est radicale pour tenir éloigné les fourmis de son habitation ?;Le vinaigre;Le sucre;Le miel;Le riz;Débutant;Certaines odeurs fortes ont une action répulsive sur les fourmis, comme c'est notamment le cas du jus de citron et du vinaigre.;https://fr.wikipedia.org/wiki/Fourmi
10;fr;Quel film du studio Dreamworks sorti en 1998 relate la vie des fourmis ?;« Fourmiz »;« Chicken Run »;« Shrek »;« Madagascar »;Débutant;Seulement un mois après la sortie du film fut proposé le film d'animation « 1001 pattes » du concurrent historique Pixar.;https://fr.wikipedia.org/wiki/Fourmiz
11;fr;Quel écrivain français né à Toulouse a publié une célèbre trilogie sur les fourmis ?;Bernard Werber;Gaston Boca;Robert Merle;Alain Grousset;Confirmé;Son oeuvre, traduite dans une trentaine de langues, fait se rencontrer spiritualité, science-fiction, polar, biologie et mythologie.;https://fr.wikipedia.org/wiki/Bernard_Werber
12;fr;Quel terme est utilisé pour désigner une colonie de fourmis avec plusieurs reines ?;Supercolonie;Métapopulation;Écotype;Épifaune;Confirmé;Les ouvrières s'y déplacent librement de nids en nids, comme si la population entière était une unique colonie.;https://fr.wikipedia.org/wiki/Supercolonie
13;fr;Chez les fourmis, comment appelle-t-on les femelles aptères et stériles ?;Ouvrières;Guerrières;Reines;Nettoyeuses;Confirmé;Les différences morphologiques majeures entre les castes d'ouvrières sont induites par le régime alimentaire au stade larvaire.;https://fr.wikipedia.org/wiki/Fourmi
14;fr;Quel sexe aura obligatoirement une fourmi si son oeuf a la chance d'être fécondé ?;Femelle;Mâle;Mâle ou femelle;On ne sait pas;Confirmé;Si l'oeuf est fécondé, l'individu est alors diploïde et l'oeuf donnera une femelle : s'il ne l'est pas, l'individu est haploïde et forme un mâle.;https://fr.wikipedia.org/wiki/Fourmi
15;fr;Quelles fourmis, pourtant parfois de petite taille, font leurs nids en creusant le bois ?;Charpentières;Pot-de-miel;Moissonneuses;Tisserandes;Confirmé;Les ouvrières varient en taille et certaines d'entre elles comptent parmi les plus grandes espèces d'Europe.;https://fr.wikipedia.org/wiki/Fourmi
16;fr;Comment sont parfois appelées les ouvrières géantes au sein d'une colonie de fourmis ?;Soldats;Ouvrières;Guêpes;Pondeuses;Confirmé;Les plus grandes ouvrières sont parfois appelées « soldats », bien que leur rôle défensif ne soit pas nécessairement prépondérant.;https://fr.wikipedia.org/wiki/Fourmi
17;fr;Quelles fourmis à l'abdomen gonflé deviennent des mets délicieux en Australie ?;Pot-de-miel;Tisserandes;Charpentières;Moissonneuses;Confirmé;Ces fourmis servent de réservoir vivant aux autres fourmis de la colonie qui viennent leur donner le miellat.;https://fr.wikipedia.org/wiki/Fourmi_pot-de-miel
18;fr;Quels produits chimiques sont utilisés pour faciliter la communication entre les fourmis ?;Phéromones;Neurotoxiques;Biocides;Glucides;Confirmé;Les phéromones agissent comme des messagers et jouent notamment un rôle dans l'attraction sexuelle.;https://fr.wikipedia.org/wiki/Phéromone
19;fr;Quelles fourmis sont chargées d'éliminer les cadavres du nid ?;Nettoyeuses;Guérisseuses;Ouvrières;Guerrières;Confirmé;Les nettoyeuses sont souvent des ouvrières en fin de vie ou des individus qui restent dans les endroits consacrés aux déchets.;https://fr.wikipedia.org/wiki/Fourmi
20;fr;Quel prédateur est également nommé le fourmilier géant ou grand fourmilier ?;Tamanoir;Hurleur;Ragondin;Saphir;Confirmé;Le tamanoir est surtout terrestre, contrairement à d'autres fourmiliers ou paresseux, qui sont arboricoles ou semi-arboricole.;https://fr.wikipedia.org/wiki/Tamanoir
21;fr;Environ combien d'espèces de fourmis ont été répertoriées en 2013 ?;12 600;10 500;8 400;6 700;Expert;Bien que les fourmis représentent moins d'un pour cent des espèces d'insectes, leur masse totale excède le poids de l'humanité.;https://fr.wikipedia.org/wiki/Fourmi
22;fr;Comment sont appelées les espèces de fourmis possédant une seule reine ?;Monogynes;Phytozoaires;Zoophytes;Euryapsides;Expert;Ce terme est également applicable chez les abeilles, les guêpes, les termites et rats-taupes nus.;https://fr.wikipedia.org/wiki/Monogyne
23;fr;Environ combien d'espèces de fourmis sont connues en Europe ?;400;4 000;40 000;400 000;Expert;En forêt tropicale en Malaisie, on peut compter jusqu'à 40 espèces différentes sur un seul mètre carré.;https://fr.wikipedia.org/wiki/Fourmi
24;fr;La piqûre répétée de quelle fourmi peut être mortelle pour l'homme ?;Bulldog;Veuve noire;Tigre;Taïpan;Expert;Même si les attaques sur l'être humain sont plutôt rares, les piqûres peuvent être mortelles en raison d'un possible choc anaphylactique.;https://fr.wikipedia.org/wiki/Fourmi
25;fr;Jusqu'à quelle profondeur a-t-on retrouvé des fourmis en Asie du Sud-Est ?;22 km;18 km;14 km;10 km;Expert;Les fourmis se sont adaptées à presque tous les milieux terrestres et souterrains mais pas aux milieux aquatiques et aux zones polaires.;https://fr.wikipedia.org/wiki/Fourmi
26;fr;Quel est le record de longévité détenu par une reine chez la fourmi noire des jardins ?;28 ans;25 ans;22 ans;19 ans;Expert;Les mâles ont une vie très brève et, ne sachant pas s'alimenter seuls, ils meurent dès qu'ils se sont reproduits.;https://fr.wikipedia.org/wiki/Fourmi
27;fr;Quel pourcentage des espèces de fourmis recensées dans le monde vivent sans reine ?;1 %;11 %;21 %;31 %;Expert;Ces fourmis vivent au sein de colonies très réduites dans lesquelles certaines ouvrières se reproduisent.;https://fr.wikipedia.org/wiki/Fourmi
28;fr;Quel terme utilise-t-on généralement pour désigner les sons émis par les fourmis ?;Stridulations;Percussions;Bourdonnements;Déformations;Expert;La stridulation permet d'émettre une large gamme de signaux sonores (sélection sexuelle, territorialité, etc...).;https://fr.wikipedia.org/wiki/Stridulation
29;fr;À combien de milliards d'individus estime-t-on le nombre de fourmis sur Terre ?;10 millions;7 millions;4 millions;1 million;Expert;Les fourmis représenteraient 1 à 2 % du nombre d'espèces d'insectes, mais constitueraient près de 20 % de leur biomasse.;https://fr.wikipedia.org/wiki/Fourmi
30;fr;Quel mammifère insectivore recouvert d'écailles est un prédateur pour les fourmis ?;Pangolin;Ragondin;Saphir;Tamanoir;Expert;Les pangolins peuplent les forêts et les savanes des régions tropicales et équatoriales d'Afrique et d'Asie du Sud-Est.;https://fr.wikipedia.org/wiki/Pangolin
1;en;What species of animal do ants belong to, in the order Hymenoptera ?;Insects;Mammals;Fish;Invertebrates;Débutant;Some species of ants form supercolonies with several hundred million individuals and more than 50 colonies.;https://en.wikipedia.org/wiki/Ant
2;en;Which ant habitat is usually designed by dome construction ?;Anthill;Nest;Cage;Niche;Débutant;The purpose of the anthill is to protect the queen(s) and to guarantee the colony security and shelter from bad weather.;
3;en;In which Pixar Tilt Studios animated film is an ant worker ?;« 1001 legs »;« Toy Story »;« Monsters Inc. »;« Ratatouille »;Débutant;Woody the cowboy hero of the animated film « Toy Story » appeared in the blooper of the end credits.;
4;en;What insects are sometimes called white ants within hierarchical colonies ?;Termites;Cockroaches;Cockroaches;Cockroaches;Débutant;Termites are found mainly in hot countries, where certain species build large nests out of chewed earth.;https://en.wikipedia.org/wiki/Termite
5;en;Besides Antarctica, what region of the world is not colonized by ants ?;Greenland;South Africa;Russia;Japan;Débutant;As of 2013, more than 12,000 species have been recorded, but there are likely thousands more yet to be discovered.;https://en.wikipedia.org/wiki/Ant
6;en;Within an ant colony, who lays the eggs in the anthill ?;The Queen;The worker;The warrior;The weaver;Débutant;Certain species of ants can tolerate several queens when the colony is large.;https://en.wikipedia.org/wiki/Ant
7;en;What do ants use to detect scent trails ?;Their antennas;Their paws;Their abdomen;Their tail;Débutant;Ants can also detect which work group (e.g. foraging) one or the other belongs to.;https://en.wikipedia.org/wiki/Ant
8;en;With which other insect does the ant share a famous fable by Jean de La Fontaine ?;The cicada;The fly;The ladybug;The dragonfly;Débutant;« The Cicada and the Ant » is the first fable of book I by Jean de La Fontaine located in the first collection of « Fables de La Fontaine ».;
9;en;Which of these methods seems radical to keep ants away from your home ?;Vinegar;Sugar;Honey;Rice;Débutant;Some strong odors have a repellent effect on ants, such as lemon juice and vinegar.;https://en.wikipedia.org/wiki/Ant
10;en;Which film from the Dreamworks studio released in 1998 relates the life of ants ?;« Antz »;« Chicken Run »;« Shrek »;« Madagascar »;Débutant;Only a month after the film's release, the animated film « 1001 Paws » from historical competitor Pixar was offered.;https://en.wikipedia.org/wiki/Antz
11;en;Which French writer born in Toulouse published a famous trilogy on ants ?;Bernard Werber;Gaston Boca;Robert Merle;Alain Grousset;Confirmé;His work, translated into around thirty languages, brings together spirituality, science fiction, crime fiction, biology and mythology.;https://en.wikipedia.org/wiki/Bernard_Werber
12;en;What term is used to describe an ant colony made up of several queens ?;Supercolony;Metapopulation;Ecotype;Epifauna;Confirmé;The workers move freely from nest to nest, as if the entire population were a single colony.;
13;en;Among ants, what are the wingless and sterile females called ?;Workers;Warriors;Queens;Cleaners;Confirmé;The major morphological differences between worker castes are induced by diet at the larval stage.;https://en.wikipedia.org/wiki/Ant
14;en;What sex will an ant necessarily have if its egg is lucky enough to be fertilized ?;Female;Male;Male or female;We don't know;Confirmé;If the egg is fertilized, the individual is then diploid and the egg will produce a female : if it is not, the individual is haploid and forms a male.;https://en.wikipedia.org/wiki/Ant
15;en;Which ants, although sometimes small, make their nests by digging in wood ?;Carpenters;Honeypot;Harvesters;Weavers;Confirmé;Workers vary in size and some of them are among the largest species in Europe.;https://en.wikipedia.org/wiki/Ant
16;en;What are the giant workers in an ant colony sometimes called ?;Soldiers;Workers;Wasps;Layers;Confirmé;The larger workers are sometimes called soldiers, although their defensive role is not necessarily dominant.;https://en.wikipedia.org/wiki/Ant
17;en;Which ants with swollen abdomens become delicious foods in Australia ?;Honeypot;Weavers;Carpenters;Harvesters;Confirmé;These ants serve as a living reservoir for the other ants in the colony who come to give them honeydew.;https://en.wikipedia.org/wiki/Honeypot_ant
18;en;What chemicals are used to facilitate communication between ants ?;Pheromones;Neurotoxicants;Biocides;Carbohydrates;Confirmé;Pheromones act as messengers and notably play a role in sexual attraction.;
19;en;Which ants are responsible for removing corpses from the nest ?;The cleaners;The healers;The workers;The warriors;Confirmé;Cleaners are often workers at the end of their lives or individuals who remain in areas dedicated to waste.;https://en.wikipedia.org/wiki/Ant
20;en;Which predator is also called the giant anteater or large anteater ?;The anteater;The howler;The coypu;Sapphire;Confirmé;The anteater is mainly terrestrial, unlike other anteaters or sloths, which are arboreal or semi-arboreal.;https://en.wikipedia.org/wiki/Giant anteater
21;en;Approximately how many species of ants were recorded in 2013 ?;12,600;10,500;8,400;6,700;Expert;Although ants make up less than one percent of insect species, their total mass exceeds the weight of humanity.;https://en.wikipedia.org/wiki/Ant
22;en;What are species of ants with only one queen called ?;Monogynes;Phytozoa;Zoophytes;Euryapsids;Expert;This term is also applicable to bees, wasps, termites and naked mole rats.;https://en.wikipedia.org/wiki/Gyne
23;en;Approximately how many species of ants are known in Europe ?;400;4,000;40,000;400,000;Expert;In the rainforest of Malaysia, there can be up to 40 different species in a single square meter.;https://en.wikipedia.org/wiki/Ant
24;en;The repeated sting of which ant can be fatal for humans ?;Bulldog;Black Widow;Tiger;Taipan;Expert;Although attacks on humans are rather rare, stings can be fatal due to possible anaphylactic shock.;https://en.wikipedia.org/wiki/Ant
25;en;How deep have ants been found in Southeast Asia ?;22km;18km;14km;10km;Expert;Ants have adapted to almost all terrestrial and subterranean environments but not to aquatic environments and polar zones.;https://en.wikipedia.org/wiki/Ant
26;en;What is the longevity record held by a queen among the black garden ants ?;28 years old;25 years;22 years old;19 years old;Expert;The males have a very short life and, not knowing how to feed themselves, they die as soon as they have reproduced.;https://en.wikipedia.org/wiki/Ant
27;en;What percentage of the world's ant species live without a queen ?;1%;11%;21%;31%;Expert;These ants live in very small colonies in which some workers reproduce.;https://en.wikipedia.org/wiki/Ant
28;en;What term is commonly used for the sounds ants make ?;Stridulations;Percussion;Buzzing;Deformations;Expert;Stridulation makes it possible to emit a wide range of sound signals (sexual selection, territoriality, etc...).;https://en.wikipedia.org/wiki/Stridulation
29;en;How many billions of people are there estimated to be on Earth ?;10 million;7 million;4 million;1 million;Expert;Ants represent 1 to 2% of the number of insect species, but constitute nearly 20% of their biomass.;https://en.wikipedia.org/wiki/Ant
30;en;Which scale-covered insectivorous mammal is a predator of ants ?;Pangolin;Nutria;Sapphire;Anteater;Expert;Pangolins inhabit the forests and savannahs of tropical and equatorial regions of Africa and Southeast Asia.;
1;de;Zu welcher Tierart gehören Ameisen in der Ordnung der Hautflügler ?;Insekten;Säugetiere;Fisch;Wirbellose;Débutant;Einige Ameisenarten bilden Superkolonien mit mehreren hundert Millionen Individuen und mehr als 50 Kolonien.;https://de.wikipedia.org/wiki/Ameisen
2;de;Welcher Ameisenlebensraum wird üblicherweise durch Kuppelbauweise gestaltet ?;Ameisenhaufen;Nest;Käfig;Nische;Débutant;Der Zweck des Ameisenhaufens besteht darin, die Königin(n) zu schützen und der Kolonie Sicherheit und Schutz vor schlechtem Wetter zu gewährleisten.;
3;de;In welchem Animationsfilm von Pixar Tilt Studios ist ein Ameisenarbeiter ?;« 1001 Beine »;« Toy Story »;« Monsters Inc. »;« Ratatouille »;Débutant;Woody, der Cowboy-Held des Animationsfilms « Toy Story », erschien im Blooper des Abspanns.;
4;de;Welche Insekten werden in hierarchischen Kolonien manchmal als weiße Ameisen bezeichnet ?;Termiten;Kakerlaken;Kakerlaken;Kakerlaken;Débutant;Termiten kommen vor allem in heißen Ländern vor, wo bestimmte Arten große Nester aus zerkauter Erde bauen.;https://de.wikipedia.org/wiki/Termiten
5;de;Welche Region der Welt wird außer der Antarktis nicht von Ameisen besiedelt ?;Grönland;Südafrika;Russland;Japan;Débutant;Bis 2013 wurden mehr als 12.000 Arten erfasst, aber es müssen wahrscheinlich noch Tausende weitere entdeckt werden.;https://de.wikipedia.org/wiki/Ameisen
6;de;Wer legt in einer Ameisenkolonie die Eier in den Ameisenhaufen ?;Die Königin;Der Arbeiter;Der Krieger;Der Weber;Débutant;Bestimmte Ameisenarten können mehrere Königinnen tolerieren, wenn die Kolonie groß ist.;https://de.wikipedia.org/wiki/Ameisen
7;de;Womit erkennen Ameisen Duftspuren ?;Ihre Antennen;Ihre Pfoten;Ihr Bauch;Ihr Schwanz;Débutant;Ameisen können auch erkennen, zu welcher Arbeitsgruppe (z. B. Nahrungssuche) die eine oder andere gehört.;https://de.wikipedia.org/wiki/Ameisen
8;de;Mit welchem anderen Insekt teilt die Ameise eine berühmte Fabel von Jean de La Fontaine ?;Die Zikade;Die Fliege;Der Marienkäfer;Die Libelle;Débutant;« Die Zikade und die Ameise » ist die erste Fabel aus Buch I von Jean de La Fontaine und befindet sich in der ersten Sammlung von « Fables de La Fontaine ».;
9;de;Welche dieser Methoden scheint radikal, um Ameisen von Ihrem Zuhause fernzuhalten ?;Essig;Zucker;Honig;Reis;Débutant;Einige starke Gerüche wirken auf Ameisen abstoßend, beispielsweise Zitronensaft und Essig.;https://de.wikipedia.org/wiki/Ameisen
10;de;Welcher 1998 erschienene Film des Dreamworks-Studios erzählt vom Leben der Ameisen ?;« Antz »;« Chicken Run »;« Shrek »;« Madagascar »;Débutant;Nur einen Monat nach der Veröffentlichung des Films wurde der Animationsfilm « 1001 Pfoten » vom historischen Konkurrenten Pixar angeboten.;https://de.wikipedia.org/wiki/Antz
11;de;Welcher in Toulouse geborene französische Schriftsteller veröffentlichte eine berühmte Ameisentrilogie ?;Bernard Werber;Gaston Boca;Robert Merle;Alain Grousset;Confirmé;Sein in rund dreißig Sprachen übersetztes Werk vereint Spiritualität, Science-Fiction, Kriminalromane, Biologie und Mythologie.;https://de.wikipedia.org/wiki/Bernard_Werber
12;de;Mit welchem Begriff bezeichnet man eine Ameisenkolonie, die aus mehreren Königinnen besteht ?;Superkolonie;Metapopulation;Ökotyp;Epifauna;Confirmé;Die Arbeiterinnen bewegen sich frei von Nest zu Nest, als ob die gesamte Population eine einzige Kolonie wäre.;
13;de;Wie nennt man bei den Ameisen die flügellosen und unfruchtbaren Weibchen ?;Arbeiter;Krieger;Königinnen;Reiniger;Confirmé;Die wichtigsten morphologischen Unterschiede zwischen Arbeiterkasten werden durch die Ernährung im Larvenstadium hervorgerufen.;https://de.wikipedia.org/wiki/Ameisen
14;de;Welches Geschlecht muss eine Ameise haben, wenn ihre Eizelle das Glück hat, befruchtet zu werden ?;Weiblich;Männlich;Männlich oder weiblich;Wir wissen es nicht;Confirmé;Wenn die Eizelle befruchtet wird, ist das Individuum diploid und die Eizelle bringt ein Weibchen hervor.;https://de.wikipedia.org/wiki/Ameisen
15;de;Welche Ameisen, obwohl manchmal klein, bauen ihre Nester, indem sie im Holz graben ?;Tischler;Honigtopf;Erntemaschinen;Weber;Confirmé;Arbeiterinnen sind unterschiedlich groß und einige von ihnen gehören zu den größten Arten in Europa.;https://de.wikipedia.org/wiki/Ameisen
16;de;Wie werden die riesigen Arbeiter in einer Ameisenkolonie manchmal genannt ?;Soldaten;Arbeiter;Wespen;Schichten;Confirmé;Die größeren Arbeiter werden manchmal Soldaten genannt, obwohl ihre Verteidigungsrolle nicht unbedingt dominant ist.;https://de.wikipedia.org/wiki/Ameisen
17;de;Welche Ameisen mit geschwollenem Bauch werden in Australien zu köstlichen Nahrungsmitteln ?;Honigtopf;Weber;Tischler;Erntemaschinen;Confirmé;Diese Ameisen dienen als lebendes Reservoir für die anderen Ameisen in der Kolonie, die ihnen Honigtau geben.;https://de.wikipedia.org/wiki/Honigtopfameisen
18;de;Welche Chemikalien werden verwendet, um die Kommunikation zwischen Ameisen zu erleichtern ?;Pheromone;Neurotoxika;Biozide;Kohlenhydrate;Confirmé;Pheromone fungieren als Botenstoffe und spielen insbesondere eine Rolle bei der sexuellen Anziehung.;
19;de;Welche Ameisen sind dafür verantwortlich, Leichen aus dem Nest zu entfernen ?;Die Reinigungskräfte;Die Heiler;Die Arbeiter;Die Krieger;Confirmé;Bei Reinigungskräften handelt es sich oft um Arbeiter am Ende ihres Lebens oder um Einzelpersonen, die in Bereichen verbleiben, in denen Abfälle anfallen.;https://de.wikipedia.org/wiki/Ameisen
20;de;Welches Raubtier wird auch Großer Ameisenbär oder Großer Ameisenbär genannt ?;Der Ameisenbär;Der Heuler;Der Nutria;Saphir;Confirmé;Der Ameisenbär ist hauptsächlich terrestrisch, im Gegensatz zu anderen Ameisenbären oder Faultieren, die auf Bäumen oder Halbbäumen leben.;https://de.wikipedia.org/wiki/Großer Ameisenbär
21;de;Wie viele Ameisenarten wurden im Jahr 2013 ungefähr erfasst ?;12.600;10.500;8.400;6.700;Expert;Obwohl Ameisen weniger als ein Prozent der Insektenarten ausmachen, übersteigt ihre Gesamtmasse das Gewicht des Menschen.;https://de.wikipedia.org/wiki/Ameisen
22;de;Wie nennt man Ameisenarten mit nur einer Königin ?;Monogynes;Phytozoen;Zoophyten;Euryapsiden;Expert;Dieser Begriff gilt auch für Bienen, Wespen, Termiten und Nacktmulle.;https://de.wikipedia.org/wiki/Gynomorphe
23;de;Wie viele Ameisenarten sind in Europa ungefähr bekannt ?;400;4.000;40.000;400.000;Expert;Im Regenwald Malaysias können auf einem Quadratmeter bis zu 40 verschiedene Arten vorkommen.;https://de.wikipedia.org/wiki/Ameisen
24;de;Der wiederholte Stich welcher Ameise kann für den Menschen tödlich sein ?;Bulldogge;Schwarze Witwe;Tiger;Taipan;Expert;Obwohl Angriffe auf den Menschen eher selten sind, können Stiche aufgrund eines möglichen anaphylaktischen Schocks tödlich enden.;https://de.wikipedia.org/wiki/Ameisen
25;de;Wie tief wurden Ameisen in Südostasien gefunden ?;22km;18km;14 km;10km;Expert;Ameisen haben sich an fast alle terrestrischen und unterirdischen Umgebungen angepasst, nicht jedoch an aquatische Umgebungen und Polarzonen.;https://de.wikipedia.org/wiki/Ameisen
26;de;Welche Langlebigkeitsbilanz hält eine Königin unter den schwarzen Gartenameisen ?;28 Jahre alt;25 Jahre;22 Jahre alt;19 Jahre alt;Expert;Die Männchen haben ein sehr kurzes Leben und sterben, da sie nicht wissen, wie sie sich ernähren sollen, sobald sie sich fortgepflanzt haben.;https://de.wikipedia.org/wiki/Ameisen
27;de;Wie viel Prozent der Ameisenarten weltweit leben ohne Königin ?;1%;11 %;21 %;31 %;Expert;Diese Ameisen leben in sehr kleinen Kolonien, in denen sich einige Arbeiterinnen vermehren.;https://de.wikipedia.org/wiki/Ameisen
28;de;Welcher Begriff wird üblicherweise für die Geräusche verwendet, die Ameisen machen ?;Stridulationen;Schlagzeug;Summen;Verformungen;Expert;Die Stridulation ermöglicht die Aussendung verschiedenster Tonsignale (sexuelle Selektion, Territorialität usw...).;https://de.wikipedia.org/wiki/Stridulation
29;de;Wie viele Milliarden Menschen leben schätzungsweise auf der Erde ?;10 Millionen;7 Millionen;4 Millionen;1 Million;Expert;Ameisen machen 1 bis 2 % der Insektenarten aus, machen aber fast 20 % ihrer Biomasse aus.;https://de.wikipedia.org/wiki/Ameisen
30;de;Welches schuppenbedeckte insektenfressende Säugetier ist ein Raubtier der Ameisen ?;Schuppentier;Nutria;Saphir;Ameisenbär;Expert;Schuppentiere leben in den Wäldern und Savannen tropischer und äquatorialer Regionen Afrikas und Südostasiens.;
1;es;¿A qué especie de animal pertenecen las hormigas, en el orden Hymenoptera ?;Insectos;Mamíferos;Pescado;Invertebrados;Débutant;Algunas especies de hormigas forman supercolonias con varios cientos de millones de individuos y más de 50 colonias.;https://es.wikipedia.org/wiki/Formicidae
2;es;¿Qué hábitat de hormigas suele diseñarse mediante la construcción de un domo ?;Hormiguero;Nido;Jaula;Nicho;Débutant;El propósito del hormiguero es proteger a la(s) reina(s) y garantizar a la colonia seguridad y refugio del mal tiempo.;
3;es;¿En qué película animada de Pixar Tilt Studios es un trabajador de hormigas ?;« 1001 patas »;« Toy Story »;« Monsters Inc. »;« Ratatouille »;Débutant;Woody, el héroe vaquero de la película animada « Toy Story » apareció en el error de los créditos finales.;
4;es;¿Qué insectos a veces se llaman hormigas blancas dentro de colonias jerárquicas ?;Termitas;Cucarachas;Cucarachas;Cucarachas;Débutant;Las termitas se encuentran principalmente en países cálidos, donde ciertas especies construyen grandes nidos con tierra masticada.;https://es.wikipedia.org/wiki/Isoptera
5;es;Además de la Antártida, ¿qué región del mundo no está colonizada por hormigas ?;Groenlandia;Sudáfrica;Rusia;Japón;Débutant;Hasta 2013, se han registrado más de 12.000 especies, pero es probable que aún queden miles más por descubrir.;https://es.wikipedia.org/wiki/Formicidae
6;es;Dentro de una colonia de hormigas, ¿quién pone los huevos en el hormiguero ?;La Reina;El trabajador;El guerrero;El tejedor;Débutant;Ciertas especies de hormigas pueden tolerar varias reinas cuando la colonia es grande.;https://es.wikipedia.org/wiki/Formicidae
7;es;¿Qué usan las hormigas para detectar rastros de olor ?;Sus antenas;Sus patas;Su abdomen;Su cola;Débutant;Las hormigas también pueden detectar a qué grupo de trabajo (por ejemplo, de búsqueda de alimento) pertenece una u otra.;https://es.wikipedia.org/wiki/Formicidae
8;es;¿Con qué otro insecto comparte la hormiga una famosa fábula de Jean de La Fontaine ?;La cigarra;La mosca;La mariquita;La libélula;Débutant;\u003cI\u003eLa cigarra y la hormiga\u003c/I\u003e es la primera fábula del libro I de Jean de La Fontaine ubicada en la primera colección de \u003cI\u003eFábulas de La Fontaine\u003c/I\u003e.;
9;es;¿Cuál de estos métodos parece radical para mantener a las hormigas alejadas de tu casa ?;Vinagre;Azúcar;Miel;Arroz;Débutant;Algunos olores fuertes tienen un efecto repelente sobre las hormigas, como el jugo de limón y el vinagre.;https://es.wikipedia.org/wiki/Formicidae
10;es;¿Qué película del estudio Dreamworks estrenada en 1998 relata la vida de las hormigas ?;« Antz »;« Chicken Run »;« Shrek »;« Madagascar »;Débutant;Sólo un mes después del estreno de la película, se ofreció la película animada « 1001 Paws » del histórico competidor Pixar.;https://es.wikipedia.org/wiki/Antz
11;es;¿Qué escritor francés nacido en Toulouse publicó una famosa trilogía sobre las hormigas ?;Bernard Werber;Gastón Boca;Robert Merle;Alain Grousset;Confirmé;Su obra, traducida a una treintena de idiomas, aúna espiritualidad, ciencia ficción, novela policíaca, biología y mitología.;https://es.wikipedia.org/wiki/Bernard_Werber
12;es;¿Qué término se utiliza para describir una colonia de hormigas formada por varias reinas ?;Supercolonia;Metapoblación;Ecotipo;Epifauna;Confirmé;Las obreras se mueven libremente de nido en nido, como si toda la población fuera una sola colonia.;
13;es;Entre las hormigas, ¿cómo se llaman las hembras estériles y sin alas ?;Trabajadores;Guerreros;Reinas;Limpiadores;Confirmé;Las principales diferencias morfológicas entre las castas de trabajadores son inducidas por la dieta en la etapa larvaria.;https://es.wikipedia.org/wiki/Formicidae
14;es;¿Qué sexo tendrá necesariamente una hormiga si su óvulo tiene la suerte de ser fecundado ?;Mujer;Masculino;Hombre o mujer;No lo sabemos;Confirmé;Si el óvulo es fecundado, el individuo es entonces diploide y del óvulo producirá una hembra; si no, el individuo es haploide y forma un macho.;https://es.wikipedia.org/wiki/Formicidae
15;es;¿Qué hormigas, aunque a veces pequeñas, hacen sus nidos cavando en la madera ?;Carpinteros;Miel;Cosechadoras;Tejedores;Confirmé;Las obreras varían en tamaño y algunas de ellas se encuentran entre las especies más grandes de Europa.;https://es.wikipedia.org/wiki/Formicidae
16;es;¿Cómo se llaman a veces los trabajadores gigantes de una colonia de hormigas ?;Soldados;Trabajadores;Avispas;Capas;Confirmé;A los trabajadores más grandes a veces se les llama soldados, aunque su papel defensivo no es necesariamente dominante.;https://es.wikipedia.org/wiki/Formicidae
17;es;¿Qué hormigas con el abdomen hinchado se convierten en comida deliciosa en Australia ?;Miel;Tejedores;Carpinteros;Cosechadoras;Confirmé;Estas hormigas sirven como reservorio vivo para las otras hormigas de la colonia que vienen a darles melaza.;
18;es;¿Qué productos químicos se utilizan para facilitar la comunicación entre las hormigas ?;Feromonas;Neurotóxicos;Biocidas;Carbohidratos;Confirmé;Las feromonas actúan como mensajeras y desempeñan un papel importante en la atracción sexual.;
19;es;¿Qué hormigas se encargan de sacar los cadáveres del nido ?;Las limpiadoras;Los curanderos;Los trabajadores;Los guerreros;Confirmé;Los limpiadores suelen ser trabajadores al final de su vida o personas que permanecen en zonas dedicadas a la recogida de residuos.;https://es.wikipedia.org/wiki/Formicidae
20;es;¿Qué depredador también se llama oso hormiguero gigante o oso hormiguero grande ?;El oso hormiguero;El aullador;El coipo;Zafiro;Confirmé;El oso hormiguero es principalmente terrestre, a diferencia de otros osos hormigueros o perezosos, que son arbóreos o semiarbóreos.;https://es.wikipedia.org/wiki/Myrmecophaga tridactyla
21;es;¿Aproximadamente cuántas especies de hormigas se registraron en 2013 ?;12.600;10.500;8.400;6.700;Expert;Aunque las hormigas representan menos del uno por ciento de las especies de insectos, su masa total supera el peso de la humanidad.;https://es.wikipedia.org/wiki/Formicidae
22;es;¿Cómo se llaman las especies de hormigas que tienen una sola reina ?;Monoginos;Fitozoos;Zoofitos;Euriápsidas;Expert;Este término también se aplica a abejas, avispas, termitas y ratas topo desnudas.;https://es.wikipedia.org/wiki/Gina
23;es;¿Aproximadamente cuántas especies de hormigas se conocen en Europa ?;400;4.000;40.000;400.000;Expert;En la selva tropical de Malasia puede haber hasta 40 especies diferentes en un solo metro cuadrado.;https://es.wikipedia.org/wiki/Formicidae
24;es;¿La repetida picadura de qué hormiga puede ser fatal para los humanos ?;Bulldog;Viuda Negra;Tigre;Taipán;Expert;Aunque los ataques a humanos son bastante raros, las picaduras pueden ser fatales debido a un posible shock anafiláctico.;https://es.wikipedia.org/wiki/Formicidae
25;es;¿A qué profundidad se han encontrado hormigas en el sudeste asiático ?;22 kilómetros;18 kilómetros;14 kilómetros;10 kilómetros;Expert;Las hormigas se han adaptado a casi todos los ambientes terrestres y subterráneos pero no a los ambientes acuáticos ni a las zonas polares.;https://es.wikipedia.org/wiki/Formicidae
26;es;¿Cuál es el récord de longevidad de una reina entre las hormigas negras de jardín ?;28 años;25 años;22 años;19 años;Expert;Los machos tienen una vida muy corta y, al no saber alimentarse, mueren nada más reproducirse.;https://es.wikipedia.org/wiki/Formicidae
27;es;¿Qué porcentaje de las especies de hormigas del mundo viven sin reina ?;1%;11%;21%;31%;Expert;Estas hormigas viven en colonias muy pequeñas en las que se reproducen algunas obreras.;https://es.wikipedia.org/wiki/Formicidae
28;es;¿Qué término se usa comúnmente para los sonidos que hacen las hormigas ?;Estridulaciones;Percusión;Zumbido;Deformaciones;Expert;La estridulación permite emitir una amplia gama de señales sonoras (selección sexual, territorialidad, etc...).;https://es.wikipedia.org/wiki/Estridulación
29;es;¿Cuántos miles de millones de personas se estima que hay en la Tierra ?;10 millones;7 millones;4 millones;1 millón;Expert;Las hormigas representan del 1 al 2% del número de especies de insectos, pero constituyen casi el 20% de su biomasa.;https://es.wikipedia.org/wiki/Formicidae
30;es;¿Qué mamífero insectívoro cubierto de escamas es un depredador de hormigas ?;Pangolín;Nutria;Zafiro;Oso hormiguero;Expert;Los pangolines habitan en los bosques y sabanas de las regiones tropicales y ecuatoriales de África y el sudeste asiático.;
1;it;A quale specie di animali appartengono le formiche, nell'ordine degli Imenotteri ?;Insetti;Mammiferi;Pesce;Invertebrati;Débutant;Alcune specie di formiche formano supercolonie con diverse centinaia di milioni di individui e più di 50 colonie.;https://it.wikipedia.org/wiki/Formicidae
2;it;Quale habitat delle formiche viene solitamente progettato mediante la costruzione di una cupola ?;Formicaio;Nido;Gabbia;Nicchia;Débutant;Lo scopo del formicaio è proteggere la/e regina/e e garantire alla colonia sicurezza e riparo dalle intemperie.;
3;it;In quale film d'animazione Pixar Tilt Studios è una formica operaia ?;« 1001 gambe »;« Toy Story »;« Monsters Inc. »;« Ratatouille »;Débutant;Woody, l'eroe cowboy del film d'animazione « Toy Story », è apparso nel blooper dei titoli di coda.;
4;it;Quali insetti vengono talvolta chiamati formiche bianche all'interno delle colonie gerarchiche ?;Termiti;Scarafaggi;Scarafaggi;Scarafaggi;Débutant;Le termiti si trovano principalmente nei paesi caldi, dove alcune specie costruiscono grandi nidi con la terra masticata.;https://it.wikipedia.org/wiki/Isoptera
5;it;Oltre all'Antartide, quale regione del mondo non è colonizzata dalle formiche ?;Groenlandia;Sudafrica;Russia;Giappone;Débutant;Nel 2013 sono state registrate più di 12.000 specie, ma probabilmente ce ne sono altre migliaia ancora da scoprire.;https://it.wikipedia.org/wiki/Formicidae
6;it;All'interno di una colonia di formiche, chi depone le uova nel formicaio ?;La Regina;L'operaio;Il guerriero;Il tessitore;Débutant;Alcune specie di formiche possono tollerare più regine quando la colonia è grande.;https://it.wikipedia.org/wiki/Formicidae
7;it;Cosa usano le formiche per rilevare le tracce olfattive ?;Le loro antenne;Le loro zampe;Il loro addome;La loro coda;Débutant;Le formiche possono anche riconoscere a quale gruppo di lavoro (ad esempio foraggiamento) appartiene l'uno o l'altro.;https://it.wikipedia.org/wiki/Formicidae
8;it;Con quale altro insetto la formica condivide una famosa favola di Jean de La Fontaine ?;La cicala;La mosca;La coccinella;La libellula;Débutant;« La cicala e la formica » è la prima favola del libro I di Jean de La Fontaine situata nella prima raccolta di « Favole di La Fontaine ».;
9;it;Quale di questi metodi sembra radicale per tenere lontane le formiche da casa tua ?;Aceto;Zucchero;Miele;Riso;Débutant;Alcuni odori forti hanno un effetto repellente sulle formiche, come il succo di limone e l'aceto.;https://it.wikipedia.org/wiki/Formicidae
10;it;Quale film dello studio Dreamworks uscito nel 1998 racconta la vita delle formiche ?;« Antz »;« Chicken Run »;« Shrek »;« Madagascar »;Débutant;Solo un mese dopo l'uscita del film è stato offerto il film d'animazione « 1001 zampe » dello storico concorrente Pixar.;https://it.wikipedia.org/wiki/Z la formica
11;it;Quale scrittore francese nato a Tolosa ha pubblicato una famosa trilogia sulle formiche ?;Bernard Werber;Gaston Boca;Robert Merle;Alain Grousset;Confirmé;La sua opera, tradotta in una trentina di lingue, unisce spiritualità, fantascienza, giallo, biologia e mitologia.;https://it.wikipedia.org/wiki/Bernard_Werber
12;it;Quale termine viene utilizzato per descrivere una colonia di formiche composta da più regine ?;Supercolonia;Metapopolazione;Ecotipo;Epifauna;Confirmé;Le operaie si spostano liberamente di nido in nido, come se l'intera popolazione fosse un'unica colonia.;
13;it;Tra le formiche, come si chiamano le femmine prive di ali e sterili ?;Lavoratori;Guerrieri;Regine;Detergenti;Confirmé;Le principali differenze morfologiche tra le caste operaie sono indotte dalla dieta allo stadio larvale.;https://it.wikipedia.org/wiki/Formicidae
14;it;Che sesso avrà necessariamente una formica se il suo uovo ha la fortuna di essere fecondato ?;Femmina;Maschio;Maschio o femmina;Non lo sappiamo;Confirmé;Se l'uovo viene fecondato l'individuo è allora diploide e l'uovo genererà una femmina : in caso contrario l'individuo è aploide e forma un maschio.;https://it.wikipedia.org/wiki/Formicidae
15;it;Quali formiche, anche se a volte piccole, costruiscono i loro nidi scavando nel legno ?;Falegnami;Vaso di miele;Mietitrici;Tessitori;Confirmé;I lavoratori hanno dimensioni variabili e alcuni di loro sono tra le specie più grandi d'Europa.;https://it.wikipedia.org/wiki/Formicidae
16;it;Come vengono talvolta chiamati i lavoratori giganti di una colonia di formiche ?;Soldati;Lavoratori;Vespe;Strati;Confirmé;I lavoratori più grandi sono talvolta chiamati soldati, anche se il loro ruolo difensivo non è necessariamente dominante.;https://it.wikipedia.org/wiki/Formicidae
17;it;Quali formiche con l'addome gonfio diventano cibo delizioso in Australia ?;Vaso di miele;Tessitori;Falegnami;Mietitrici;Confirmé;Queste formiche fungono da riserva vivente per le altre formiche della colonia che vengono a dare loro la melata.;https://it.wikipedia.org/wiki/Formiche_mellifere
18;it;Quali sostanze chimiche vengono utilizzate per facilitare la comunicazione tra le formiche ?;Feromoni;Neurotossici;Biocidi;Carboidrati;Confirmé;I feromoni agiscono come messaggeri e svolgono un ruolo importante nell'attrazione sessuale.;
19;it;Quali formiche sono responsabili della rimozione dei cadaveri dal nido ?;Gli addetti alle pulizie;I guaritori;I lavoratori;I guerrieri;Confirmé;Gli addetti alle pulizie sono spesso lavoratori alla fine della loro vita o individui che rimangono in aree dedicate ai rifiuti.;https://it.wikipedia.org/wiki/Formicidae
20;it;Quale predatore è anche chiamato formichiere gigante o formichiere grande ?;Il formichiere;L'urlatore;La nutria;Zaffiro;Confirmé;Il formichiere è prevalentemente terrestre, a differenza degli altri formichieri o bradipi, che sono arboricoli o semi-arborei.;https://it.wikipedia.org/wiki/Myrmecophaga tridactyla
21;it;Quante specie di formiche sono state registrate approssimativamente nel 2013 ?;12.60;10.50;8.40;6.70;Expert;Sebbene le formiche costituiscano meno dell'1% delle specie di insetti, la loro massa totale supera il peso dell'umanità.;https://it.wikipedia.org/wiki/Formicidae
22;it;Come si chiamano le specie di formiche con una sola regina ?;Monogini;Fitozoi;Zoofiti;Euriapsidi;Expert;Questo termine è applicabile anche alle api, alle vespe, alle termiti e alle talpe senza pelo.;
23;it;Quante specie di formiche sono conosciute approssimativamente in Europa ?;400;4.000;40.000;400.000;Expert;Nella foresta pluviale della Malesia possono esserci fino a 40 specie diverse in un solo metro quadrato.;https://it.wikipedia.org/wiki/Formicidae
24;it;La puntura ripetuta di quale formica può essere fatale per l'uomo ?;Bulldog;Vedova Nera;Tigre;Taipan;Expert;Sebbene gli attacchi contro l'uomo siano piuttosto rari, le punture possono essere fatali a causa del possibile shock anafilattico.;https://it.wikipedia.org/wiki/Formicidae
25;it;A quale profondità sono state trovate le formiche nel sud-est asiatico ?;22km;18km;14km;10km;Expert;Le formiche si sono adattate a quasi tutti gli ambienti terrestri e sotterranei ma non agli ambienti acquatici e alle zone polari.;https://it.wikipedia.org/wiki/Formicidae
26;it;Qual è il record di longevità detenuto da una regina tra le formiche nere da giardino ?;28 anni;25 anni;22 anni;19 anni;Expert;I maschi hanno una vita brevissima e, non sapendo come nutrirsi, muoiono appena si sono riprodotti.;https://it.wikipedia.org/wiki/Formicidae
27;it;Quale percentuale delle specie di formiche del mondo vive senza regina ?;1%;11%;21%;31%;Expert;Queste formiche vivono in colonie molto piccole nelle quali si riproducono alcune operaie.;https://it.wikipedia.org/wiki/Formicidae
28;it;Quale termine è comunemente usato per indicare i suoni prodotti dalle formiche ?;Stridulazioni;Percussioni;Ronzio;Deformazioni;Expert;La stridulazione consente di emettere un'ampia gamma di segnali sonori (selezione sessuale, territorialità, ecc...).;https://it.wikipedia.org/wiki/Stridulazione
29;it;Quanti miliardi di persone si stima ci siano sulla Terra ?;10 milioni;7 milioni;4 milioni;1 milione;Expert;Le formiche rappresentano dall'1 al 2% del numero di specie di insetti, ma costituiscono quasi il 20% della loro biomassa.;https://it.wikipedia.org/wiki/Formicidae
30;it;Quale mammifero insettivoro ricoperto di scaglie è un predatore di formiche ?;Pangolino;Nutria;Zaffiro;Formichiere;Expert;I pangolini abitano le foreste e le savane delle regioni tropicali ed equatoriali dell'Africa e del sud-est asiatico.;
1;nl;Tot welke diersoort behoren mieren, in de orde Hymenoptera ?;Insecten;Zoogdieren;Vis;Ongewervelde dieren;Débutant;Sommige soorten mieren vormen superkolonies met enkele honderden miljoenen individuen en meer dan 50 kolonies.;https://nl.wikipedia.org/wiki/Mieren
2;nl;Welk mierenhabitat wordt meestal ontworpen door koepelconstructie ?;Mierenhoop;Nest;Kooi;Nis;Débutant;Het doel van de mierenhoop is om de koningin(nen) te beschermen en de kolonie veiligheid en beschutting tegen slecht weer te garanderen.;
3;nl;In welke animatiefilm van Pixar Tilt Studios is een mierenwerker;« 1001 poten »;« Toy Story »;« Monsters Inc. »;« Ratatouille »;Débutant;Woody, de cowboyheld van de animatiefilm « Toy Story », verscheen in de blooper van de aftiteling.;
4;nl;Welke insecten worden binnen hiërarchische kolonies soms witte mieren genoemd ?;Termieten;Kakkerlakken;Kakkerlakken;Kakkerlakken;Débutant;Termieten komen vooral voor in warme landen, waar bepaalde soorten grote nesten bouwen uit gekauwde aarde.;https://nl.wikipedia.org/wiki/Termieten
5;nl;Welk deel van de wereld, behalve Antarctica, wordt niet gekoloniseerd door mieren ?;Groenland;Zuid-Afrika;Rusland;Japan;Débutant;Sinds 2013 zijn er meer dan 12.000 soorten geregistreerd, maar waarschijnlijk moeten er nog duizenden worden ontdekt.;https://nl.wikipedia.org/wiki/Mieren
6;nl;Wie legt binnen een mierenkolonie de eieren in de mierenhoop ?;De Koningin;De arbeider;De krijger;De wever;Débutant;Bepaalde soorten mieren kunnen meerdere koninginnen verdragen als de kolonie groot is.;https://nl.wikipedia.org/wiki/Mieren
7;nl;Wat gebruiken mieren om geursporen te detecteren ?;Hun antennes;Hun poten;Hun buik;Hun staart;Débutant;Mieren kunnen ook detecteren tot welke werkgroep (bijvoorbeeld foerageren) de een of de ander behoort.;https://nl.wikipedia.org/wiki/Mieren
8;nl;Met welk ander insect deelt de mier een beroemde fabel van Jean de La Fontaine ?;De cicade;De vlieg;Het lieveheersbeestje;De libel;Débutant;« De cicade en de mier » is de eerste fabel van boek I van Jean de La Fontaine, gelegen in de eerste collectie van « Fables de La Fontaine ».;
9;nl;Welke van deze methoden lijkt radicaal om mieren bij je huis weg te houden ?;Azijn;Suiker;Honing;Rijst;Débutant;Sommige sterke geuren hebben een afstotende werking op mieren, zoals citroensap en azijn.;https://nl.wikipedia.org/wiki/Mieren
10;nl;Welke film uit de Dreamworks-studio uit 1998 vertelt het leven van mieren ?;« Antz »;« Chicken Run »;« Shrek »;« Madagascar »;Débutant;Slechts een maand na de release van de film werd de animatiefilm « 1001 Paws » van historische concurrent Pixar aangeboden.;https://nl.wikipedia.org/wiki/Antz
11;nl;Welke Franse schrijver, geboren in Toulouse, publiceerde een beroemde trilogie over mieren ?;Bernard Werber;Gaston Boca;Robert Merle;Alain Grousset;Confirmé;Zijn werk, vertaald in een dertigtal talen, brengt spiritualiteit, sciencefiction, misdaadfictie, biologie en mythologie samen.;https://nl.wikipedia.org/wiki/Bernard_Werber
12;nl;Welke term wordt gebruikt om een mierenkolonie te beschrijven die uit meerdere koninginnen bestaat ?;Superkolonie;Metapopulatie;Ecotype;Epifauna;Confirmé;De werksters bewegen zich vrijelijk van nest naar nest, alsof de hele populatie één kolonie is.;
13;nl;Hoe worden de vleugelloze en steriele vrouwtjes onder de mieren genoemd ?;Werknemers;Strijders;Koninginnen;Schoonmakers;Confirmé;De belangrijkste morfologische verschillen tussen arbeiderskasten worden veroorzaakt door het dieet in het larvale stadium.;https://nl.wikipedia.org/wiki/Mieren
14;nl;Welk geslacht zal een mier noodzakelijkerwijs hebben als zijn ei het geluk heeft bevrucht te worden ?;Vrouw;Man;Man of vrouw;Wij weten het niet;Confirmé;Als het ei bevrucht wordt, is het individu diploïde en zal het ei een vrouwtje voortbrengen; als dat niet het geval is, is het individu haploïde en vormt het een mannetje.;https://nl.wikipedia.org/wiki/Mieren
15;nl;Welke mieren, hoewel soms klein, maken hun nest door in hout te graven ?;Timmerlieden;Honingpot;Oogstmachines;Wevers;Confirmé;Werknemers variëren in grootte en sommige behoren tot de grootste soorten in Europa.;https://nl.wikipedia.org/wiki/Mieren
16;nl;Hoe worden de gigantische werkers in een mierenkolonie soms genoemd ?;Soldaten;Werknemers;Wespen;Lagen;Confirmé;De grotere arbeiders worden soms soldaten genoemd, hoewel hun defensieve rol niet noodzakelijkerwijs dominant is.;https://nl.wikipedia.org/wiki/Mieren
17;nl;Welke mieren met gezwollen buikjes worden heerlijk voedsel in Australië ?;Honingpot;Wevers;Timmerlieden;Oogstmachines;Confirmé;Deze mieren dienen als levend reservoir voor de andere mieren in de kolonie die hen honingdauw komen geven.;https://nl.wikipedia.org/wiki/Honingpotmieren
18;nl;Welke chemicaliën worden gebruikt om de communicatie tussen mieren te vergemakkelijken ?;Feromonen;Neurotoxische middelen;Biociden;Koolhydraten;Confirmé;Feromonen fungeren als boodschappers en spelen met name een rol bij seksuele aantrekkingskracht.;
19;nl;Welke mieren zijn verantwoordelijk voor het verwijderen van lijken uit het nest ?;De schoonmakers;De genezers;De arbeiders;De krijgers;Confirmé;Schoonmakers zijn vaak werknemers aan het einde van hun leven of individuen die in afvalgebieden verblijven.;https://nl.wikipedia.org/wiki/Mieren
20;nl;Welk roofdier wordt ook wel de reuzenmiereneter of grote miereneter genoemd ?;De miereneter;De brulaap;De beverrat;Saffier;Confirmé;De miereneter komt voornamelijk op het land voor, in tegenstelling tot andere miereneters of luiaards, die in bomen of semi-bomen leven.;https://nl.wikipedia.org/wiki/Reuzenmiereneter
21;nl;Hoeveel soorten mieren werden er in 2013 ongeveer geregistreerd ?;12.600;10.500;8.400;6.700;Expert;Hoewel mieren minder dan één procent van de insectensoorten uitmaken, overtreft hun totale massa het gewicht van de mensheid.;https://nl.wikipedia.org/wiki/Mieren
22;nl;Hoe worden soorten mieren met slechts één koningin genoemd ?;Monogynen;Fytozoa;Zoöfyten;Euryapsiden;Expert;Deze term is ook van toepassing op bijen, wespen, termieten en naakte molratten.;
23;nl;Hoeveel soorten mieren zijn er ongeveer bekend in Europa ?;400;4.000;40.000;400.000;Expert;In het regenwoud van Maleisië kunnen er op één vierkante meter wel veertig verschillende soorten voorkomen.;https://nl.wikipedia.org/wiki/Mieren
24;nl;Van welke mier kan de herhaalde steek dodelijk zijn voor de mens ?;Buldog;Zwarte weduwe;Tijger;Taipan;Expert;Hoewel aanvallen op mensen vrij zeldzaam zijn, kunnen steken dodelijk zijn vanwege een mogelijke anafylactische shock.;https://nl.wikipedia.org/wiki/Mieren
25;nl;Hoe diep zijn mieren gevonden in Zuidoost-Azië ?;22 km;18 km;14 km;10 km;Expert;Mieren hebben zich aangepast aan bijna alle terrestrische en ondergrondse omgevingen, maar niet aan aquatische omgevingen en poolgebieden.;https://nl.wikipedia.org/wiki/Mieren
26;nl;Wat is het levensduurrecord van een koningin onder de zwarte tuinmieren ?;28 jaar oud;25 jaar;22 jaar oud;19 jaar oud;Expert;De mannetjes hebben een zeer kort leven en omdat ze niet weten hoe ze zichzelf moeten voeden, sterven ze zodra ze zich hebben voortgeplant.;https://nl.wikipedia.org/wiki/Mieren
27;nl;Welk percentage van de mierensoorten ter wereld leeft zonder koningin ?;1%;11%;21%;31%;Expert;Deze mieren leven in zeer kleine kolonies waarin sommige werksters zich voortplanten.;https://nl.wikipedia.org/wiki/Mieren
28;nl;Welke term wordt vaak gebruikt voor de geluiden die mieren maken ?;Stridulaties;Percussie;Zoemend;Vervormingen;Expert;Stridulatie maakt het mogelijk een breed scala aan geluidssignalen uit te zenden (seksuele selectie, territorialiteit, enz...).;https://nl.wikipedia.org/wiki/Stridulatie
29;nl;Hoeveel miljard mensen zijn er naar schatting op aarde ?;10 miljoen;7 miljoen;4 miljoen;1 miljoen;Expert;Mieren vertegenwoordigen 1 tot 2% van het aantal insectensoorten, maar vormen bijna 20% van hun biomassa.;https://nl.wikipedia.org/wiki/Mieren
30;nl;Welk met schubben bedekte insectenetende zoogdier is een roofdier van mieren ?;Pangolin;Nutria;Saffier;Miereneter;Expert;Schubdieren bewonen de bossen en savannes van tropische en equatoriale gebieden van Afrika en Zuidoost-Azië.;
