1;fr;Quel pseudonyme masculin J. K. Rowling a-t-elle utilisé pour publier un livre ?;Robert Galbraith;Robert Holdstock;Robert J. Harris;Adam Roberts;Débutant;Joanne a toujours voulu s'appeler Ella Galbraith, le choix de Robert étant un hommage au président Robert F. Kennedy.;https://fr.wikipedia.org/wiki/J._K._Rowling
2;fr;Quel coureur cycliste kényan a remporté le Tour de France 2013 ?;Christopher Froome;Vincenzo Nibali;Bradley Wiggins;Cadel Evans;Débutant;Quelques jours avant le Tour de France 2018, il sera blanchi dans le cadre de l'enquête concernant un possible dopage.;https://fr.wikipedia.org/wiki/Christopher_Froome
3;fr;Quel avocat français a défendu le nazi Klaus Barbie et le dictateur Slobodan Milosevic ?;Jacques Vergès;Pierre Verdier;Jean Veil;Alexandre Varenne;Débutant;Après avoir été résistant, l'avocat Jacques Vergès est devenu célèbre en raison de ses convictions anticolonialistes.;https://fr.wikipedia.org/wiki/Jacques_Vergès
4;fr;Qui a été élu meilleur joueur du tournoi européen de basket-ball en 2013 ?;Tony Parker;Pau Gasol;Andreï Kirilenko;Christian Welp;Débutant;Tony Parker est également président et actionnaire majoritaire depuis 2014 du club français de l'ASVEL Lyon-Villeurbanne.;https://fr.wikipedia.org/wiki/Tony_Parker
5;fr;Qui a fait son grand retour sur scène avec « Robin revient... Tsoin Tsoin » ?;Muriel Robin;Josiane Balasko;Michèle Laroque;Chantal Lauby;Débutant;On la verra également à la télévision dans les téléfilms « Passage du désir », « Indiscrétions » et « Le Clan des Lanzac ».;https://fr.wikipedia.org/wiki/Muriel_Robin
6;fr;Quelle célèbre auteure a écrit une histoire sado-maso en trois tomes ?;E. L. James;Carole Mortimer;Betty Neels;Elizabeth Cadell;Débutant;Cette ancienne dirigeante de télévision BBC a vendu plus de 150 millions d'exemplaires de la saga « Fifty Shades of Grey ».;https://fr.wikipedia.org/wiki/E._L._James
7;fr;Quel rappeur blanc est capable de prononcer 101 mots en 16 secondes ?;Eminem;Brisco;Doseone;Ludacris;Débutant;En plus de sa carrière solo, il est aussi membre du groupe D12 et compose le duo Bad Meets Evil avec Royce da 5'9.;https://fr.wikipedia.org/wiki/Eminem
8;fr;Quel pilote allemand de F1 a obtenu quatre titres de champion du monde consécutifs ?;Sebastian Vettel;Hermann Lang;Klaus Graf;Manuel Reuter;Débutant;En 2008, à Monza, Sebastian Vettel devint le plus jeune vainqueur d'un Grand Prix (record battu en 2016 par Max Verstappen).;https://fr.wikipedia.org/wiki/Sebastian_Vettel
9;fr;Quel célèbre président noir est mort à 95 ans le 5 décembre 2013 ?;Nelson Mandela;Thabo Mbeki;Jacob Zuma;Cyril Ramaphosa;Débutant;Mandela est salué comme le père d'une Afrique du Sud multiraciale et pleinement démocratique, qualifiée de nation arc-en-ciel.;https://fr.wikipedia.org/wiki/Nelson_Mandela
10;fr;À quel jeune ténor français doit-on un album reprenant des titres de Luis Mariano ?;Vincent Niclo;Roberto Alagna;Pablo Villafranca;Ivan Rebroff;Débutant;Au printemps 2016, Vincent Niclo a sorti un quatrième album intitulé « 5.0 », entièrement composé et réalisé par Pascal Obispo.;https://fr.wikipedia.org/wiki/Vincent_Niclo
11;fr;Quel chanteur du groupe The Calling a été kidnappé en 2013 ?;Alex Band;Max Bemis;Adam Bomb;Wayne Brady;Confirmé;Après une apparition dans le film « Coyote Girls » avec leur titre « Wherever You Will Go », ce fut la révélation pour The Calling.;https://fr.wikipedia.org/wiki/Alex_Band
12;fr;Quelle bombe du clip « Blurred Lines » de Robin Thicke a explosé aux yeux du monde ?;Elle Evans;Lindsay Ellingson;Shannon Elizabeth;Angie Everhart;Confirmé;Après cette vidéo, visionnée plus de 410 millions de fois sur Youtube, Elle Evans a tourné dans deux clips vidéo de Beyoncé.;https://fr.wikipedia.org/wiki/Elle_Evans
13;fr;Qui fut le roi des nominations aux MTV Video Music Awards 2013 ?;Justin Timberlake;Bruno Mars;Drake;Robin Thicke;Confirmé;L'édition 2013 des MTV Video Music Awards a eu lieu le 25 août 2013 dans la salle omnisports Barclays Center à Brooklyn.;https://fr.wikipedia.org/wiki/MTV_Video_Music_Awards_2013
14;fr;Quel rappeur canadien est devenu en 2013 ambassadeur des NBA Toronto Raptors ?;Drake;Snow;Belly;Nav;Confirmé;En novembre 2016, Drake est devenu le troisième rappeur à atteindre le milliard de vues sur YouTube avec « Hotline Bling ».;https://fr.wikipedia.org/wiki/Drake_(rappeur)
15;fr;À quelle romancière doit-on la célèbre saga des « Bridget Jones » ?;Helen Fielding;Barbara Pym;Denise Robins;Dorothy Cannell;Confirmé;Les romans furent d'abord publiés dans les colonnes des journaux The Independent et The Daily Telegraph, en 1997 et 1998.;https://fr.wikipedia.org/wiki/Helen_Fielding
16;fr;Qui a quitté son poste de directeur artistique chez Louis Vuitton le 2 octobre 2013 ?;Marc Jacobs;Michael Burke;Bernard Arnault;François Demachy;Confirmé;En seize ans, Marc Jacobs a réussi à transformer la marque d'un maroquinier de luxe en une marque de mode de premier plan.;https://fr.wikipedia.org/wiki/Marc_Jacobs
17;fr;Qui était la partenaire de Titoff dans la quatrième saison de « Danse avec les stars » ?;Silvia Notargiacomo;Fauve Hautot;Denitsa Ikonomova;Candice Pascal;Confirmé;Elle fut aussi la partenaire de David Ginola, Francis Lalanne, Gérard Vives, Anthony Kavanagh, Djibril Cissé et de Julien Lepers.;https://fr.wikipedia.org/wiki/Danse_avec_les_stars
18;fr;Quel réalisateur de « La reine Margot » est décédé suite à un cancer du poumon ?;Patrice Chéreau;Alain Sachs;Gildas Bourdet;Jean-Louis Benoît;Confirmé;Les travaux de Patrice Chéreau combinent recherches plastiques, réflexions politiques et exploration des obsessions humaines.;https://fr.wikipedia.org/wiki/Patrice_Chéreau
19;fr;Quel chanteur a parcouru les pays européens avec sa tournée « Take The Crown Tour » ?;Robbie Williams;Ben Watt;Darren White;Patrick Wolf;Confirmé;Il donnera 26 concerts pendant tout l'été dans les grands stades d'Europe, accompagné d'Olly Murs en première partie de concert.;https://fr.wikipedia.org/wiki/Robbie_Williams
20;fr;Quel personnage était incarné par Yves Marchesseau dans « Fort Boyard » ?;La Boule;Mister-Boo;Passe-Temps;Père Fouras;Confirmé;Depuis son départ en 2014 pour raison de santé, c'est Félindra (Monique Angeon), la dompteuse, qui s'occupe de sonner le gong.;https://fr.wikipedia.org/wiki/Yves_Marchesseau
21;fr;Quel Français est devenu champion du monde de triple saut à Moscou en 2013 ?;Teddy Tamgho;Christian Taylor;Christian Olsson;Serge Hélan;Expert;Son saut à 18,04 mètres a fait de Teddy Tamgho le troisième athlète à dépasser la limite des dix-huit mètres au triple saut.;https://fr.wikipedia.org/wiki/Teddy_Tamgho
22;fr;Quelle ancienne ministre française fait une apparition dans un clip de Joyce Jonathan ?;Roselyne Bachelot;Élisabeth Guigou;Martine Aubry;Myriam El Khomri;Expert;D'abord apparue dans le remake du clip de « Ça ira », elle jouera ensuite dans l'épisode « Avis de tempête » de « Nos chers voisins ».;https://fr.wikipedia.org/wiki/Roselyne_Bachelot
23;fr;Quelle jeune chanteuse américaine est la petite protégée du rappeur Eminem ?;Skylar Grey;Marie Osmond;Lisa Germano;Bella Thorne;Expert;Skylar Grey a fait ses débuts professionnels dans un groupe de folk composé avec sa mère, appelé Generations.;https://fr.wikipedia.org/wiki/Skylar_Grey
24;fr;Quel alpiniste américain est le héros du film « 127 heures », de Danny Boyle ?;Aron Ralston;Terris Moore;Bruce Carson;Scott Fischer;Expert;Coincé au fin fond d'un canyon reculé, Aron Ralston s'est lui-même amputé l'avant-bras droit avec son canif dans le seul but de survivre.;https://fr.wikipedia.org/wiki/Aron_Ralston
25;fr;À quel basketteur américain les chaussures All Star de Converse font-elles honneur ?;Chuck Taylor;Isiah Thomas;John Thompson;Rod Thorn;Expert;Chuck Taylor a passé une grande partie de sa vie à promouvoir et à vendre des chaussures à travers les États-Unis.;https://fr.wikipedia.org/wiki/Chuck_Taylor
26;fr;Quel est le nom du sosie belge du chanteur et acteur canadien Justin Bieber ?;C. Hagelstein;F. Vincent;J. Richarts;C. Stéphane;Expert;Justin Bieber est le plus jeune artiste à placer son premier album en tête du Billboard 200 depuis Stevie Wonder en 1963.;https://fr.wikipedia.org/wiki/Justin_Bieber
27;fr;Qui incarne Félindra, la dresseuse de tigres de « Fort Boyard » sur France 2 ?;Monique Angeon;Rosa Bouglione;Mabel Stark;Barbara Woodhouse;Expert;Elle s'occupe des tigres pendant les deux mois de tournage de l'émission, puis les ramène chez le dresseur Thierry Le Portier.;https://fr.wikipedia.org/wiki/Monique_Angeon
28;fr;Qui a créé en 2001 le désormais célèbre calendrier des Dieux du Stade ?;Max Guazzini;Paul Goze;Albert Ginesty;Joseph Galy;Expert;Max Guazzini a produit un double CD des 46 principaux chants grégoriens et latins intitulé « Credo », sorti le 11 avril 2011.;https://fr.wikipedia.org/wiki/Max_Guazzini
29;fr;Qui est la voix américaine de Siri, le système de reconnaissance vocale des iPhone ?;Susan Benett;Vonda Shepard;Sofia Carson;Peggy March;Expert;Certains considèrent qu'avec Google Now et Cortana, Siri est l'un des indices d'une large pénétration de la vie numérique.;https://fr.wikipedia.org/wiki/Siri_(logiciel)
30;fr;Qui fut le premier écrivain hispanique à recevoir le prix Pulitzer de la fiction ?;Oscar Hijuelos;John Updike;Peter Taylor;Norman Mailer;Expert;Le romancier est décédé le 12 octobre 2013, terrassé par une crise cardiaque lors d'une partie de tennis à Manhattan.;https://fr.wikipedia.org/wiki/Oscar_Hijuelos
1;en;What male pseudonym did J. K. Rowling use to publish a book ?;Robert Galbraith;Robert Holdstock;Robert J. Harris;Adam Roberts;Débutant;Joanne always wanted to be called Ella Galbraith, Robert's choice being a tribute to President Robert F. Kennedy.;https://en.wikipedia.org/wiki/J._K._Rowling
2;en;Which Kenyan cyclist won the 2013 Tour de France ?;Christopher Froome;Vincenzo Nibali;Bradley Wiggins;Cadel Evans;Débutant;A few days before the Tour de France 2018, he will be cleared as part of the investigation into possible doping.;https://en.wikipedia.org/wiki/Chris_Froome
3;en;Which French lawyer defended Nazi Klaus Barbie and dictator Slobodan Milosevic ?;Jacques Vergès;Pierre Verdier;Jean Veil;Alexandre Varenne;Débutant;After being resistant, the lawyer Jacques Vergès became famous because of his anti-colonialist convictions.;
4;en;Who was voted best player of the European basketball tournament in 2013 ?;Tony Parker;Pau Gasol;Andrei Kirilenko;Christian Welp;Débutant;Tony Parker has also been president and majority shareholder of the French club ASVEL Lyon-Villeurbanne since 2014.;https://en.wikipedia.org/wiki/Tony_Parker
5;en;Who made his comeback on stage with « Robin returns ... Tsoin Tsoin » ?;Muriel Robin;Josiane Balasko;Michèle Laroque;Chantal Lauby;Débutant;She will also be seen on television in the TV films « Passage du desire », « Indiscretions » and « Le Clan des Lanzac ».;https://en.wikipedia.org/wiki/Muriel_Robin
6;en;Which famous author wrote a sadomasochistic story in three volumes ?;E. L. James;Carole Mortimer;Betty Neels;Elizabeth Cadell;Débutant;This former BBC television executive has sold over 150 million copies of the « Fifty Shades of Gray » saga.;https://en.wikipedia.org/wiki/E._L._James
7;en;What white rapper can say 101 words in 16 seconds ?;Eminem;Brisco;Doseone;Ludacris;Débutant;In addition to his solo career, he is also a member of the group D12 and composes the duo Bad Meets Evil with Royce da 5'9.;https://en.wikipedia.org/wiki/Eminem
8;en;Which German F1 driver has won four consecutive world championship titles ?;Sebastian Vettel;Hermann Lang;Klaus Graf;Manuel Reuter;Débutant;In 2008, at Monza, Sebastian Vettel became the youngest winner of a Grand Prix (record broken in 2016 by Max Verstappen).;https://en.wikipedia.org/wiki/Sebastian_Vettel
9;en;Which famous black president died at age 95 on December 5, 2013 ?;Nelson Mandela;Thabo Mbeki;Jacob Zuma;Cyril Ramaphosa;Débutant;Mandela is hailed as the father of a multiracial and fully democratic South Africa known as a rainbow nation.;https://en.wikipedia.org/wiki/Nelson_Mandela
10;en;To which young French tenor do we owe an album with songs by Luis Mariano ?;Vincent Niclo;Roberto Alagna;Pablo Villafranca;Ivan Rebroff;Débutant;In the spring of 2016, Vincent Niclo released a fourth album entitled « 5.0 », entirely composed and produced by Pascal Obispo.;https://en.wikipedia.org/wiki/Vincent_Niclo
11;en;Which singer from The Calling was kidnapped in 2013 ?;Alex Band;Max Bemis;Adam Bomb;Wayne Brady;Confirmé;After an appearance in the movie « Coyote Girls » with their title « Wherever You Will Go », it was the revelation for The Calling.;https://en.wikipedia.org/wiki/Alex_Band
12;en;Which bomb from Robin Thicke's « Blurred Lines » clip exploded in the eyes of the world ?;Elle Evans;Lindsay Ellingson;Shannon Elizabeth;Angie Everhart;Confirmé;After this video viewed over 410 million times on Youtube, Elle Evans appeared in two Beyoncé music videos.;
13;en;Who was the king of the 2013 MTV Video Music Awards nominations ?;Justin Timberlake;Bruno Mars;Drake;Robin Thicke;Confirmé;The 2013 MTV Video Music Awards took place on August 25, 2013 at Barclays Center in Brooklyn.;https://en.wikipedia.org/wiki/2013_MTV_Video_Music_Awards
14;en;Which Canadian rapper became NBA Toronto Raptors ambassador in 2013 ?;Drake;Snow;Belly;Nav;Confirmé;In November 2016, Drake became the third rapper to reach one billion views on YouTube with « Hotline Bling ».;https://en.wikipedia.org/wiki/Drake_(musician)
15;en;To which novelist do we owe the « Bridget Jones » saga ?;Helen Fielding;Barbara Pym;Denise Robins;Dorothy Cannell;Confirmé;The novels were first published in the columns of The Independent and The Daily Telegraph newspapers in 1997 and 1998.;https://en.wikipedia.org/wiki/Helen_Fielding
16;en;Who left his post as artistic director of Louis Vuitton on October 2, 2013 ?;Marc Jacobs;Michael Burke;Bernard Arnault;François Demachy;Confirmé;In sixteen years, Marc Jacobs has succeeded in transforming the brand from a luxury leather goods manufacturer to a leading fashion brand.;https://en.wikipedia.org/wiki/Marc_Jacobs
17;en;Who was Titoff's partner in the fourth season of « Dancing with the Stars » ?;Silvia Notargiacomo;Fauve Hautot;Denitsa Ikonomova;Candice Pascal;Confirmé;She was also the partner of David Ginola, Francis Lalanne, Gérard Vives, Anthony Kavanagh, Djibril Cissé and Julien Lepers.;https://en.wikipedia.org/wiki/Danse_avec_les_stars
18;en;Which « Queen Margot » director died of lung cancer ?;Patrice Chéreau;Alain Sachs;Gildas Bourdet;Jean-Louis Benoît;Confirmé;Patrice Chéreau's work combines plastic research, political reflections and the exploration of human obsessions.;
19;en;Which singer has traveled through European countries with his « Take The Crown Tour » tour ?;Robbie Williams;Ben Watt;Darren White;Patrick Wolf;Confirmé;He will give 26 concerts throughout the summer in major European stadiums, accompanied by Olly Murs in the first part of the concert.;https://en.wikipedia.org/wiki/Robbie_Williams
20;en;Which character was played by Yves Marchesseau in « Fort Boyard » ?;La Boule;Mister-Boo;Passe-Temps;Father Fouras;Confirmé;Since her departure in 2014 for health reasons, it is Félindra (Monique Angeon), the tamer, who takes care of ringing the gong.;
21;en;Which Frenchman became world triple jump champion in Moscow in 2013 ?;Teddy Tamgho;Christian Taylor;Christian Olsson;Serge Hélan;Expert;His jump to 18.04 meters made Teddy Tamgho the third athlete to exceed the eighteen-meter limit in the triple jump.;https://en.wikipedia.org/wiki/Teddy_Tamgho
22;en;Which former French minister makes an appearance in a Joyce Jonathan music video ?;Roselyne Bachelot;Élisabeth Guigou;Martine Aubry;Myriam El Khomri;Expert;First appeared in the remake of the clip for « It'll be okay », she will then play in the episode « Storm Warning » of « Our Dear Neighbors ».;https://en.wikipedia.org/wiki/Roselyne_Bachelot
23;en;Which young American singer is rapper Eminem's protege ?;Skylar Gray;Marie Osmond;Lisa Germano;Bella Thorne;Expert;Skylar Gray made his professional debut in a folk group composed with his mother called Generations.;https://en.wikipedia.org/wiki/Skylar_Grey
24;en;Which American climber is the hero of Danny Boyle's « 127 Hours » ?;Aron Ralston;Terris Moore;Bruce Carson;Scott Fischer;Expert;Stuck in the depths of a remote canyon, Aron Ralston himself amputated his right forearm with his knife in order to survive.;https://en.wikipedia.org/wiki/Aron_Ralston
25;en;Which American basketball player does the Converse All Star honor ?;Chuck Taylor;Isiah Thomas;John Thompson;Rod Thorn;Expert;Chuck Taylor has spent much of his life promoting and selling shoes across the United States.;https://en.wikipedia.org/wiki/Chuck_Taylor_(salesman)
26;en;What is the name of the Belgian double of Canadian singer and actor Justin Bieber ?;C. Hagelstein;F. Vincent;J. Richarts;C. Stéphane;Expert;Justin Bieber is the youngest artist to place his first album topped the Billboard 200 since Stevie Wonder in 1963.;https://en.wikipedia.org/wiki/Justin_Bieber
27;en;Who plays Félindra, the tiger trainer from « Fort Boyard » on France 2 ?;Monique Angeon;Rosa Bouglione;Mabel Stark;Barbara Woodhouse;Expert;She takes care of the tigers during the two months of filming the show, then brings them back to the trainer Thierry Le Portier.;
28;en;In 2001, who created the now famous Stadium Gods calendar ?;Max Guazzini;Paul Goze;Albert Ginesty;Joseph Galy;Expert;Max Guazzini has produced a double CD of the 46 main Gregorian and Latin chants entitled « Credo », released on April 11, 2011.;https://en.wikipedia.org/wiki/Max_Guazzini
29;en;Who is the American voice of Siri, the iPhone voice recognition system ?;Susan Benett;Vonda Shepard;Sofia Carson;Peggy March;Expert;Some consider that with Google Now and Cortana, Siri is one of the clues of a wide penetration of digital life.;https://en.wikipedia.org/wiki/Siri
30;en;Who was the first Hispanic writer to receive the Pulitzer Prize for Fiction ?;Oscar Hijuelos;John Updike;Peter Taylor;Norman Mailer;Expert;The novelist died on October 12, 2013, after a heart attack while playing tennis in Manhattan.;https://en.wikipedia.org/wiki/Oscar_Hijuelos
1;de;Mit welchem männlichen Pseudonym hat J. K. Rowling ein Buch veröffentlicht ?;Robert Galbraith;Robert Holdstock;Robert J. Harris;Adam Roberts;Débutant;Joanne wollte schon immer Ella Galbraith heißen, Roberts Wahl war eine Hommage an Präsident Robert F. Kennedy.;https://de.wikipedia.org/wiki/Joanne_K._Rowling
2;de;Welcher kenianische Radrennfahrer hat die Tour de France 2013 gewonnen ?;Christopher Froome;Vincenzo Nibali;Bradley Wiggins;Cadel Evans;Débutant;Wenige Tage vor der Tour de France 2018 wird er im Rahmen der Ermittlungen wegen möglichem Doping freigesprochen.;https://de.wikipedia.org/wiki/Chris_Froome
3;de;Welcher französische Anwalt hat Nazi Klaus Barbie und Diktator Slobodan Milosevic verteidigt ?;Jacques Vergès;Pierre Verdier;Jean Veil;Alexandre Varenne;Débutant;Nach Widerstand wurde der Anwalt Jacques Vergès wegen seiner antikolonialistischen Überzeugungen berühmt.;
4;de;Wer wurde 2013 zum besten Spieler des europäischen Basketballturniers gewählt ?;Tony Parker;Pau Gasol;Andrei Kirilenko;Christian Welp;Débutant;Außerdem ist Tony Parker seit 2014 Präsident und Mehrheitsaktionär des französischen Clubs ASVEL Lyon-Villeurbanne.;https://de.wikipedia.org/wiki/Tony_Parker
5;de;Wer feierte mit Robin kehrt zurück ... Tsoin Tsoin » sein Comeback auf der Bühne ?;Muriel Robin;Josiane Balasko;Michèle Laroque;Chantal Lauby;Débutant;Außerdem wird sie im Fernsehen in den Fernsehfilmen « Passage du Desire », « Indiscretions » und « Le Clan des Lanzac » zu sehen sein.;
6;de;Welcher berühmte Autor hat eine sadomasochistische Geschichte in drei Bänden geschrieben ?;E. L. James;Carole Mortimer;Betty Neels;Elizabeth Cadell;Débutant;Dieser ehemalige BBC-TV-Manager hat über 150 Millionen Exemplare der « Fifty Shades of Grey » Saga verkauft.;https://de.wikipedia.org/wiki/E._L._James
7;de;Welcher weiße Rapper kann in 16 Sekunden 101 Wörter sagen ?;Eminem;Brisco;Doseone;Ludacris;Débutant;Neben seiner Solokarriere ist er auch Mitglied der Gruppe D12 und komponiert mit Royce da 5'9 das Duo Bad Meets Evil.;https://de.wikipedia.org/wiki/Eminem
8;de;Welcher deutsche F1-Fahrer hat vier Weltmeistertitel in Folge gewonnen ?;Sebastian Vettel;Hermann Lang;Klaus Graf;Manuel Reuter;Débutant;2008 wurde Sebastian Vettel in Monza jüngster Sieger eines Grand Prix (2016 von Max Verstappen gebrochener Rekord).;https://de.wikipedia.org/wiki/Sebastian_Vettel
9;de;Welcher berühmte schwarze Präsident starb am 5. Dezember 2013 im Alter von 95 Jahren ?;Nelson Mandela;Thabo Mbeki;Jacob Zuma;Cyril Ramaphosa;Débutant;Mandela wird als Vater eines gemischtrassigen und vollständig demokratischen Südafrikas gefeiert, das als Regenbogennation bekannt ist.;https://de.wikipedia.org/wiki/Nelson_Mandela
10;de;Welchem jungen französischen Tenor verdanken wir ein Album mit Liedern von Luis Mariano ?;Vincent Nicol;Roberto Alagna;Pablo Villafranca;Ivan Rebroff;Débutant;Im Frühjahr 2016 veröffentlichte Vincent Niclo ein viertes Album mit dem Titel « 5.0 », das vollständig von Pascal Obispo komponiert und produziert wurde.;https://de.wikipedia.org/wiki/Vincent_Niclo
11;de;Welcher Sänger von The Calling wurde 2013 entführt ?;Alex Band;Max Bemis;Adam Bomb;Wayne Brady;Confirmé;Nach einem Auftritt im Film « Coyote Girls » mit ihrem Titel « Where You Will Go » war es die Offenbarung für The Calling.;https://de.wikipedia.org/wiki/Alex_Band
12;de;Welche Bombe aus Robin Thickes Clip « Blurred Lines » explodierte in den Augen der Welt ?;Elle Evans;Lindsay Ellingson;Shannon Elizabeth;Angie Everhart;Confirmé;Nachdem dieses Video auf Youtube über 410 Millionen Mal angesehen wurde, trat Elle Evans in zwei Beyoncé-Musikvideos auf.;
13;de;Wer war der König der Nominierungen für die MTV Video Music Awards 2013 ?;Justin Timberlake;Bruno Mars;Drake;Robin Thicke;Confirmé;Die MTV Video Music Awards 2013 fanden am 25. August 2013 im Barclays Center in Brooklyn statt.;https://de.wikipedia.org/wiki/MTV_Video_Music_Awards_2013
14;de;Welcher kanadische Rapper wurde 2013 NBA-Botschafter der Toronto Raptors ?;Drake;Snow;Belly;Nav;Confirmé;Im November 2016 erreichte Drake mit « Hotline Bling » als dritter Rapper eine Milliarde Aufrufe auf YouTube.;https://de.wikipedia.org/wiki/Drake_(Rapper)
15;de;Welchem Schriftsteller verdanken wir die « Bridget Jones »-Saga ?;Helen Fielding;Barbara Pym;Denise Robins;Dorothy Cannell;Confirmé;Die Romane wurden erstmals 1997 und 1998 in den Kolumnen der Zeitungen The Independent und The Daily Telegraph veröffentlicht.;https://de.wikipedia.org/wiki/Helen_Fielding
16;de;Wer hat am 2. Oktober 2013 seinen Posten als künstlerischer Leiter von Louis Vuitton verlassen ?;Marc Jacobs;Michael Burke;Bernard Arnault;François Demachy;Confirmé;In sechzehn Jahren ist es Marc Jacobs gelungen, die Marke von einem Luxuslederwarenhersteller zu einer führenden Modemarke zu entwickeln.;https://de.wikipedia.org/wiki/Marc_Jacobs
17;de;Wer war Titoffs Partner in der vierten Staffel von « Dancing with the Stars » ?;Silvia Notargiacomo;Fauve Hautot;Denitsa Ikonomova;Candice Pascal;Confirmé;Sie war auch Partnerin von David Ginola, Francis Lalanne, Gérard Vives, Anthony Kavanagh, Djibril Cissé und Julien Lepers.;
18;de;Welcher Regisseur von « Königin Margot » starb an Lungenkrebs ?;Patrice Chéreau;Alain Sachs;Gildas Bourdet;Jean-Louis Benoît;Confirmé;Die Arbeit von Patrice Chéreau verbindet plastische Forschung, politische Reflexion und die Erforschung menschlicher Obsessionen.;
19;de;Welcher Sänger ist mit seiner « Take The Crown Tour » Tour durch europäische Länder gereist ?;Robbie Williams;Ben Watt;Darren White;Patrick Wolf;Confirmé;Er wird den ganzen Sommer über 26 Konzerte in großen europäischen Stadien geben, begleitet von Olly Murs im ersten Teil des Konzerts.;https://de.wikipedia.org/wiki/Robbie_Williams
20;de;Welche Figur wurde von Yves Marchesseau in « Fort Boyard » gespielt ?;La Boule;Mister-Boo;Passe-Temps;Vater Fouras;Confirmé;Seit ihrem Ausscheiden im Jahr 2014 aus gesundheitlichen Gründen ist es Félindra (Monique Angeon), die Bändigerin, die sich um das Klingeln des Gongs kümmert.;
21;de;Welcher Franzose wurde 2013 in Moskau Weltmeister im Dreisprung ?;Teddy Tamgho;Christian Taylor;Christian Olsson;Serge Hélan;Expert;Mit seinem Sprung auf 18,04 Meter überschritt Teddy Tamgho als dritter Athlet die 18-Meter-Grenze im Dreisprung.;https://de.wikipedia.org/wiki/Teddy_Tamgho
22;de;Welcher ehemalige französische Minister tritt in einem Musikvideo von Joyce Jonathan auf ?;Roselyne Bachelot;Elisabeth Guigou;Martine Aubry;Myriam El Khomri;Expert;Zuerst erschien sie im Remake des Clips für « eEs wird schon », sie wird dann in der Folge « Sturmwarnung » von « Unsere lieben Nachbarn » mitspielen.;https://de.wikipedia.org/wiki/Roselyne_Bachelot
23;de;Welcher junge amerikanische Sänger ist der Schützling von Rapper Eminem ?;Skylar Grey;Marie Osmond;Lisa Germano;Bella Thorne;Expert;Skylar Gray gab sein professionelles Debüt in einer Folk-Gruppe namens Generations, die mit seiner Mutter komponiert wurde.;https://de.wikipedia.org/wiki/Skylar_Grey
24;de;Welcher amerikanische Kletterer ist der Held von Danny Boyles « 127 Stunden » ?;Aron Ralston;Terris Moore;Bruce Carson;Scott Fischer;Expert;In den Tiefen einer abgelegenen Schlucht gefangen, amputierte Aron Ralston selbst mit seinem Messer seinen rechten Unterarm, um zu überleben.;https://de.wikipedia.org/wiki/Aron_Ralston
25;de;Welchen amerikanischen Basketballspieler ehrt der Converse All Star ?;Chuck Taylor;Isiah Thomas;John Thompson;Stab Dorn;Expert;Chuck Taylor hat einen Großteil seines Lebens damit verbracht, Schuhe in den Vereinigten Staaten zu bewerben und zu verkaufen.;https://de.wikipedia.org/wiki/Chuck_Taylor
26;de;Wie heißt das belgische Double des kanadischen Sängers und Schauspielers Justin Bieber ?;C. Hagelstein;F. Vincent;J. Richarts;C. Stephane;Expert;Justin Bieber ist der jüngste Künstler, der sein erstes Album seit Stevie Wonder im Jahr 1963 an die Spitze der Billboard 200 platziert hat.;https://de.wikipedia.org/wiki/Justin_Bieber
27;de;Wer spielt Félindra, die Tigertrainerin aus « Fort Boyard » bei France 2 ?;Monique Angeon;Rosa Bouglione;Mabel Stark;Barbara Woodhouse;Expert;Sie kümmert sich während der zweimonatigen Dreharbeiten um die Tiger und bringt sie dann zum Trainer Thierry Le Portier zurück.;
28;de;Wer hat 2001 den heute berühmten Stadion Gods Kalender erstellt ?;Max Guazzini;Paul Goze;Albert Ginesty;Joseph Galy;Expert;Max Guazzini hat eine Doppel-CD mit den 46 wichtigsten gregorianischen und lateinischen Gesängen mit dem Titel « Credo » produziert, die am 11.;
29;de;Wer ist die amerikanische Stimme von Siri, dem iPhone-Spracherkennungssystem ?;Susan Benett;Vonda Shepard;Sofia Carson;Peggy March;Expert;Einige meinen, dass Siri mit Google Now und Cortana einer der Hinweise auf eine breite Durchdringung des digitalen Lebens ist.;https://de.wikipedia.org/wiki/Siri_(Software)
30;de;Wer war der erste spanische Schriftsteller, der den Pulitzer-Preis für Belletristik erhielt ?;Oscar Hijuelos;John Updike;Peter Taylor;Norman Mailer;Expert;Der Schriftsteller starb am 12. Oktober 2013 nach einem Herzinfarkt beim Tennisspielen in Manhattan.;https://de.wikipedia.org/wiki/Oscar_Hijuelos
1;es;¿Qué seudónimo masculino utilizó J. K. Rowling para publicar un libro ?;Robert Galbraith;Robert Holdstock;Robert J. Harris;Adam Roberts;Débutant;Joanne siempre quiso que la llamaran Ella Galbraith, siendo la elección de Robert un tributo al presidente Robert F. Kennedy.;https://es.wikipedia.org/wiki/J._K._Rowling
2;es;¿Qué ciclista keniano ganó el Tour de Francia 2013 ?;Christopher Froome;Vincenzo Nibali;Bradley Wiggins;Cadel Evans;Débutant;Unos días antes del Tour de Francia 2018, será absuelto como parte de la investigación sobre posible dopaje.;https://es.wikipedia.org/wiki/Chris_Froome
3;es;¿Qué abogado francés defendió al nazi Klaus Barbie y al dictador Slobodan Milosevic ?;Jacques Vergès;Pierre Verdier;Jean Veil;Alexandre Varenne;Débutant;Después de resistirse, el abogado Jacques Vergès se hizo famoso por sus convicciones anticolonialistas.;
4;es;¿Quién fue elegido mejor jugador del torneo europeo de baloncesto en 2013 ?;Tony Parker;Pau Gasol;Andrei Kirilenko;Christian Welp;Débutant;Tony Parker también ha sido presidente y accionista mayoritario del club francés ASVEL Lyon-Villeurbanne desde 2014.;https://es.wikipedia.org/wiki/Tony_Parker
5;es;¿Quién hizo su regreso al escenario con « Robin regresa ... Tsoin Tsoin » ?;Muriel Robin;Josiane Balasko;Michèle Laroque;Chantal Lauby;Débutant;También se la verá en televisión en las películas para televisión « Passage du desire », « Indiscretions » y « Le Clan des Lanzac ».;https://es.wikipedia.org/wiki/Muriel_Robin
6;es;¿Qué autor famoso escribió una historia sadomasoquista en tres volúmenes ?;E. L. James;Carole Mortimer;Betty Neels;Elizabeth Cadell;Débutant;Este ex ejecutivo de televisión de la BBC ha vendido más de 150 millones de copias de la saga « Cincuenta sombras de Grey ».;https://es.wikipedia.org/wiki/E._L._James
7;es;¿Qué rapero blanco puede decir 101 palabras en 16 segundos ?;Eminem;Brisco;Doseone;Ludacris;Débutant;Además de su carrera en solitario, también es miembro del grupo D12 y compone el dúo Bad Meets Evil con Royce da 5'9.;https://es.wikipedia.org/wiki/Eminem
8;es;¿Qué piloto alemán de F1 ha ganado cuatro títulos mundiales consecutivos ?;Sebastian Vettel;Hermann Lang;Klaus Graf;Manuel Reuter;Débutant;En 2008, en Monza, Sebastian Vettel se convirtió en el ganador más joven de un Gran Premio (récord batido en 2016 por Max Verstappen).;https://es.wikipedia.org/wiki/Sebastian_Vettel
9;es;¿Qué famoso presidente negro murió a los 95 años el 5 de diciembre de 2013 ?;Nelson Mandela;Thabo Mbeki;Jacob Zuma;Cyril Ramaphosa;Débutant;Mandela es aclamado como el padre de una Sudáfrica multirracial y completamente democrática conocida como una nación arcoíris.;https://es.wikipedia.org/wiki/Nelson_Mandela
10;es;¿A qué joven tenor francés le debemos un disco con canciones de Luis Mariano ?;Vincent Niclo;Roberto Alagna;Pablo Villafranca;Ivan Rebroff;Débutant;En la primavera de 2016, Vincent Niclo lanzó un cuarto álbum titulado « 5.0 », íntegramente compuesto y producido por Pascal Obispo.;https://es.wikipedia.org/wiki/Vincent_Niclo
11;es;¿Qué cantante de The Calling fue secuestrado en 2013 ?;Alex Band;Max Bemis;Adam Bomb;Wayne Brady;Confirmé;Después de una aparición en la película « Coyote Girls » con su título « Wherever You Will Go », fue la revelación de The Calling.;https://es.wikipedia.org/wiki/Alex_Band
12;es;¿Qué bomba del clip « Blurred Lines » de Robin Thicke explotó ante los ojos del mundo ?;Elle Evans;Lindsay Ellingson;Shannon Elizabeth;Angie Everhart;Confirmé;Después de que este video se viera más de 410 millones de veces en Youtube, Elle Evans apareció en dos videos musicales de Beyoncé.;
13;es;¿Quién fue el rey de las nominaciones a los MTV Video Music Awards 2013 ?;Justin Timberlake;Bruno Mars;Drake;Robin Thicke;Confirmé;Los MTV Video Music Awards 2013 se llevaron a cabo el 25 de agosto de 2013 en Barclays Center en Brooklyn.;https://es.wikipedia.org/wiki/Anexo:MTV_Video_Music_Awards_2013
14;es;¿Qué rapero canadiense se convirtió en embajador de la NBA Toronto Raptors en 2013 ?;Drake;Snow;Belly;Nav;Confirmé;En noviembre de 2016, Drake se convirtió en el tercer rapero en alcanzar mil millones de visitas en YouTube con « Hotline Bling ».;https://es.wikipedia.org/wiki/Drake_(músico)
15;es;¿A qué novelista le debemos la saga de « Bridget Jones » ?;Helen Fielding;Barbara Pym;Denise Robins;Dorothy Cannell;Confirmé;Las novelas se publicaron por primera vez en las columnas de los periódicos The Independent y The Daily Telegraph en 1997 y 1998.;https://es.wikipedia.org/wiki/Helen_Fielding
16;es;¿Quién dejó su puesto como director artístico de Louis Vuitton el 2 de octubre de 2013 ?;Marc Jacobs;Michael Burke;Bernard Arnault;François Demachy;Confirmé;En dieciséis años, Marc Jacobs ha logrado transformar la marca de un fabricante de artículos de cuero de lujo a una marca de moda líder.;https://es.wikipedia.org/wiki/Marc_Jacobs
17;es;¿Quién fue el compañero de Titoff en la cuarta temporada de « Dancing with the Stars » ?;Silvia Notargiacomo;Fauve Hautot;Denitsa Ikonomova;Candice Pascal;Confirmé;También fue pareja de David Ginola, Francis Lalanne, Gérard Vives, Anthony Kavanagh, Djibril Cissé y Julien Lepers.;
18;es;¿Qué director de « Queen Margot » murió de cáncer de pulmón ?;Patrice Chéreau;Alain Sachs;Gildas Bourdet;Jean-Louis Benoît;Confirmé;El trabajo de Patrice Chéreau combina la investigación plástica, las reflexiones políticas y la exploración de las obsesiones humanas.;
19;es;¿Qué cantante ha viajado por países europeos con su gira « Take The Crown Tour » ?;Robbie Williams;Ben Watt;Darren White;Patrick Wolf;Confirmé;Dará 26 conciertos a lo largo del verano en los principales estadios europeos, acompañado por Olly Murs en la primera parte del concierto.;https://es.wikipedia.org/wiki/Robbie_Williams
20;es;¿Qué personaje interpretó Yves Marchesseau en « Fort Boyard » ?;La Boule;Mister-Boo;Passe-Temps;Padre Fouras;Confirmé;Desde su marcha en 2014 por motivos de salud, es Félindra (Monique Angeon), la domadora, quien se encarga de tocar el gong.;
21;es;¿Qué francés se convirtió en campeón mundial de triple salto en Moscú en 2013 ?;Teddy Tamgho;Christian Taylor;Christian Olsson;Serge Hélan;Expert;Su salto a 18,04 metros convirtió a Teddy Tamgho en el tercer atleta en superar el límite de los dieciocho metros en el triple salto.;https://es.wikipedia.org/wiki/Teddy_Tamgho
22;es;¿Qué exministro francés aparece en un video musical de Joyce Jonathan ?;Roselyne Bachelot;Élisabeth Guigou;Martine Aubry;Myriam El Khomri;Expert;Apareció por primera vez en la nueva versión del clip de « Todo estará bien », luego jugará en el episodio « Advertencia de tormenta » de « Nuestros queridos vecinos ».;
23;es;¿Qué joven cantante estadounidense es el protegido del rapero Eminem ?;Skylar Grey;Marie Osmond;Lisa Germano;Bella Thorne;Expert;Skylar Gray hizo su debut profesional en un grupo de folk compuesto con su madre llamado Generations.;https://es.wikipedia.org/wiki/Skylar_Grey
24;es;¿Qué escalador estadounidense es el héroe de las « 127 horas » de Danny Boyle ?;Aron Ralston;Terris Moore;Bruce Carson;Scott Fischer;Expert;Atrapado en las profundidades de un cañón remoto, el propio Aron Ralston se amputó el antebrazo derecho con su cuchillo para sobrevivir.;https://es.wikipedia.org/wiki/Aron_Ralston
25;es;¿A qué jugador de baloncesto estadounidense honra el Converse All Star ?;Chuck Taylor;Isiah Thomas;John Thompson;Rod Thorn;Expert;Chuck Taylor ha pasado gran parte de su vida promocionando y vendiendo zapatos en los Estados Unidos.;
26;es;¿Cómo se llama el doble belga del cantante y actor canadiense Justin Bieber ?;C. Hagelstein;F. Vincent;J. Richarts;C. Stéphane;Expert;Justin Bieber es el artista más joven en colocar su primer álbum en la cima del Billboard 200 desde Stevie Wonder en 1963.;https://es.wikipedia.org/wiki/Justin_Bieber
27;es;¿Quién interpreta a Félindra, la entrenadora de tigres de « Fort Boyard » en France 2 ?;Monique Angeon;Rosa Bouglione;Mabel Stark;Barbara Woodhouse;Expert;Ella se ocupa de los tigres durante los dos meses de filmación del programa y luego se los lleva al entrenador Thierry Le Portier.;
28;es;¿Quién creó en 2001 el ahora famoso calendario de los Dioses del Estadio ?;Max Guazzini;Paul Goze;Albert Ginesty;Joseph Galy;Expert;Max Guazzini ha producido un doble CD de los 46 principales cantos gregorianos y latinos titulado « Credo », lanzado el 11 de abril de 2011.;https://es.wikipedia.org/wiki/Max_Guazzini
29;es;¿Quién es la voz estadounidense de Siri, el sistema de reconocimiento de voz del iPhone ?;Susan Benett;Vonda Shepard;Sofia Carson;Peggy March;Expert;Algunos consideran que con Google Now y Cortana, Siri es una de las pistas de una amplia penetración de la vida digital.;https://es.wikipedia.org/wiki/Siri
30;es;¿Quién fue el primer escritor hispano en recibir el premio Pulitzer de ficción ?;Oscar Hijuelos;John Updike;Peter Taylor;Norman Mailer;Expert;El novelista murió el 12 de octubre de 2013, tras un infarto mientras jugaba al tenis en Manhattan.;https://es.wikipedia.org/wiki/Oscar_Hijuelos
1;it;Quale pseudonimo maschile ha usato J.K. Rowling per pubblicare un libro ?;Robert Galbraith;Robert Holdstock;Robert J. Harris;Adam Roberts;Débutant;Joanne ha sempre voluto essere chiamata Ella Galbraith, la scelta di Robert è stata un tributo al presidente Robert F. Kennedy.;https://it.wikipedia.org/wiki/J._K._Rowling
2;it;Quale ciclista keniota ha vinto il Tour de France 2013 ?;Christopher Froome;Vincenzo Nibali;Bradley Wiggins;Cadel Evans;Débutant;Pochi giorni prima del Tour de France 2018, verrà scagionato nell'ambito delle indagini su possibile doping.;https://it.wikipedia.org/wiki/Chris_Froome
3;it;Quale avvocato francese ha difeso il nazista Klaus Barbie e il dittatore Slobodan Milosevic ?;Jacques Vergès;Pierre Verdier;Jean Veil;Alexandre Varenne;Débutant;Dopo aver opposto resistenza, l'avvocato Jacques Vergès divenne famoso per le sue convinzioni anticolonialiste.;
4;it;Chi è stato votato miglior giocatore del torneo europeo di basket nel 2013 ?;Tony Parker;Pau Gasol;Andrei Kirilenko;Christian Welp;Débutant;Tony Parker è anche presidente e azionista di maggioranza del club francese ASVEL Lyon-Villeurbanne dal 2014.;https://it.wikipedia.org/wiki/Tony_Parker
5;it;Chi ha fatto il suo ritorno sul palco con « Robin ritorna ... Tsoin Tsoin » ?;Muriel Robin;Josiane Balasko;Michèle Laroque;Chantal Lauby;Débutant;Apparirà anche in televisione nei film TV « Passage du desire », « Indiscretions » e « Le Clan des Lanzac ».;
6;it;Quale famoso autore ha scritto una storia sadomaso in tre volumi ?;E. L. James;Carole Mortimer;Betty Neels;Elizabeth Cadell;Débutant;Questo ex dirigente televisivo della BBC ha venduto oltre 150 milioni di copie della saga « Cinquanta sfumature di grigio ».;https://it.wikipedia.org/wiki/E._L._James
7;it;Quale rapper bianco può dire 101 parole in 16 secondi ?;Eminem;Brisco;Doseone;Ludacris;Débutant;Oltre alla sua carriera solista, è anche membro del gruppo D12 e compone il duo Bad Meets Evil con Royce da 5'9.;https://it.wikipedia.org/wiki/Eminem
8;it;Quale pilota tedesco di F1 ha vinto quattro titoli mondiali consecutivi ?;Sebastian Vettel;Hermann Lang;Klaus Graf;Manuel Reuter;Débutant;Nel 2008, a Monza, Sebastian Vettel diventa il più giovane vincitore di un Gran Premio (record battuto nel 2016 da Max Verstappen).;https://it.wikipedia.org/wiki/Sebastian_Vettel
9;it;Quale famoso presidente nero è morto all'età di 95 anni il 5 dicembre 2013 ?;Nelson Mandela;Thabo Mbeki;Jacob Zuma;Cyril Ramaphosa;Débutant;Mandela è salutato come il padre di un Sudafrica multirazziale e completamente democratico noto come una nazione arcobaleno.;https://it.wikipedia.org/wiki/Nelson_Mandela
10;it;A quale giovane tenore francese dobbiamo un album con canzoni di Luis Mariano ?;Vincent Niclo;Roberto Alagna;Pablo Villafranca;Ivan Rebroff;Débutant;Nella primavera del 2016, Vincent Niclo ha pubblicato un quarto album intitolato « 5.0 », interamente composto e prodotto da Pascal Obispo.;
11;it;Quale cantante di The Calling è stato rapito nel 2013 ?;Alex Band;Max Bemis;Adam Bomb;Wayne Brady;Confirmé;Dopo un'apparizione nel film « Coyote Girls » con il titolo « Ovunque andrai », è stata la rivelazione per The Calling.;https://it.wikipedia.org/wiki/Alex_Band
12;it;Quale bomba del clip « Blurred Lines » di Robin Thicke è esplosa agli occhi del mondo ?;Elle Evans;Lindsay Ellingson;Shannon Elizabeth;Angie Everhart;Confirmé;Dopo che questo video è stato visto oltre 410 milioni di volte su Youtube, Elle Evans è apparsa in due video musicali di Beyoncé.;
13;it;Chi è stato il re delle nomination agli MTV Video Music Awards 2013 ?;Justin Timberlake;Bruno Mars;Drake;Robin Thicke;Confirmé;Gli MTV Video Music Awards 2013 si sono svolti il 25 agosto 2013 al Barclays Center di Brooklyn.;https://it.wikipedia.org/wiki/MTV_Video_Music_Awards_2013
14;it;Quale rapper canadese è diventato ambasciatore NBA Toronto Raptors nel 2013 ?;Drake;Snow;Belly;Nav;Confirmé;Nel novembre 2016, Drake è diventato il terzo rapper a raggiungere un miliardo di visualizzazioni su YouTube con « Hotline Bling ».;https://it.wikipedia.org/wiki/Drake_(rapper)
15;it;A quale romanziere dobbiamo la saga di « Bridget Jones » ?;Helen Fielding;Barbara Pym;Denise Robins;Dorothy Cannell;Confirmé;I romanzi sono stati pubblicati per la prima volta nelle colonne dei giornali The Independent e The Daily Telegraph nel 1997 e nel 1998.;https://it.wikipedia.org/wiki/Helen_Fielding
16;it;Chi ha lasciato il suo incarico di direttore artistico di Louis Vuitton il 2 ottobre 2013 ?;Marc Jacobs;Michael Burke;Bernard Arnault;François Demachy;Confirmé;In sedici anni, Marc Jacobs è riuscito a trasformare il marchio da produttore di pelletteria di lusso a marchio di moda leader.;https://it.wikipedia.org/wiki/Marc_Jacobs
17;it;Chi era il partner di Titoff nella quarta stagione di « Ballando con le stelle » ?;Silvia Notargiacomo;Fauve Hautot;Denitsa Ikonomova;Candice Pascal;Confirmé;È stata anche partner di David Ginola, Francis Lalanne, Gérard Vives, Anthony Kavanagh, Djibril Cissé e Julien Lepers.;
18;it;Quale regista della « Queen Margot » è morta di cancro ai polmoni ?;Patrice Chéreau;Alain Sachs;Gildas Bourdet;Jean-Louis Benoît;Confirmé;Il lavoro di Patrice Chéreau unisce ricerca plastica, riflessioni politiche ed esplorazione delle ossessioni umane.;
19;it;Quale cantante ha viaggiato attraverso i paesi europei con il suo tour « Take The Crown Tour » ?;Robbie Williams;Ben Watt;Darren White;Patrick Wolf;Confirmé;Darà 26 concerti per tutta l'estate nei maggiori stadi europei, accompagnato da Olly Murs nella prima parte del concerto.;https://it.wikipedia.org/wiki/Robbie_Williams
20;it;Quale personaggio è stato interpretato da Yves Marchesseau in « Fort Boyard » ?;La Boule;Mister-Boo;Passe-Temps;Padre Fouras;Confirmé;Dalla sua partenza nel 2014 per motivi di salute, è Félindra (Monique Angeon), la domatrice, che si occupa di suonare il gong.;
21;it;Quale francese è diventato campione del mondo di salto triplo a Mosca nel 2013 ?;Teddy Tamgho;Christian Taylor;Christian Olsson;Serge Hélan;Expert;Il suo salto a 18,04 metri ha reso Teddy Tamgho il terzo atleta a superare il limite dei diciotto metri nel salto triplo.;https://it.wikipedia.org/wiki/Teddy_Tamgho
22;it;Quale ex ministro francese fa la sua apparizione in un video musicale di Joyce Jonathan ?;Roselyne Bachelot;Elisabeth Guigou;Martine Aubry;Myriam El Khomri;Expert;Apparsa per la prima volta nel remake della clip di « Andrà tutto bene », interpreterà poi nell'episodio « Storm Warning » di « Our Dear Neighbours ».;https://it.wikipedia.org/wiki/Roselyne_Bachelot
23;it;Quale giovane cantante americana è il protetto del rapper Eminem ?;Skylar Grey;Marie Osmond;Lisa Germano;Bella Thorne;Expert;Skylar Gray ha fatto il suo debutto professionale in un gruppo folk composto con sua madre chiamato Generations.;https://it.wikipedia.org/wiki/Skylar_Grey
24;it;Quale scalatore americano è l'eroe di « 127 Hours » di Danny Boyle ?;Aron Ralston;Terris Moore;Bruce Carson;Scott Fischer;Expert;Bloccato nelle profondità di un canyon remoto, lo stesso Aron Ralston ha amputato il suo avambraccio destro con il suo coltello per sopravvivere.;https://it.wikipedia.org/wiki/Aron_Ralston
25;it;Quale giocatore di basket americano onora le Converse All Star ?;Chuck Taylor;Isiah Thomas;John Thompson;Rod Thorn;Expert;Chuck Taylor ha trascorso gran parte della sua vita a promuovere e vendere scarpe negli Stati Uniti.;https://it.wikipedia.org/wiki/Chuck_Taylor
26;it;Come si chiama il doppio belga del cantante e attore canadese Justin Bieber ?;C. Hagelstein;F. Vincent;J. Richarts;C. Stéphane;Expert;Justin Bieber è l'artista più giovane a piazzare il suo primo album in cima alla Billboard 200 da Stevie Wonder nel 1963.;https://it.wikipedia.org/wiki/Justin_Bieber
27;it;Chi interpreta Félindra, l'addestratrice di tigri di « Fort Boyard » in France 2 ?;Monique Angeon;Rosa Bouglione;Mabel Stark;Barbara Woodhouse;Expert;Si prende cura delle tigri durante i due mesi di riprese dello spettacolo, poi le riporta all'allenatore Thierry Le Portier.;
28;it;Nel 2001, chi ha creato l'ormai famoso Calendario degli Dei dello Stadio ?;Max Guazzini;Paul Goze;Albert Ginesty;Joseph Galy;Expert;Max Guazzini ha prodotto un doppio CD dei 46 principali canti gregoriani e latini dal titolo « Credo », uscito l'11 aprile 2011.;https://it.wikipedia.org/wiki/Max_Guazzini
29;it;Chi è la voce americana di Siri, il sistema di riconoscimento vocale per iPhone ?;Susan Benett;Vonda Shepard;Sofia Carson;Peggy March;Expert;Alcuni considerano che con Google Now e Cortana, Siri sia uno degli indizi di un'ampia penetrazione della vita digitale.;https://it.wikipedia.org/wiki/Siri
30;it;Chi è stato il primo scrittore ispanico a ricevere il Premio Pulitzer per la narrativa ?;Oscar Hijuelos;John Updike;Peter Taylor;Norman Mailer;Expert;Il romanziere è morto il 12 ottobre 2013, dopo un attacco di cuore mentre giocava a tennis a Manhattan.;https://it.wikipedia.org/wiki/Oscar_Hijuelos
1;nl;Welk mannelijk pseudoniem gebruikte J.K. Rowling om een boek uit te geven ?;Robert Galbraith;Robert Holdstock;Robert J. Harris;Adam Roberts;Débutant;Joanne wilde altijd Ella Galbraith heten, Robert's keuze was een eerbetoon aan president Robert F. Kennedy.;https://nl.wikipedia.org/wiki/J.K._Rowling
2;nl;Welke Keniaanse wielrenner won de Tour de France 2013 ?;Christopher Froome;Vincenzo Nibali;Bradley Wiggins;Cadel Evans;Débutant;Enkele dagen voor de Tour de France 2018 wordt hij vrijgesproken in het kader van het onderzoek naar mogelijke doping.;https://nl.wikipedia.org/wiki/Chris_Froome
3;nl;Welke Franse advocaat verdedigde nazi Klaus Barbie en dictator Slobodan Milosevic ?;Jacques Verges;Pierre Verdier;Jean Veil;Alexandre Varenne;Débutant;Na weerstand te hebben geboden, werd de advocaat Jacques Vergès beroemd vanwege zijn antikolonialistische overtuigingen.;
4;nl;Wie werd in 2013 verkozen tot beste speler van het Europese basketbaltoernooi ?;Tony Parker;Pau Gasol;Andrei Kirilenko;Christian Welp;Débutant;Tony Parker is sinds 2014 ook voorzitter en meerderheidsaandeelhouder van de Franse club ASVEL Lyon-Villeurbanne.;https://nl.wikipedia.org/wiki/Tony_Parker
5;nl;Wie maakte zijn comeback op het podium met « Robin keert terug ... Tsoin Tsoin » ?;Muriel Robin;Josiane Balasko;Michèle Laroque;Chantal Lauby;Débutant;Ze zal ook op televisie te zien zijn in de tv-films « Passage du desire », « Indiscretions » en « Le Clan des Lanzac ».;https://nl.wikipedia.org/wiki/Muriel_Robin
6;nl;Welke beroemde auteur schreef een sadomasochistisch verhaal in drie delen ?;E. L. James;Carole Mortimer;Betty Neels;Elizabeth Cadell;Débutant;Deze voormalige BBC-televisiedirecteur heeft meer dan 150 miljoen exemplaren van de « Fifty Shades of Grey » saga verkocht.;https://nl.wikipedia.org/wiki/E.L._James
7;nl;Welke blanke rapper kan in 16 seconden 101 woorden zeggen ?;Eminem;Brisco;Doseone;Ludacris;Débutant;Naast zijn solocarrière is hij ook lid van de groep D12 en componeert hij het duo Bad Meets Evil met Royce da 5'9.;https://nl.wikipedia.org/wiki/Eminem
8;nl;Welke Duitse F1-coureur heeft vier opeenvolgende wereldkampioenschappen gewonnen ?;Sebastian Vettel;Hermann Lang;Klaus Graf;Manuel Reuter;Débutant;In 2008 werd Sebastian Vettel op Monza de jongste winnaar van een Grand Prix (record in 2016 verbroken door Max Verstappen).;https://nl.wikipedia.org/wiki/Sebastian_Vettel
9;nl;Welke beroemde zwarte president stierf op 5 december 2013 op 95-jarige leeftijd ?;Nelson Mandela;Thabo Mbeki;Jacob Zuma;Cyril Ramaphosa;Débutant;Mandela wordt geprezen als de vader van een multiraciaal en volledig democratisch Zuid-Afrika dat bekend staat als een regenboognatie.;https://nl.wikipedia.org/wiki/Nelson_Mandela
10;nl;Aan welke jonge Franse tenor hebben we een album te danken met liedjes van Luis Mariano ?;Vincent Niclo;Roberto Alagna;Pablo Villafranca;Ivan Rebroff;Débutant;In het voorjaar van 2016 bracht Vincent Niclo een vierde album uit, getiteld « 5.0 », volledig gecomponeerd en geproduceerd door Pascal Obispo.;
11;nl;Welke zanger van The Calling werd in 2013 ontvoerd ?;Alex Band;Max Bemis;Adam Bom;Wayne Brady;Confirmé;Na een optreden in de film « Coyote Girls » met hun titel « Wherever You Will Go », was het de openbaring voor The Calling.;https://nl.wikipedia.org/wiki/Alex_Band
12;nl;Welke bom uit Robin Thicke's clip « Blurred Lines » ontplofte in de ogen van de wereld ?;Elle Evans;Lindsay Ellingson;Shannon Elizabeth;Angie Everhart;Confirmé;Nadat deze video meer dan 410 miljoen keer op YouTube was bekeken, verscheen Elle Evans in twee Beyoncé-muziekvideo's.;
13;nl;Wie was de koning van de nominaties voor de MTV Video Music Awards 2013 ?;Justin Timberlake;Bruno Mars;Drake;Robin Thicke;Confirmé;De MTV Video Music Awards 2013 vonden plaats op 25 augustus 2013 in het Barclays Center in Brooklyn.;
14;nl;Welke Canadese rapper werd in 2013 NBA Toronto Raptors-ambassadeur ?;Drake;Snow;Belly;Nav;Confirmé;In november 2016 werd Drake de derde rapper die een miljard views op YouTube bereikte met « Hotline Bling ».;https://nl.wikipedia.org/wiki/Drake_(rapper)
15;nl;Aan welke romanschrijver hebben we de « Bridget Jones » sage te danken ?;Helen Fielding;Barbara Pym;Denise Robins;Dorothy Cannell;Confirmé;De romans werden voor het eerst gepubliceerd in de kolommen van The Independent en The Daily Telegraph kranten in 1997 en 1998.;https://nl.wikipedia.org/wiki/Helen_Fielding
16;nl;Wie verliet zijn functie als artistiek directeur van Louis Vuitton op 2 oktober 2013 ?;Marc Jacobs;Michael Burke;Bernard Arnault;François Demachy;Confirmé;In zestien jaar tijd is Marc Jacobs erin geslaagd het merk te transformeren van een luxe lederwarenfabrikant tot een toonaangevend modemerk.;https://nl.wikipedia.org/wiki/Marc_Jacobs_(modeontwerper)
17;nl;Wie was Titoffs partner in het vierde seizoen van « Dancing with the Stars » ?;Silvia Notargiacomo;Fauve Hautot;Denitsa Ikonomova;Candice Pascal;Confirmé;Ze was ook de partner van David Ginola, Francis Lalanne, Gérard Vives, Anthony Kavanagh, Djibril Cissé en Julien Lepers.;
18;nl;Welke regisseur van « Koningin Margot » stierf aan longkanker ?;Patrice Chéreau;Alain Sachs;Gildas Bourdet;Jean-Louis Benoît;Confirmé;Het werk van Patrice Chéreau combineert plastisch onderzoek, politieke reflecties en de verkenning van menselijke obsessies.;
19;nl;Welke zanger heeft met zijn « Take The Crown Tour » tour door Europese landen gereisd ?;Robbie Williams;Ben Watt;Darren White;Patrick Wolf;Confirmé;Hij zal de hele zomer 26 concerten geven in grote Europese stadions, begeleid door Olly Murs in het eerste deel van het concert.;https://nl.wikipedia.org/wiki/Robbie_Williams
20;nl;Welk personage werd gespeeld door Yves Marchesseau in « Fort Boyard » ?;La Boule;Mister-Boo;Passe-Temps;Vader Fouras;Confirmé;Sinds haar vertrek in 2014 om gezondheidsredenen is het Félindra (Monique Angeon), de temmer, die zorgt voor het luiden van de gong.;
21;nl;Welke Fransman werd in 2013 wereldkampioen hinkstapspringen in Moskou ?;Teddy Tamgho;Christian Taylor;Christian Olsson;Serge Hélan;Expert;Zijn sprong naar 18,04 meter maakte Teddy Tamgho de derde atleet die de achttien meter limiet overschreed in het hinkstapspringen.;https://nl.wikipedia.org/wiki/Teddy_Tamgho
22;nl;Welke voormalige Franse minister verschijnt in een muziekvideo van Joyce Jonathan ?;Roselyne Bachelot;Elisabeth Guigou;Martine Aubry;Myriam El Khomri;Expert;Verscheen voor het eerst in de remake van de clip voor « It'll be okay », ze zal daarna spelen in de aflevering « Storm Warning » van « Our Dear Neighbours ».;
23;nl;Welke jonge Amerikaanse zangeres is de beschermeling van rapper Eminem ?;Skylar Grey;Marie Osmond;Lisa Germano;Bella Thorne;Expert;Skylar Gray maakte zijn professionele debuut in een folkgroep gecomponeerd met zijn moeder genaamd Generations.;https://nl.wikipedia.org/wiki/Skylar_Grey
24;nl;Welke Amerikaanse klimmer is de held van Danny Boyle's « 127 Hours » ?;Aron Ralston;Terris Moore;Bruce Carson;Scott Fischer;Expert;Aron Ralston zat vast in de diepten van een afgelegen ravijn en amputeerde zelf zijn rechteronderarm met zijn mes om te overleven.;https://nl.wikipedia.org/wiki/Aron_Ralston
25;nl;Welke Amerikaanse basketballer eert de Converse All Star ?;Chuck Taylor;Isia Thomas;John Thompson;Rod Thorn;Expert;Chuck Taylor heeft een groot deel van zijn leven besteed aan het promoten en verkopen van schoenen in de Verenigde Staten.;
26;nl;Hoe heet de Belgische dubbelganger van de Canadese zanger en acteur Justin Bieber ?;C. Hagelstein;F. Vincent;J. Richarts;C. Stéphane;Expert;Justin Bieber is de jongste artiest die zijn eerste album bovenaan de Billboard 200 plaatst sinds Stevie Wonder in 1963.;https://nl.wikipedia.org/wiki/Justin_Bieber
27;nl;Wie speelt Félindra, de tijgertrainer uit « Fort Boyard » op France 2 ?;Monique Angeon;Rosa Bouglione;Mabel Stark;Barbara Woodhouse;Expert;Ze zorgt voor de tijgers tijdens de twee maanden van het filmen van de show en brengt ze vervolgens terug naar de trainer Thierry Le Portier.;
28;nl;Wie creëerde in 2001 de nu beroemde kalender van de Goden van het Stadion ?;Max Guazzini;Paul Goze;Albert Ginesty;Joseph Galy;Expert;Max Guazzini heeft een dubbel-cd geproduceerd met de 46 belangrijkste Gregoriaanse en Latijnse gezangen, getiteld « Credo », uitgebracht op 11 april 2011.;
29;nl;Wie is de Amerikaanse stem van Siri, het iPhone-spraakherkenningssysteem ?;Susan Benett;Vonda Shepard;Sofia Carson;Peggy March;Expert;Sommigen zijn van mening dat Siri met Google Now en Cortana een van de aanwijzingen is voor een brede penetratie van het digitale leven.;https://nl.wikipedia.org/wiki/Siri_(Apple)
30;nl;Wie was de eerste Spaanse schrijver die de Pulitzerprijs voor fictie ontving ?;Oscar Hijuelos;John Updike;Peter Taylor;Norman Mailer;Expert;De romanschrijver stierf op 12 oktober 2013 na een hartaanval tijdens het tennissen in Manhattan.;
