1;fr;Quel noeud marin en forme de boule est toujours en usage aujourd'hui ?;Poing de singe;Noeud de palan;Noeud de chaise;Noeud de sang;Débutant;Enroulement continu du même cordage, le poing de singe est souvent réalisé autour d'une bille qui va lui donner sa forme.;https://fr.wikipedia.org/wiki/Poing_de_singe
2;fr;Quel noeud permet de lester l'extrémité d'un cordage ?;Noeud de lestage;Noeud de voleur;Noeud de Joséphine;Noeud de fouet;Débutant;Facile a réaliser, un noeud de lestage peut facilement remplacer le poing de singe dans la réalisation d'une pomme de touline.;https://fr.wikipedia.org/wiki/Noeud_de_lestage
3;fr;Quel noeud serait à l'origine d'un noeud de cravate très complexe ?;Noeud papillon;Noeud de sangle;Noeud chinois;Noeud de grappin;Débutant;C'est la date de 1904 et la représentation de Madame Butterfly de Puccini qui semble faire consensus chez les historiens.;https://fr.wikipedia.org/wiki/Noeud_papillon
4;fr;Quel noeud, utilisé en chirurgie, maintient un point de suture sous tension ?;Noeud de chirurgien;Noeud de cravate;Noeud de gabier;Noeud de Carrick;Débutant;Simple dérivé du noeud plat, il est également très utilisé pour la pêche en tant que noeud de raccord entre deux matériaux.;https://fr.wikipedia.org/wiki/Noeud_de_chirurgien
5;fr;Quel noeud permet de gréer un palan sans poulies ?;Noeud de palan;Noeud double;Noeud de bois;Noeud de cabestan;Débutant;Le noeud de palan n'est pas vraiment un noeud à proprement parler, mais plutôt un laçage qui circule dans des noeuds existants.;https://fr.wikipedia.org/wiki/Noeud_de_palan
6;fr;Quel noeud non coulant est facile à défaire, même après une forte traction ?;Noeud de chaise;Noeud de lestage;Noeud de traverse;Noeud de ride;Débutant;Toutefois, s'il ne peut être dénoué sous tension, il risque de se dénouer tout seul s'il n'est pas soumis à une tension constante.;https://fr.wikipedia.org/wiki/Noeud_de_chaise
7;fr;Quel noeud américain est utilisable pour joindre deux sangles identiques ?;Noeud de sangle;Noeud en huit;Noeud de croc;Noeud de rosette;Débutant;Il se confectionne par un noeud simple sur un des bouts, et en repassant l'autre bout en sens inverse en doublant le noeud simple.;https://fr.wikipedia.org/wiki/Noeud_de_sangle
8;fr;En Chine, quel noeud est souvent utilisé comme porte-bonheur ?;Noeud chinois;Noeud de chirurgien;Noeud de fouet;Noeud de galère;Débutant;Des découvertes récentes ont montré des aiguilles en os vieilles de 100 000 ans qui auraient été utilisées pour créer ces noeuds.;https://fr.wikipedia.org/wiki/Noeud_chinois
9;fr;Quel noeud se fait entrecroiser les deux bandes de tissu d'une cravate ?;Noeud de cravate;Noeud de gabier;Noeud étrangleur;Noeud carré;Débutant;Sous Louis XIV, la cravate s'agrémente de différents noeuds de rubans multicolores, le Roi Soleil créant la fonction de cravatier.;https://fr.wikipedia.org/wiki/Noeud_de_cravate
10;fr;Quel noeud d'arrêt est aussi appelé noeud entier ou noeud plein ?;Noeud double;Noeud papillon;Noeud de voleur;Noeud de bois;Débutant;En spéléologie, le noeud double est souvent utilisé pour terminer la corde de progression, généralement enkitée (ensachée).;https://fr.wikipedia.org/wiki/Noeud_double
11;fr;Quel noeud, utilisé en matelotage, évite qu'une écoute lâchée ne s'échappe ?;Noeud en huit;Noeud de bois;Noeud de cravate;Noeud de Joséphine;Confirmé;Dans ce cas, une marge de sécurité de vingt centimètres est laissée en cas de glissement du noeud à la suite de secousses.;https://fr.wikipedia.org/wiki/Noeud_en_huit
12;fr;Quel noeud servant à relier deux cordes fut attribué à Edward Hunter ?;Noeud de gabier;Noeud chinois;Noeud de sangle;Noeud de traverse;Confirmé;Le noeud de gabier est de la famille des noeuds de base entrelacés, comme le noeud de Zeppelin ou encore le noeud de Ashley.;https://fr.wikipedia.org/wiki/Noeud_de_gabier
13;fr;Quel noeud de lacet est souvent utilisé pour lacer des chaussures ?;Noeud de rosette;Noeud de Joséphine;Noeud de lestage;Noeud de croc;Confirmé;Variante du noeud plat, il ne glisse pas ni ne se défait tout seul, mais en tirant sur l'une des deux extrémités, il s'ouvrira facilement.;https://fr.wikipedia.org/wiki/Noeud_de_rosette
14;fr;Quel noeud décoratif est utilisé par les scouts pour nouer leurs foulards ?;Noeud carré;Noeud de fouet;Noeud de cabestan;Noeud de lapin;Confirmé;Initialement symbole du scoutisme féminin mondial, l'usage du noeud carré s'est répandu dans toutes les branches du scoutisme.;https://fr.wikipedia.org/wiki/Noeud_carré
15;fr;Quel noeud d'anguille est souvent utilisé par les bûcherons ?;Noeud de bois;Noeud de chaise;Noeud de palan;Noeud étrangleur;Confirmé;Pour qu'il soit sûr, ce noeud doit être exécuté de façon que chacune des torsades forme un angle de 45 degrés avec le tour mort.;https://fr.wikipedia.org/wiki/Noeud_de_bois
16;fr;Quel demi-noeud gansé est simple à réaliser et à défaire ?;Noeud de galère;Noeud de traverse;Noeud de rosette;Noeud de piton;Confirmé;Pouvant être réalisé en milieu de corde, le noeud de galère se dénoue tout seul lorsque ses deux brins sont tirés, grâce à la ganse.;https://fr.wikipedia.org/wiki/Noeud_de_galère
17;fr;Quel noeud de marin est probablement le plus mauvais noeud d'ajut ?;Noeud de voleur;Noeud de grappin;Noeud papillon;Noeud en huit;Confirmé;À l'origine, ce noeud était utilisé par les marins pour fermer leur sac : un voleur qui ouvrirait le sac le refermerait avec un noeud plat.;https://fr.wikipedia.org/wiki/Noeud_de_voleur
18;fr;Quel loisir créatif fut célébré dans une chanson de Sacha Distel ?;Scoubidou;Boogaloo;Macramé;Twister;Confirmé;À l'aide de tuyaux en plastique souple millimétrique, on tresse d'interminables boudins colorés pour en faire des porte-clefs.;https://fr.wikipedia.org/wiki/Scoubidou
19;fr;Quel noeud à usage décoratif est ajusté mais jamais serré ?;Noeud de Joséphine;Noeud de Carrick;Noeud en huit;Noeud de chaise;Confirmé;Les mauvaises langues diront que le noeud de Joséphine est au noeud de carrick comme le noeud de vache est au noeud plat.;https://fr.wikipedia.org/wiki/Noeud_de_Joséphine
20;fr;Quel noeud est connu des scouts sous le nom d'oreilles de Mickey ?;Noeud de cabestan;Noeud de croc;Noeud carré;Noeud de lestage;Confirmé;Le noeud de cabestan est un noeud classique servant à attacher rapidement une corde à une barre fixe (poteau, mat, piquet, ...).;https://fr.wikipedia.org/wiki/Noeud_de_cabestan
21;fr;Quel noeud est utilisé pour attacher une corde à un anneau ?;Noeud de grappin;Noeud de lapin;Noeud de chirurgien;Noeud de gabier;Expert;Pour sécuriser le noeud de grappin, il est complété par deux demi-clefs ou un noeud de chaise pour éviter au noeud de se défaire.;https://fr.wikipedia.org/wiki/Noeud_de_grappin
22;fr;Quel noeud a la particularité d'être coulissant ou fixe à volonté ?;Noeud de fouet;Noeud de sang;Noeud de galère;Noeud chinois;Expert;On peut le faire autour d'une structure solide ou du dormant, réalisant une boucle coulissante de taille variable pouvant coulisser.;https://fr.wikipedia.org/wiki/Noeud_de_fouet
23;fr;Quel noeud comporte un demi-noeud sous un virage à cheval ?;Noeud étrangleur;Noeud de piton;Noeud de ride;Noeud papillon;Expert;Une différence visible est que les extrémités émergent sur les bords extérieurs, plutôt qu'entre les tours comme pour un constricteur.;https://fr.wikipedia.org/wiki/Noeud_étrangleur
24;fr;Quel simple noeud d'accroche est utilisé pour fixer deux objets linéaires ?;Noeud de traverse;Noeud de cabestan;Noeud de sang;Noeud de cravate;Expert;Après avoir été adopté par les boy-scouts pour les constructions, ce noeud fait aujourd'hui le bonheur des amateurs de cerfs-volants.;https://fr.wikipedia.org/wiki/Noeud_de_traverse
25;fr;Quel noeud était confectionné avec les torons du cordage servant de ride ?;Noeud de ride;Noeud de rosette;Noeud de lapin;Noeud de sangle;Expert;Réalisé avec un nombre de brins plus important, il fait un excellent noeud décoratif, par exemple sur une corde de cloche.;https://fr.wikipedia.org/wiki/Noeud_de_ride
26;fr;Quel noeud d'ajut est particulièrement adapté aux câbles épais et fort raides ?;Noeud de Carrick;Noeud carré;Noeud de piton;Noeud double;Expert;Il se défait facilement, même après avoir supporté une charge importante, et même après être resté un certain temps dans l'eau.;https://fr.wikipedia.org/wiki/Noeud_de_Carrick
27;fr;Quel noeud d'amarrage permet de fixer rapidement une corde sur un crochet ?;Noeud de croc;Noeud de bois;Noeud de fouet;Noeud de chirurgien;Expert;Il existe diverses variantes appelés : noeud de croc simple, noeud de croc double, noeud de croc de palan ou encore noeud de griffe.;https://fr.wikipedia.org/wiki/Noeud_de_croc
28;fr;Quelle variante du huit double est utilisée en spéléologie ?;Noeud de lapin;Noeud de galère;Noeud de grappin;Noeud en huit;Expert;Il a tendance à être remplacé par le noeud de fusion, plus facile à défaire après avoir été mis sous tension et plus économe en corde.;https://fr.wikipedia.org/wiki/Noeud_de_lapin
29;fr;Quel noeud est utilisé joindre des sections de ligne en nylon monofilament ?;Noeud de sang;Noeud de galère;Noeud de bois;Noeud de palan;Expert;En pêche à la mouche, en raccordant ainsi plusieurs fils de diamètre différent, le fil présente un diamètre qui diminue progressivement.;https://fr.wikipedia.org/wiki/Blood_knot
30;fr;Quel noeud est souvent confondu avec un bonnet turc réalisé à plat ?;Noeud de piton;Noeud étrangleur;Noeud de Carrick;Noeud de voleur;Expert;Ce nouage est utilisé comme protection sur les navires aux endroits où des poulies ou des éléments durs peuvent venir frapper le bois.;https://fr.wikipedia.org/wiki/Noeud_de_piton
1;en;Which ball-shaped nautical knot is still in use today ?;Monkey fist;Hoist knot;Bowline;Blood Knot;Débutant;Continuous winding of the same rope, the monkey fist is often made around a ball that will give it its shape.;https://en.wikipedia.org/wiki/Monkey's_fist
2;en;What knot is used to weight the end of a rope ?;Weight knot;Thief's Knot;Josephine's Knot;whip knot;Débutant;Easy to make, a ballast knot can easily replace the monkey fist in the realization of a touline apple.;
3;en;Which knot would cause a very complex tie knot ?;Bow tie;Webbing knot;Chinese knot;Grapple Knot;Débutant;It is the date of 1904 and the representation of Madame Butterfly by Puccini that seems to have consensus among historians.;
4;en;Which knot, used in surgery, holds a stitch under tension ?;Surgeon's knot;Tie Knot;Topsman knot;Carrick's Knot;Débutant;Simple derivative of the square knot, it is also widely used for fishing as a connecting knot between two materials.;
5;en;What knot allows you to rig a hoist without pulleys ?;Hoist knot;Double knot;Wood knot;Capstan knot;Débutant;The hoist knot is not really a knot per se, but rather a lacing that runs through existing knots.;
6;en;Which non-slip knot is easy to untie, even after a strong pull ?;Bowline;Weight knot;Traverse knot;Wrinkle Knot;Débutant;However, if it cannot be untied under tension, it risks untying itself if it is not subjected to constant tension.;
7;en;Which American knot can be used to join two identical straps ?;Webbing knot;Figure-of-eight knot;Fang Knot;Rosette Knot;Débutant;It is made with a simple knot on one of the ends, and ironing the other end in the opposite direction, doubling the simple knot.;
8;en;In China, which knot is often used as a lucky charm ?;Chinese knot;Surgeon's knot;whip knot;Galley knot;Débutant;Recent finds have shown 100,000-year-old bone needles believed to have been used to create these knots.;
9;en;What knot intertwine the two strips of fabric of a tie ?;Tie Knot;Topsman knot;Strangler knot;Square knot;Débutant;Under Louis XIV, the tie was embellished with various knots of multicolored ribbons, the Sun King creating the function of tie-maker.;
10;en;Which stopper knot is also called whole knot or full knot ?;Double knot;Bow tie;Thief's Knot;Wood knot;Débutant;In caving, the double knot is often used to terminate the progression rope, generally enkitée (bagged).;
11;en;What knot, used in seamanship, prevents a loose sheet from escaping ?;Figure-of-eight knot;Wood knot;Tie Knot;Josephine's Knot;Confirmé;In this case, a safety margin of twenty centimeters is left in case the knot slips as a result of jerks.;
12;en;Which knot used to connect two ropes was attributed to Edward Hunter ?;Topsman knot;Chinese knot;Webbing knot;Traverse knot;Confirmé;The gabier's knot is from the family of basic interlaced knots, such as the Zeppelin knot or the Ashley knot.;
13;en;Which shoelace knot is often used to tie shoes ?;Rosette Knot;Josephine's Knot;Weight knot;Fang Knot;Confirmé;Variation of the square knot, it does not slip or come undone on its own, but by pulling on one of the two ends, it will open easily.;
14;en;What decorative knot do Scouts use to tie their scarves ?;Square knot;whip knot;Capstan knot;Bunny Knot;Confirmé;Initially a symbol of world female scouting, the use of the square knot has spread to all branches of scouting.;
15;en;Which eel knot is often used by lumberjacks ?;Wood knot;Bowline;Hoist knot;Strangler knot;Confirmé;For it to be secure, this knot must be executed so that each of the twists forms a 45 degree angle with the dead turn.;
16;en;Which braided half knot is easy to tie and untie ?;Galley knot;Traverse knot;Rosette Knot;Peak knot;Confirmé;Can be made in the middle of the rope, the galley knot unties itself when its two strands are pulled, thanks to the braid.;
17;en;Which sailor's knot is probably the worst butt knot ?;Thief's Knot;Grapple Knot;Bow tie;Figure-of-eight knot;Confirmé;Originally, this knot was used by sailors to close their bag : a thief who opened the bag would close it with a square knot.;
18;en;What creative hobby was celebrated in a song by Sacha Distel ?;Scoubidou;Boogaloo;Macrame;Twister;Confirmé;Using millimetric flexible plastic pipes, we braid endless colored sausages to make key rings.;https://en.wikipedia.org/wiki/Scoubidou
19;en;Which decorative knot is snug but never tight ?;Josephine's Knot;Carrick's Knot;Figure-of-eight knot;Bowline;Confirmé;Gossips will say that Josephine's knot is in the carrick knot like the cow's knot is in the flat knot.;
20;en;What knot is known to Boy Scouts as Mickey's ears ?;Capstan knot;Fang Knot;Square knot;Weight knot;Confirmé;The capstan knot is a classic knot used to quickly attach a rope to a fixed bar (post, mast, stake, ...).;
21;en;What knot is used to tie a rope to a ring ?;Grapple Knot;Bunny Knot;Surgeon's knot;Topsman knot;Expert;To secure the grapple knot, it is completed with two half hitches or a bowline to prevent the knot from unraveling.;
22;en;Which knot has the particularity of being sliding or fixed at will ?;whip knot;Blood Knot;Galley knot;Chinese knot;Expert;It can be done around a solid structure or the frame, making a sliding loop of variable size that can slide.;
23;en;Which knot has a half knot under a saddle bend ?;Strangler knot;Peak knot;Wrinkle Knot;Bow tie;Expert;A visible difference is that the ends emerge at the outer edges, rather than between turns as with a constrictor.;
24;en;What simple hook knot is used to fix two linear objects ?;Traverse knot;Capstan knot;Blood Knot;Tie Knot;Expert;After being adopted by boy scouts for construction, this knot is now the delight of kite lovers.;
25;en;What knot was made with the strands of the rope serving as a ride ?;Wrinkle Knot;Rosette Knot;Bunny Knot;Webbing knot;Expert;Made with a larger number of strands, it makes an excellent decorative knot, for example on a bell rope.;
26;en;Which butt knot is particularly suitable for thick and very stiff cables ?;Carrick's Knot;Square knot;Peak knot;Double knot;Expert;It comes apart easily, even after bearing a heavy load, and even after standing in water for a while.;
27;en;Which mooring knot allows you to quickly attach a rope to a hook ?;Fang Knot;Wood knot;whip knot;Surgeon's knot;Expert;There are various variations called : simple croc knot, double croc knot, hoist croc knot or even claw knot.;
28;en;Which variant of the double eight is used in caving ?;Bunny Knot;Galley knot;Grapple Knot;Figure-of-eight knot;Expert;It tends to be replaced by the fusion knot, which is easier to untie after being put under tension and more cord-saving.;
29;en;What knot is used to join sections of monofilament nylon line ?;Blood Knot;Galley knot;Wood knot;Hoist knot;Expert;In fly fishing, by connecting several threads of different diameters in this way, the thread has a diameter which gradually decreases.;https://en.wikipedia.org/wiki/Blood_knot
30;en;Which knot is often mistaken for a Turkish hat made flat ?;Peak knot;Strangler knot;Carrick's Knot;Thief's Knot;Expert;This knot is used as protection on ships where pulleys or hard elements can strike the wood.;
1;de;Welcher kugelförmige Seeknoten wird heute noch verwendet ?;Affenfaust;Hebeknoten;Bowline;Blutknoten;Débutant;Die Affenfaust wird kontinuierlich aus demselben Seil gewickelt und oft um eine Kugel geformt, die ihr ihre Form verleiht.;https://de.wikipedia.org/wiki/Affenfaust
2;de;Mit welchem Knoten wird das Ende eines Seils beschwert ?;Gewichtsknoten;Diebesknoten;Josephines Knoten;Peitschenknoten;Débutant;Ein Ballastknoten ist einfach herzustellen und kann die Affenfaust bei der Herstellung eines Touliné-Apfels leicht ersetzen.;
3;de;Welcher Knoten würde einen sehr komplexen Krawattenknoten verursachen ?;Fliege;Gurtbandknoten;Chinesischer Knoten;Greifknoten;Débutant;Es ist das Datum 1904 und die Darstellung von Madame Butterfly durch Puccini, über die sich die Historiker offenbar einig sind.;
4;de;Welcher in der Chirurgie verwendete Knoten hält eine Naht unter Spannung ?;Chirurgenknoten;Krawattenknoten;Topsman-Knoten;Carricks Knoten;Débutant;Er ist eine einfache Ableitung des Quadratknotens und wird auch häufig beim Angeln als Verbindungsknoten zwischen zwei Materialien verwendet.;
5;de;Mit welchem Knoten lässt sich ein Hebezeug ohne Riemenscheiben befestigen ?;Hebeknoten;Doppelknoten;Holzknoten;Windenknoten;Débutant;Der Hebeknoten ist eigentlich kein Knoten an sich, sondern eine Schnürung, die durch bestehende Knoten verläuft.;
6;de;Welcher rutschfeste Knoten lässt sich auch nach starkem Zug leicht lösen ?;Bowline;Gewichtsknoten;Querknoten;Faltenknoten;Débutant;Wenn es jedoch unter Spannung nicht gelöst werden kann, besteht die Gefahr, dass es sich selbst löst, wenn es nicht ständiger Spannung ausgesetzt ist.;
7;de;Mit welchem amerikanischen Knoten lassen sich zwei identische Riemen verbinden ?;Gurtbandknoten;Achterknoten;Fangknoten;Rosettenknoten;Débutant;Es besteht aus einem einfachen Knoten an einem Ende und dem Bügeln des anderen Endes in die entgegengesetzte Richtung, wodurch der einfache Knoten verdoppelt wird.;
8;de;Welcher Knoten wird in China oft als Glücksbringer verwendet ?;Chinesischer Knoten;Chirurgenknoten;Peitschenknoten;Galeerenknoten;Débutant;Jüngste Funde haben gezeigt, dass 100.000 Jahre alte Knochennadeln vermutlich zur Herstellung dieser Knoten verwendet wurden.;
9;de;Welcher Knoten verbindet die beiden Stoffstreifen einer Krawatte ?;Krawattenknoten;Topsman-Knoten;Würgeknoten;Quadratischer Knoten;Débutant;Unter Ludwig XIV. wurde die Krawatte mit verschiedenen Knoten aus bunten Bändern verziert, wobei der Sonnenkönig die Funktion des Krawattenmachers übernahm.;
10;de;Welcher Stopperknoten wird auch Ganzknoten oder Vollknoten genannt ?;Doppelknoten;Fliege;Diebesknoten;Holzknoten;Débutant;In der Höhlenforschung wird der Doppelknoten häufig zum Abschluss des Fortbewegungsseils verwendet, im Allgemeinen enkitée (verpackt).;
11;de;Welcher in der Seemannschaft verwendete Knoten verhindert, dass ein loses Schot entweicht ?;Achterknoten;Holzknoten;Krawattenknoten;Josephines Knoten;Confirmé;In diesem Fall verbleibt ein Sicherheitsspielraum von zwanzig Zentimetern für den Fall, dass der Knoten durch Stöße abrutscht.;
12;de;Welcher Knoten zur Verbindung zweier Seile wurde Edward Hunter zugeschrieben ?;Topsman-Knoten;Chinesischer Knoten;Gurtbandknoten;Querknoten;Confirmé;Der Gabier-Knoten gehört zur Familie der einfachen Flechtknoten, wie zum Beispiel der Zeppelin-Knoten oder der Ashley-Knoten.;
13;de;Welcher Schnürsenkelknoten wird häufig zum Binden von Schuhen verwendet ?;Rosettenknoten;Josephines Knoten;Gewichtsknoten;Fangknoten;Confirmé;Variation des Quadratknotens, er verrutscht nicht und löst sich nicht von selbst, sondern lässt sich durch Ziehen an einem der beiden Enden leicht öffnen.;
14;de;Welchen Zierknoten verwenden Pfadfinder zum Binden ihrer Schals ?;Quadratischer Knoten;Peitschenknoten;Windenknoten;Hasenknoten;Confirmé;Ursprünglich ein Symbol der weltweiten weiblichen Pfadfinderschaft, hat sich die Verwendung des quadratischen Knotens auf alle Pfadfinderzweige ausgeweitet.;
15;de;Welcher Aalknoten wird oft von Holzfällern verwendet ?;Holzknoten;Bowline;Hebeknoten;Würgeknoten;Confirmé;Damit er sicher ist, muss dieser Knoten so ausgeführt werden, dass jede Drehung einen 45-Grad-Winkel mit der toten Drehung bildet.;
16;de;Welcher geflochtene Halbknoten lässt sich leicht binden und lösen ?;Galeerenknoten;Querknoten;Rosettenknoten;Spitzenknoten;Confirmé;Kann in der Mitte des Seils hergestellt werden, der Galeerenknoten löst sich dank des Geflechts beim Ziehen seiner beiden Stränge von selbst.;
17;de;Welcher Seemannsknoten ist wahrscheinlich der schlechteste Hinternknoten ?;Diebesknoten;Greifknoten;Fliege;Achterknoten;Confirmé;Ursprünglich wurde dieser Knoten von Seeleuten verwendet, um ihre Taschen zu verschließen : Ein Dieb, der die Tasche öffnete, verschloss sie mit einem quadratischen Knoten.;
18;de;Welches kreative Hobby wurde in einem Lied von Sacha Distel gefeiert ?;Scoubidou;Boogaloo;Makramee;Twister;Confirmé;Aus millimetergroßen flexiblen Kunststoffrohren flechten wir endlose bunte Würstchen zu Schlüsselanhängern.;https://de.wikipedia.org/wiki/Scoubidou
19;de;Welcher Zierknoten sitzt fest, aber niemals fest ?;Josephines Knoten;Carricks Knoten;Achterknoten;Bowline;Confirmé;Gerüchte besagen, dass Josephines Knoten im Carrick-Knoten liegt wie der Kuhknoten im Flachknoten.;
20;de;Welcher Knoten ist bei Pfadfindern als Mickys Ohren bekannt ?;Windenknoten;Fangknoten;Quadratischer Knoten;Gewichtsknoten;Confirmé;Der Spillknoten ist ein klassischer Knoten, mit dem ein Seil schnell an einer festen Stange (Pfosten, Mast, Pfahl, ...).;
21;de;Mit welchem Knoten wird ein Seil an einen Ring gebunden ?;Greifknoten;Hasenknoten;Chirurgenknoten;Topsman-Knoten;Expert;Um den Greiferknoten zu sichern, wird er mit zwei halben Schlägen oder einem Palstek vervollständigt, um ein Auflösen des Knotens zu verhindern.;
22;de;Welcher Knoten hat die Besonderheit, dass er nach Belieben verschoben oder fixiert werden kann ?;Peitschenknoten;Blutknoten;Galeerenknoten;Chinesischer Knoten;Expert;Dies kann um eine feste Struktur oder den Rahmen herum erfolgen, wodurch eine verschiebbare Gleitschlaufe variabler Größe entsteht.;
23;de;Welcher Knoten hat einen halben Knoten unter einer Sattelbiegung ?;Würgeknoten;Spitzenknoten;Faltenknoten;Fliege;Expert;Ein sichtbarer Unterschied besteht darin, dass die Enden an den Außenkanten austreten und nicht wie bei einem Constrictor zwischen den Windungen.;
24;de;Mit welchem einfachen Hakenknoten werden zwei lineare Objekte befestigt ?;Querknoten;Windenknoten;Blutknoten;Krawattenknoten;Expert;Nachdem dieser Knoten von Pfadfindern für den Bau übernommen wurde, ist er heute die Freude von Drachenliebhabern.;
25;de;Welcher Knoten wurde mit den Strängen des Seils gemacht, das als Fahrgeschäft diente ?;Faltenknoten;Rosettenknoten;Hasenknoten;Gurtbandknoten;Expert;Mit einer größeren Anzahl von Strängen hergestellt, eignet es sich hervorragend als dekorativer Knoten, beispielsweise an einem Glockenseil.;
26;de;Welcher Stoßknoten eignet sich besonders für dicke und sehr steife Kabel ?;Carricks Knoten;Quadratischer Knoten;Spitzenknoten;Doppelknoten;Expert;Es löst sich leicht, selbst wenn es einer schweren Last ausgesetzt ist und auch wenn es längere Zeit im Wasser steht.;
27;de;Mit welchem Festmacherknoten lässt sich ein Seil schnell an einem Haken befestigen ?;Fangknoten;Holzknoten;Peitschenknoten;Chirurgenknoten;Expert;Es gibt verschiedene Variationen, die als einfacher Krokoknoten, doppelter Krokoknoten, Hebe-Krokodilknoten oder sogar Klauenknoten bezeichnet werden.;
28;de;Welche Variante der Doppelacht wird in der Höhlenforschung verwendet ?;Hasenknoten;Galeerenknoten;Greifknoten;Achterknoten;Expert;Er wird tendenziell durch den Fusionsknoten ersetzt, der nach Belastung leichter zu lösen und schnurschonender ist.;
29;de;Welcher Knoten wird verwendet, um Abschnitte einer monofilen Nylonschnur zu verbinden ?;Blutknoten;Galeerenknoten;Holzknoten;Hebeknoten;Expert;Beim Fliegenfischen wird durch die Verbindung mehrerer Fäden mit unterschiedlichem Durchmesser auf diese Weise erreicht, dass der Fadendurchmesser allmählich abnimmt.;https://de.wikipedia.org/wiki/Blutknoten
30;de;Welcher Knoten wird oft mit einem flach gemachten türkischen Hut verwechselt ?;Spitzenknoten;Würgeknoten;Carricks Knoten;Diebesknoten;Expert;Dieser Knoten dient als Schutz auf Schiffen, wo Rollen oder harte Elemente auf das Holz treffen können.;
1;es;¿Qué nudo náutico en forma de bola todavía se usa hoy en día ?;Puño de mono;Nudo de polipasto;bolina;Nudo de sangre;Débutant;Enrollado continuo de la misma cuerda, el puño de mono se hace a menudo alrededor de una bola que le dará su forma.;https://es.wikipedia.org/wiki/Puño_de_mono
2;es;¿Qué nudo se usa para pesar el extremo de una cuerda ?;Nudo de peso;nudo de ladrón;Nudo de Josefina;nudo de látigo;Débutant;Fácil de hacer, un nudo de lastre puede reemplazar fácilmente el puño de mono en la realización de una manzana touline.;
3;es;¿Qué nudo causaría un nudo de corbata muy complejo ?;Pajarita;Nudo de cincha;nudo chino;Nudo de agarre;Débutant;Es la fecha de 1904 y la representación de Madame Butterfly por Puccini lo que parece tener consenso entre los historiadores.;
4;es;¿Qué nudo, usado en cirugía, mantiene una puntada bajo tensión ?;Nudo de cirujano;nudo de corbata;nudo topsman;Nudo de Carrick;Débutant;Derivado simple del nudo cuadrado, también es muy utilizado para la pesca como nudo de conexión entre dos materiales.;
5;es;¿Qué nudo le permite montar un polipasto sin poleas ?;Nudo de polipasto;Nudo doble;Nudo de madera;Nudo cabrestante;Débutant;El nudo de izar no es realmente un nudo per se, sino más bien un lazo que atraviesa nudos existentes.;
6;es;¿Qué nudo antideslizante es fácil de desatar, incluso después de un fuerte tirón ?;bolina;Nudo de peso;Nudo transversal;nudo arrugado;Débutant;Sin embargo, si no se puede desatar bajo tensión, corre el riesgo de desatarse si no se somete a una tensión constante.;
7;es;¿Qué nudo americano se puede usar para unir dos correas idénticas ?;Nudo de cincha;Nudo en forma de ocho;Nudo de colmillo;Nudo de roseta;Débutant;Se hace con un nudo simple en uno de los extremos, y planchando el otro extremo en sentido contrario, doblando el nudo simple.;
8;es;En China, ¿qué nudo se usa a menudo como amuleto de la suerte ?;nudo chino;Nudo de cirujano;nudo de látigo;Nudo de galera;Débutant;Hallazgos recientes han mostrado agujas de hueso de 100.000 años de antigüedad que se cree que se utilizaron para crear estos nudos.;
9;es;¿Qué nudo entrelazan las dos tiras de tela de una corbata ?;nudo de corbata;nudo topsman;Nudo estrangulador;Nudo cuadrado;Débutant;Bajo Luis XIV, la corbata se embellecía con varios nudos de cintas multicolores, el Rey Sol creaba la función de hacedor de corbatas.;
10;es;¿Qué nudo de tope también se llama nudo completo o nudo completo ?;Nudo doble;Pajarita;nudo de ladrón;Nudo de madera;Débutant;En espeleología, el doble nudo se utiliza a menudo para terminar la cuerda de progresión, generalmente enkitée (en bolsa).;
11;es;¿Qué nudo, usado en la náutica, impide que se escape una escota suelta ?;Nudo en forma de ocho;Nudo de madera;nudo de corbata;Nudo de Josefina;Confirmé;En este caso se deja un margen de seguridad de veinte centímetros por si el nudo se desliza por tirones.;
12;es;¿Qué nudo usado para conectar dos cuerdas se atribuyó a Edward Hunter ?;nudo topsman;nudo chino;Nudo de cincha;Nudo transversal;Confirmé;El nudo gabier pertenece a la familia de los nudos entrelazados básicos, como el nudo Zeppelin o el nudo Ashley.;
13;es;¿Qué nudo de cordón se usa a menudo para atar los zapatos ?;Nudo de roseta;Nudo de Josefina;Nudo de peso;Nudo de colmillo;Confirmé;Variación del nudo cuadrado, no se resbala ni se deshace solo, sino que tirando de uno de los dos extremos se abre fácilmente.;
14;es;¿Qué nudo decorativo usan los Scouts para atar sus bufandas ?;Nudo cuadrado;nudo de látigo;Nudo cabrestante;nudo de conejito;Confirmé;Inicialmente un símbolo del escultismo femenino mundial, el uso del nudo cuadrado se ha extendido a todas las ramas del escultismo.;
15;es;¿Qué nudo de anguila suelen usar los leñadores ?;Nudo de madera;bolina;Nudo de polipasto;Nudo estrangulador;Confirmé;Para que sea seguro, este nudo debe ejecutarse de manera que cada uno de los giros forme un ángulo de 45 grados con el punto muerto.;
16;es;¿Qué medio nudo trenzado es fácil de atar y desatar ?;Nudo de galera;Nudo transversal;Nudo de roseta;Nudo pico;Confirmé;Se puede hacer en medio de la cuerda, el nudo de galera se deshace solo al tirar de sus dos cabos, gracias a la trenza.;
17;es;¿Qué nudo marinero es probablemente el peor nudo a tope ?;nudo de ladrón;Nudo de agarre;Pajarita;Nudo en forma de ocho;Confirmé;Originalmente, este nudo lo usaban los marineros para cerrar su bolsa : un ladrón que abría la bolsa la cerraba con un nudo cuadrado.;
18;es;¿Qué pasatiempo creativo se celebró en una canción de Sacha Distel ?;Scoubidou;Boogaloo;Macramé;tornado;Confirmé;Usando tubos de plástico flexibles milimétricos, trenzamos un sinfín de salchichas de colores para hacer llaveros.;
19;es;¿Qué nudo decorativo queda ajustado pero nunca apretado ?;Nudo de Josefina;Nudo de Carrick;Nudo en forma de ocho;bolina;Confirmé;Los chismosos dirán que el nudo de Josephine está en el nudo de carrick como el nudo de la vaca está en el nudo plano.;
20;es;¿Qué nudo es conocido por los Boy Scouts como las orejas de Mickey ?;Nudo cabrestante;Nudo de colmillo;Nudo cuadrado;Nudo de peso;Confirmé;El nudo cabrestante es un nudo clásico que se utiliza para unir rápidamente una cuerda a una barra fija (poste, mástil, estaca, ...).;
21;es;¿Qué nudo se usa para atar una cuerda a un anillo ?;Nudo de agarre;nudo de conejito;Nudo de cirujano;nudo topsman;Expert;Para asegurar el nudo de la grapa, se completa con dos medios nudos o una bolina para evitar que se deshaga el nudo.;
22;es;¿Qué nudo tiene la particularidad de ser deslizante o fijo a voluntad ?;nudo de látigo;Nudo de sangre;Nudo de galera;nudo chino;Expert;Se puede hacer alrededor de una estructura sólida o del marco, haciendo un lazo deslizante de tamaño variable que puede deslizarse.;
23;es;¿Qué nudo tiene un medio nudo debajo de una curva de silla de montar ?;Nudo estrangulador;Nudo pico;nudo arrugado;Pajarita;Expert;Una diferencia visible es que los extremos emergen en los bordes exteriores, en lugar de entre vueltas como con un constrictor.;
24;es;¿Qué nudo de gancho simple se usa para fijar dos objetos lineales ?;Nudo transversal;Nudo cabrestante;Nudo de sangre;nudo de corbata;Expert;Después de ser adoptado por los boy scouts para la construcción, este nudo es ahora la delicia de los amantes de las cometas.;
25;es;¿Qué nudo se hizo con los hilos de la cuerda que servían de paseo ?;nudo arrugado;Nudo de roseta;nudo de conejito;Nudo de cincha;Expert;Fabricado con un mayor número de hebras, hace un excelente nudo decorativo, por ejemplo, en una cuerda de campana.;
26;es;¿Qué nudo a tope es especialmente adecuado para cables gruesos y muy rígidos ?;Nudo de Carrick;Nudo cuadrado;Nudo pico;Nudo doble;Expert;Se deshace fácilmente, incluso después de soportar una carga pesada, e incluso después de permanecer en el agua durante un tiempo.;
27;es;¿Qué nudo de amarre te permite atar rápidamente una cuerda a un anzuelo ?;Nudo de colmillo;Nudo de madera;nudo de látigo;Nudo de cirujano;Expert;Hay varias variaciones llamadas : nudo de cocodrilo simple, nudo de cocodrilo doble, nudo de cocodrilo de elevación o incluso nudo de garra.;
28;es;¿Qué variante del doble ocho se utiliza en la espeleología ?;nudo de conejito;Nudo de galera;Nudo de agarre;Nudo en forma de ocho;Expert;Suele ser sustituido por el nudo de fusión, que es más fácil de desatar después de ser puesto en tensión y ahorra más cuerda.;
29;es;¿Qué nudo se usa para unir secciones de hilo de nylon monofilamento ?;Nudo de sangre;Nudo de galera;Nudo de madera;Nudo de polipasto;Expert;En la pesca con mosca, al conectar varios hilos de diferentes diámetros de esta manera, el hilo tiene un diámetro que va disminuyendo gradualmente.;https://es.wikipedia.org/wiki/Nudo_barrilito
30;es;¿Qué nudo se confunde a menudo con un sombrero turco plano ?;Nudo pico;Nudo estrangulador;Nudo de Carrick;nudo de ladrón;Expert;Este nudo se utiliza como protección en barcos donde poleas o elementos duros pueden golpear la madera.;
1;it;Quale nodo nautico a forma di palla è ancora in uso oggi ?;Pugno di scimmia;Nodo di sollevamento;bolina;Nodo di sangue;Débutant;Avvolgimento continuo della stessa corda, il pugno di scimmia è spesso realizzato attorno a una palla che gli darà la forma.;
2;it;Quale nodo si usa per appesantire l'estremità di una corda ?;Peso nodo;Nodo del ladro;Nodo di Josephine;nodo frusta;Débutant;Facile da realizzare, un nodo di zavorra può tranquillamente sostituire il pugno di scimmia nella realizzazione di una mela touline.;
3;it;Quale nodo causerebbe un nodo alla cravatta molto complesso ?;Papillon;Nodo fettuccia;Nodo cinese;Rampino Nodo;Débutant;È la data del 1904 e la rappresentazione della Madama Butterfly di Puccini che sembra avere consensi tra gli storici.;
4;it;Quale nodo, utilizzato in chirurgia, tiene in tensione un punto ?;Nodo del chirurgo;Cravatta Nodo;Nodo Topsman;Nodo di Carrick;Débutant;Semplice derivato del nodo quadro, è molto utilizzato anche per la pesca come nodo di congiunzione tra due materiali.;
5;it;Quale nodo ti permette di montare un paranco senza carrucole ?;Nodo di sollevamento;Doppio nodo;Nodo di legno;Nodo argano;Débutant;Il nodo di sollevamento non è in realtà un nodo in sé, ma piuttosto un'allacciatura che attraversa i nodi esistenti.;
6;it;Quale nodo antiscivolo è facile da sciogliere, anche dopo una forte trazione ?;bolina;Peso nodo;Nodo trasversale;Nodo antirughe;Débutant;Tuttavia, se non può essere slegato sotto tensione, rischia di slegarsi se non è sottoposto a una tensione costante.;
7;it;Quale nodo americano può essere utilizzato per unire due cinghie identiche ?;Nodo fettuccia;Nodo a otto;Nodo di zanna;Nodo a rosetta;Débutant;Si fa con un nodo semplice su una delle estremità, e stirando l'altra estremità in senso contrario, raddoppiando il nodo semplice.;
8;it;In Cina, quale nodo viene spesso utilizzato come portafortuna ?;Nodo cinese;Nodo del chirurgo;nodo frusta;Nodo di cambusa;Débutant;Recenti ritrovamenti hanno mostrato aghi ossei di 100.000 anni che si ritiene siano stati usati per creare questi nodi.;
9;it;Quale nodo intrecciano le due strisce di tessuto di una cravatta ?;Cravatta Nodo;Nodo Topsman;Nodo strangolatore;Nodo quadrato;Débutant;Sotto Luigi XIV la cravatta fu abbellita con vari nodi di nastri multicolori, il Re Sole creò la funzione di cravattere.;
10;it;Quale nodo stopper è anche chiamato nodo intero o nodo pieno ?;Doppio nodo;Papillon;Nodo del ladro;Nodo di legno;Débutant;In speleologia, il doppio nodo è spesso utilizzato per terminare la corda di progressione, generalmente enkitée (insaccato).;
11;it;Quale nodo, usato nella navigazione, impedisce la fuoriuscita di un lenzuolo sciolto ?;Nodo a otto;Nodo di legno;Cravatta Nodo;Nodo di Josephine;Confirmé;In questo caso viene lasciato un margine di sicurezza di venti centimetri nel caso in cui il nodo scivoli a causa degli strappi.;
12;it;Quale nodo utilizzato per unire due corde è stato attribuito a Edward Hunter ?;Nodo Topsman;Nodo cinese;Nodo fettuccia;Nodo trasversale;Confirmé;Il nodo del gabier appartiene alla famiglia dei nodi intrecciati di base, come il nodo Zeppelin o il nodo Ashley.;
13;it;Quale nodo del laccio viene spesso utilizzato per allacciare le scarpe ?;Nodo a rosetta;Nodo di Josephine;Peso nodo;Nodo di zanna;Confirmé;Variante del nodo quadro, non scivola e non si scioglie da solo, ma tirando una delle due estremità si aprirà facilmente.;
14;it;Quale nodo decorativo usano gli scout per annodare le loro sciarpe ?;Nodo quadrato;nodo frusta;Nodo argano;Nodo coniglietto;Confirmé;Inizialmente simbolo dello scoutismo femminile mondiale, l'uso del nodo quadro si è diffuso in tutti i rami dello scoutismo.;
15;it;Quale nodo di anguilla viene spesso utilizzato dai boscaioli ?;Nodo di legno;bolina;Nodo di sollevamento;Nodo strangolatore;Confirmé;Perché sia sicuro, questo nodo deve essere eseguito in modo che ciascuna delle torsioni formi un angolo di 45 gradi con il giro morto.;
16;it;Quale mezzo nodo intrecciato è facile da annodare e sciogliere ?;Nodo di cambusa;Nodo trasversale;Nodo a rosetta;Nodo di picco;Confirmé;Realizzabile a metà della corda, il nodo della cambusa si scioglie quando si tirano i suoi due capi, grazie alla treccia.;
17;it;Quale nodo da marinaio è probabilmente il peggior nodo del sedere ?;Nodo del ladro;Rampino Nodo;Papillon;Nodo a otto;Confirmé;In origine questo nodo serviva ai marinai per chiudere la borsa : un ladro che apriva la borsa la chiudeva con un nodo quadrato.;
18;it;Quale hobby creativo è stato celebrato in una canzone di Sacha Distel ?;Scoubidou;Boogaloo;Macramè;Twister;Confirmé;Utilizzando tubi di plastica flessibili millimetrici, intrecciamo infiniti salsicce colorate per realizzare portachiavi.;https://it.wikipedia.org/wiki/Scoubidou
19;it;Quale nodo decorativo è aderente ma mai stretto ?;Nodo di Josephine;Nodo di Carrick;Nodo a otto;bolina;Confirmé;I pettegolezzi diranno che il nodo di Josephine è nel nodo carrick come il nodo della mucca è nel nodo piatto.;
20;it;Quale nodo è noto ai boy scout come le orecchie di Topolino ?;Nodo argano;Nodo di zanna;Nodo quadrato;Peso nodo;Confirmé;Il nodo cabestano è un classico nodo utilizzato per fissare velocemente una corda ad una barra fissa (palo, palo, palo, ...).;
21;it;Quale nodo si usa per legare una corda a un anello ?;Rampino Nodo;Nodo coniglietto;Nodo del chirurgo;Nodo Topsman;Expert;Per fissare il nodo del rampino, si completa con due mezzi intoppi o una bolina per evitare che il nodo si srotoli.;
22;it;Quale nodo ha la particolarità di essere scorrevole o fisso a piacere ?;nodo frusta;Nodo di sangue;Nodo di cambusa;Nodo cinese;Expert;Si può fare attorno ad una struttura solida o al telaio, realizzando un anello scorrevole di dimensioni variabili che può scorrere.;
23;it;Quale nodo ha un mezzo nodo sotto una curva a sella ?;Nodo strangolatore;Nodo di picco;Nodo antirughe;Papillon;Expert;Una differenza visibile è che le estremità emergono ai bordi esterni, piuttosto che tra le spire come con un constrictor.;
24;it;Quale semplice nodo a uncino viene utilizzato per fissare due oggetti lineari ?;Nodo trasversale;Nodo argano;Nodo di sangue;Cravatta Nodo;Expert;Dopo essere stato adottato dai boy scout per la costruzione, questo nodo è ora la gioia degli amanti degli aquiloni.;
25;it;Quale nodo è stato fatto con i trefoli della corda che servivano da giostra ?;Nodo antirughe;Nodo a rosetta;Nodo coniglietto;Nodo fettuccia;Expert;Realizzato con un numero maggiore di fili, costituisce un ottimo nodo decorativo, ad esempio su un cordone a campana.;
26;it;Quale nodo di testa è particolarmente adatto per cavi spessi e molto rigidi ?;Nodo di Carrick;Nodo quadrato;Nodo di picco;Doppio nodo;Expert;Si smonta facilmente, anche dopo aver sopportato un carico pesante e anche dopo essere rimasto in acqua per un po'.;
27;it;Quale nodo di ormeggio ti consente di fissare rapidamente una cima a un gancio ?;Nodo di zanna;Nodo di legno;nodo frusta;Nodo del chirurgo;Expert;Esistono varie varianti chiamate : nodo coccodrillo semplice, nodo coccodrillo doppio, nodo coccodrillo o anche nodo artiglio.;
28;it;Quale variante del doppio otto si usa in speleologia ?;Nodo coniglietto;Nodo di cambusa;Rampino Nodo;Nodo a otto;Expert;Tende a essere sostituito dal nodo di fusione, che è più facile da sciogliere dopo essere stato messo in tensione e consente di risparmiare più cordone.;
29;it;Quale nodo viene utilizzato per unire sezioni di filo di nylon monofilamento ?;Nodo di sangue;Nodo di cambusa;Nodo di legno;Nodo di sollevamento;Expert;Nella pesca a mosca, unendo in questo modo più fili di diverso diametro, il filo ha un diametro che va via via diminuendo.;
30;it;Quale nodo viene spesso scambiato per un cappello turco fatto piatto ?;Nodo di picco;Nodo strangolatore;Nodo di Carrick;Nodo del ladro;Expert;Questo nodo viene utilizzato come protezione sulle navi dove pulegge o elementi duri possono colpire il legno.;
1;nl;Welke bolvormige nautische knoop wordt nog steeds gebruikt ?;Apenvuist;Hijsknoop;Boelijn;Bloedknoop;Débutant;Continu opwinden van hetzelfde touw, de apenvuist wordt vaak gemaakt rond een bal die het zijn vorm zal geven.;https://nl.wikipedia.org/wiki/Apenvuist
2;nl;Welke knoop wordt gebruikt om het uiteinde van een touw te verzwaren ?;Gewicht knoop;Dievenknoop;Josephines knoop;zweepknoop;Débutant;Eenvoudig te maken, een ballastknoop kan gemakkelijk de apenvuist vervangen bij de realisatie van een touline-appel.;
3;nl;Welke knoop zou een zeer complexe stropdasknoop veroorzaken ?;Vlinderdas;Webbing knoop;Chinese knoop;Grijpknoop;Débutant;Het is de datum van 1904 en de weergave van Madame Butterfly door Puccini waarover onder historici overeenstemming lijkt te bestaan.;
4;nl;Welke knoop, gebruikt bij operaties, houdt een steek onder spanning ?;Chirurgische knoop;Stropdas knoop;Topsman knoop;Carrick's knoop;Débutant;Simpele afgeleide van de vierkante knoop, het wordt ook veel gebruikt voor vissen als verbindingsknoop tussen twee materialen.;
5;nl;Met welke knoop kun je een takel zonder katrollen optuigen ?;Hijsknoop;Dubbele knoop;Houten knoop;Kaapstander knoop;Débutant;De hijsknoop is eigenlijk geen knoop op zich, maar eerder een veter die door bestaande knopen loopt.;
6;nl;Welke antislipknoop is gemakkelijk los te maken, zelfs na stevig trekken ?;Boelijn;Gewicht knoop;Dwarsknoop;Rimpelknoop;Débutant;Als het echter niet onder spanning kan worden losgemaakt, loopt het het risico zichzelf los te maken als het niet constant onder spanning staat.;
7;nl;Welke Amerikaanse knoop kan worden gebruikt om twee identieke banden met elkaar te verbinden ?;Webbing knoop;Achtknoop;Hoektand;Rozetknoop;Débutant;Het is gemaakt met een eenvoudige knoop aan een van de uiteinden en het andere uiteinde in de tegenovergestelde richting strijken, waardoor de eenvoudige knoop wordt verdubbeld.;
8;nl;Welke knoop wordt in China vaak als geluksbrenger gebruikt ?;Chinese knoop;Chirurgische knoop;zweepknoop;Drukknoop;Débutant;Recente vondsten hebben aangetoond dat 100.000 jaar oude botnaalden zijn gebruikt om deze knopen te maken.;
9;nl;Welke knoop verstrengelt de twee stroken stof van een stropdas ?;Stropdas knoop;Topsman knoop;Strangler knoop;Vierkante knoop;Débutant;Onder Lodewijk XIV werd de stropdas verfraaid met verschillende knopen van veelkleurige linten, waarbij de Zonnekoning de functie van stropdasmaker creëerde.;
10;nl;Welke stopknoop wordt ook wel hele knoop of volle knoop genoemd ?;Dubbele knoop;Vlinderdas;Dievenknoop;Houten knoop;Débutant;Bij speleologie wordt de dubbele knoop vaak gebruikt om het voortgangstouw te beëindigen, meestal enkitée (in zakken gedaan).;
11;nl;Welke knoop, gebruikt in de zeevaart, verhindert dat een los laken ontsnapt ?;Achtknoop;Houten knoop;Stropdas knoop;Josephines knoop;Confirmé;In dit geval blijft er een veiligheidsmarge van twintig centimeter over voor het geval de knoop door schokken losraakt.;
12;nl;Welke knoop die gebruikt werd om twee touwen te verbinden werd toegeschreven aan Edward Hunter ?;Topsman knoop;Chinese knoop;Webbing knoop;Dwarsknoop;Confirmé;De knoop van de gabier komt uit de familie van fundamentele dooreengevlochten knopen, zoals de Zeppelin-knoop of de Ashley-knoop.;
13;nl;Welke schoenveterknoop wordt vaak gebruikt om schoenen te strikken ?;Rozetknoop;Josephines knoop;Gewicht knoop;Hoektand;Confirmé;Variatie op de vierkante knoop, hij glijdt niet weg of komt niet vanzelf los, maar door aan een van de twee uiteinden te trekken, gaat hij gemakkelijk open.;
14;nl;Welke decoratieve knoop gebruiken Scouts om hun sjaals te knopen ?;Vierkante knoop;zweepknoop;Kaapstander knoop;Konijnenknoop;Confirmé;Aanvankelijk een symbool van wereldwijde vrouwelijke scouting, heeft het gebruik van de vierkante knoop zich verspreid naar alle takken van scouting.;
15;nl;Welke palingknoop wordt vaak gebruikt door houthakkers ?;Houten knoop;Boelijn;Hijsknoop;Strangler knoop;Confirmé;Om veilig te zijn, moet deze knoop zo worden uitgevoerd dat elk van de wendingen een hoek van 45 graden vormt met de dode bocht.;
16;nl;Welke gevlochten halve knoop is makkelijk te knopen en los te maken ?;Drukknoop;Dwarsknoop;Rozetknoop;Piek knoop;Confirmé;Kan in het midden van het touw worden gemaakt, de kombuisknoop maakt zichzelf los wanneer aan de twee strengen wordt getrokken, dankzij de vlecht.;
17;nl;Welke zeemansknoop is waarschijnlijk de slechtste knoop ?;Dievenknoop;Grijpknoop;Vlinderdas;Achtknoop;Confirmé;Oorspronkelijk werd deze knoop door zeelieden gebruikt om hun tas te sluiten : een dief die de tas opende, sloot hem met een vierkante knoop.;
18;nl;Welke creatieve hobby werd gevierd in een lied van Sacha Distel ?;Scoubidou;Boogaloo;Macramé;Verdraaier;Confirmé;Met behulp van millimeter flexibele plastic buizen vlechten we eindeloos gekleurde worstjes om sleutelhangers van te maken.;https://nl.wikipedia.org/wiki/Scoubidou
19;nl;Welke decoratieve knoop is knus maar nooit strak ?;Josephines knoop;Carrick's knoop;Achtknoop;Boelijn;Confirmé;Roddels zullen zeggen dat de knoop van Josephine in de kartelknoop zit zoals de knoop van de koe in de platte knoop.;
20;nl;Welke knoop staat bij padvinders bekend als Mickey's oren ?;Kaapstander knoop;Hoektand;Vierkante knoop;Gewicht knoop;Confirmé;De kaapstanderknoop is een klassieke knoop die wordt gebruikt om snel een touw aan een vaste staaf (paal, mast, paal, ...).;
21;nl;Welke knoop wordt gebruikt om een touw aan een ring te binden ?;Grijpknoop;Konijnenknoop;Chirurgische knoop;Topsman knoop;Expert;Om de grijpknoop vast te zetten, wordt deze aangevuld met twee halve steken of een paalsteek om te voorkomen dat de knoop losraakt.;
22;nl;Welke knoop heeft de bijzonderheid om naar believen te glijden of te fixeren ?;zweepknoop;Bloedknoop;Drukknoop;Chinese knoop;Expert;Het kan rond een stevige structuur of het frame worden gedaan, waardoor een glijdende lus van variabele grootte ontstaat die kan schuiven.;
23;nl;Welke knoop heeft een halve knoop onder een zadelbocht ?;Strangler knoop;Piek knoop;Rimpelknoop;Vlinderdas;Expert;Een zichtbaar verschil is dat de uiteinden aan de buitenranden verschijnen, in plaats van tussen windingen zoals bij een constrictor.;
24;nl;Welke eenvoudige haakknoop wordt gebruikt om twee lineaire objecten vast te zetten ?;Dwarsknoop;Kaapstander knoop;Bloedknoop;Stropdas knoop;Expert;Na door padvinders te zijn geadopteerd voor de bouw, is deze knoop nu een lust voor vliegerliefhebbers.;
25;nl;Welke knoop werd gemaakt met de strengen van het touw die als rit dienden ?;Rimpelknoop;Rozetknoop;Konijnenknoop;Webbing knoop;Expert;Gemaakt met een groter aantal strengen, maakt het een uitstekende decoratieve knoop, bijvoorbeeld op een beltouw.;
26;nl;Welke stompe knoop is bijzonder geschikt voor dikke en zeer stijve kabels ?;Carrick's knoop;Vierkante knoop;Piek knoop;Dubbele knoop;Expert;Het valt gemakkelijk uit elkaar, zelfs na een zware belasting en zelfs na een tijdje in water te hebben gestaan.;
27;nl;Met welke meerknoop bevestig je snel een touw aan een haak ?;Hoektand;Houten knoop;zweepknoop;Chirurgische knoop;Expert;Er zijn verschillende variaties genaamd : eenvoudige krokodillenknoop, dubbele krokodillenknoop, hijskrokodil of zelfs klauwknoop.;
28;nl;Welke variant van de dubbele acht wordt gebruikt bij speleologie ?;Konijnenknoop;Drukknoop;Grijpknoop;Achtknoop;Expert;Het wordt meestal vervangen door de fusieknoop, die gemakkelijker los te maken is nadat hij onder spanning is gezet en meer snoerbesparend is.;
29;nl;Welke knoop wordt gebruikt om secties van monofilament nylonlijn met elkaar te verbinden ?;Bloedknoop;Drukknoop;Houten knoop;Hijsknoop;Expert;Door op deze manier meerdere draden van verschillende diameters met elkaar te verbinden, krijgt de draad bij het vliegvissen een diameter die geleidelijk afneemt.;
30;nl;Welke knoop wordt vaak verward met een plat gemaakte Turkse hoed ?;Piek knoop;Strangler knoop;Carrick's knoop;Dievenknoop;Expert;Deze knoop wordt gebruikt als bescherming op schepen waar katrollen of harde elementen het hout kunnen raken.;
